Unnamed: 0;№ п/п;Наименование проекта;ID проекта;Название сценария;Промт (вопрос);Промт (ответ);Слои (ответ) (*здесь краткое описание о спецификации содержимого в слое +файлы geojson (СК epsg:4326);Ссылка на облако;Unnamed: 8;scenario_id;122;service_names;phys_names
6;5;Город Канск;716;Исходный;Покажи процент жилых домов, находящихся в радиусе 500 метров от аптек, чтобы оценить обеспеченность населения базовыми медицинскими сервисами и понять уровень доступности фармацевтической инфраструктуры.;В рамках анализа проекта Город Канск выявлено, что 28.82% жилых домов находятся в зоне доступности аптек, что указывает на ограниченную обеспеченность населения данным видом медицинского сервиса.;1 - слой с жилыми домами, 2 - слой с аптеками, учитывающий буфер 500 метров вокруг каждого из объектов.;https://disk.yandex.ru/client/disk/%D0%90_%D0%A8_%D0%9F%D1%80%D0%BE%D1%81%D1%82%D0%BE%D1%80/%D0%93%D0%BE%D1%80%D0%BE%D0%B4%20%D0%9A%D0%B0%D0%BD%D1%81%D0%BA%20(%D1%82%D0%B5%D1%81%D1%82)%20(1)/%D0%93%D0%BE%D1%80%D0%BE%D0%B4%20%D0%9A%D0%B0%D0%BD%D1%81%D0%BA%20(%D1%82%D0%B5%D1%81%D1%82)_%D0%90%D0%BF%D1%82%D0%B5%D0%BA%D0%B0;Проверено;953;;Парк, Детский сад, Школа, Учреждение среднего профессионального образования, Поликлиника, Стоматологическая клиника, Аптека, Больница, Библиотека, Театр, Кинотеатр, Кафе, Ресторан, Бар, Булочная, Полицейский участок, Железнодорожная станция, Железнодорожный вокзал, Автозаправочная станция, Парковка, Остановка наземного общественного транспорта, Супермаркет, Продукты (магазин у дома), Хозяйственные товары, Книжный магазин, Спортивный магазин, Почтовое отделение, Отделение банка, Банкомат, Парикмахерская, Ветеринарная клиника, Зоомагазин, Гостиница, База отдыха, Памятник, Религиозный объект, Кладбище;Рекреационная зона, Зеленая зона, Жилой дом, Нежилое здание, Автозаправочная станция, Памятник, Остановка наземного общественного транспорта, Кладбище, Электрическая подстанция, Парковка, Линия электропередачи, Электростанция, Железнодорожная станция, Водонапорная башня, Промышленная территория, Река, Озеро, Необрабатываемое поле, Травяное покрытие, Лес, Полигон ТБО, Федеральная дорога, Зеленая зона, Линия электропередачи, Река, Необрабатываемое поле
7;6;Город Канск;716;Исходный;Определи являются ли библиотеки доступными для большинства жилых домов с учётом радиуса 1000 метров?;Да, потому что в зоне доступности находится 1064 жилых дома, что указывает на высокий уровень обеспеченности.;1 - слой с жилыми домами, 2 - слой с библиотеками, учитывающий буфер 1000 метров вокруг каждого из объектов.;https://disk.yandex.ru/client/disk/%D0%90_%D0%A8_%D0%9F%D1%80%D0%BE%D1%81%D1%82%D0%BE%D1%80/%D0%93%D0%BE%D1%80%D0%BE%D0%B4%20%D0%9A%D0%B0%D0%BD%D1%81%D0%BA%20(%D1%82%D0%B5%D1%81%D1%82)%20(1)/%D0%93%D0%BE%D1%80%D0%BE%D0%B4%20%D0%9A%D0%B0%D0%BD%D1%81%D0%BA%20(%D1%82%D0%B5%D1%81%D1%82)_%D0%91%D0%B8%D0%B1%D0%BB%D0%B8%D0%BE%D1%82%D0%B5%D0%BA%D0%B0;Проверено;953;;Парк, Детский сад, Школа, Учреждение среднего профессионального образования, Поликлиника, Стоматологическая клиника, Аптека, Больница, Библиотека, Театр, Кинотеатр, Кафе, Ресторан, Бар, Булочная, Полицейский участок, Железнодорожная станция, Железнодорожный вокзал, Автозаправочная станция, Парковка, Остановка наземного общественного транспорта, Супермаркет, Продукты (магазин у дома), Хозяйственные товары, Книжный магазин, Спортивный магазин, Почтовое отделение, Отделение банка, Банкомат, Парикмахерская, Ветеринарная клиника, Зоомагазин, Гостиница, База отдыха, Памятник, Религиозный объект, Кладбище;Рекреационная зона, Зеленая зона, Жилой дом, Нежилое здание, Автозаправочная станция, Памятник, Остановка наземного общественного транспорта, Кладбище, Электрическая подстанция, Парковка, Линия электропередачи, Электростанция, Железнодорожная станция, Водонапорная башня, Промышленная территория, Река, Озеро, Необрабатываемое поле, Травяное покрытие, Лес, Полигон ТБО, Федеральная дорога, Зеленая зона, Линия электропередачи, Река, Необрабатываемое поле
8;7;Город Канск;716;Исходный;Определи являются ли кафе доступными для большинства жилых домов с учётом радиуса 500 метров?;Да, потому что в зоне доступности находится 255 жилых домов, что говорит о достаточном уровне обеспеченности.;1 - слой с жилыми домами, 2 - слой с кафе, учитывающий буфер 500 метров вокруг каждого из объектов.;https://disk.yandex.ru/client/disk/%D0%90_%D0%A8_%D0%9F%D1%80%D0%BE%D1%81%D1%82%D0%BE%D1%80/%D0%93%D0%BE%D1%80%D0%BE%D0%B4%20%D0%9A%D0%B0%D0%BD%D1%81%D0%BA%20(%D1%82%D0%B5%D1%81%D1%82)%20(1)/%D0%93%D0%BE%D1%80%D0%BE%D0%B4%20%D0%9A%D0%B0%D0%BD%D1%81%D0%BA%20(%D1%82%D0%B5%D1%81%D1%82)_%D0%9A%D0%B0%D1%84%D0%B5;Проверено;953;;Парк, Детский сад, Школа, Учреждение среднего профессионального образования, Поликлиника, Стоматологическая клиника, Аптека, Больница, Библиотека, Театр, Кинотеатр, Кафе, Ресторан, Бар, Булочная, Полицейский участок, Железнодорожная станция, Железнодорожный вокзал, Автозаправочная станция, Парковка, Остановка наземного общественного транспорта, Супермаркет, Продукты (магазин у дома), Хозяйственные товары, Книжный магазин, Спортивный магазин, Почтовое отделение, Отделение банка, Банкомат, Парикмахерская, Ветеринарная клиника, Зоомагазин, Гостиница, База отдыха, Памятник, Религиозный объект, Кладбище;Рекреационная зона, Зеленая зона, Жилой дом, Нежилое здание, Автозаправочная станция, Памятник, Остановка наземного общественного транспорта, Кладбище, Электрическая подстанция, Парковка, Линия электропередачи, Электростанция, Железнодорожная станция, Водонапорная башня, Промышленная территория, Река, Озеро, Необрабатываемое поле, Травяное покрытие, Лес, Полигон ТБО, Федеральная дорога, Зеленая зона, Линия электропередачи, Река, Необрабатываемое поле
9;8;Город Канск;716;Исходный;Покажи процент жилых домов, находящихся в радиусе 1000 метров от поликлиник, чтобы оценить уровень доступности медицинских учреждений для населения.;В рамках анализа проекта Город Канск выявлено, что 38.43% жилых домов обеспечены доступом к поликлиникам, что указывает на частичную обеспеченность медицинской инфраструктурой.;1 - слой с жилыми домами, 2 - слой с поликлиниками, учитывающий буфер 1000 метров вокруг каждого из объектов.;https://disk.yandex.ru/client/disk/%D0%90_%D0%A8_%D0%9F%D1%80%D0%BE%D1%81%D1%82%D0%BE%D1%80/%D0%93%D0%BE%D1%80%D0%BE%D0%B4%20%D0%9A%D0%B0%D0%BD%D1%81%D0%BA%20(%D1%82%D0%B5%D1%81%D1%82)%20(1)/%D0%93%D0%BE%D1%80%D0%BE%D0%B4%20%D0%9A%D0%B0%D0%BD%D1%81%D0%BA%20(%D1%82%D0%B5%D1%81%D1%82)_%D0%9F%D0%BE%D0%BB%D0%B8%D0%BA%D0%BB%D0%B8%D0%BD%D0%B8%D0%BA%D0%B0;Проверено;953;;Парк, Детский сад, Школа, Учреждение среднего профессионального образования, Поликлиника, Стоматологическая клиника, Аптека, Больница, Библиотека, Театр, Кинотеатр, Кафе, Ресторан, Бар, Булочная, Полицейский участок, Железнодорожная станция, Железнодорожный вокзал, Автозаправочная станция, Парковка, Остановка наземного общественного транспорта, Супермаркет, Продукты (магазин у дома), Хозяйственные товары, Книжный магазин, Спортивный магазин, Почтовое отделение, Отделение банка, Банкомат, Парикмахерская, Ветеринарная клиника, Зоомагазин, Гостиница, База отдыха, Памятник, Религиозный объект, Кладбище;Рекреационная зона, Зеленая зона, Жилой дом, Нежилое здание, Автозаправочная станция, Памятник, Остановка наземного общественного транспорта, Кладбище, Электрическая подстанция, Парковка, Линия электропередачи, Электростанция, Железнодорожная станция, Водонапорная башня, Промышленная территория, Река, Озеро, Необрабатываемое поле, Травяное покрытие, Лес, Полигон ТБО, Федеральная дорога, Зеленая зона, Линия электропередачи, Река, Необрабатываемое поле
10;9;Город Канск;716;Исходный;Покажи процент жилых домов, находящихся в радиусе 500 метров от школ, чтобы оценить доступность образовательной инфраструктуры для жителей.;В рамках анализа проекта Город Канск выявлено, что 58.58% жилых домов находятся в зоне доступности школ, что говорит о среднем уровне обеспеченности образовательными учреждениями.;1 - слой с жилыми домами, 2 - слой с школами, учитывающий буфер 500 метров вокруг каждого из объектов.;https://disk.yandex.ru/client/disk/%D0%90_%D0%A8_%D0%9F%D1%80%D0%BE%D1%81%D1%82%D0%BE%D1%80/%D0%93%D0%BE%D1%80%D0%BE%D0%B4%20%D0%9A%D0%B0%D0%BD%D1%81%D0%BA%20(%D1%82%D0%B5%D1%81%D1%82)%20(1)/%D0%93%D0%BE%D1%80%D0%BE%D0%B4%20%D0%9A%D0%B0%D0%BD%D1%81%D0%BA%20(%D1%82%D0%B5%D1%81%D1%82)_%D1%88%D0%BA%D0%BE%D0%BB%D0%B0;Проверено;953;;Парк, Детский сад, Школа, Учреждение среднего профессионального образования, Поликлиника, Стоматологическая клиника, Аптека, Больница, Библиотека, Театр, Кинотеатр, Кафе, Ресторан, Бар, Булочная, Полицейский участок, Железнодорожная станция, Железнодорожный вокзал, Автозаправочная станция, Парковка, Остановка наземного общественного транспорта, Супермаркет, Продукты (магазин у дома), Хозяйственные товары, Книжный магазин, Спортивный магазин, Почтовое отделение, Отделение банка, Банкомат, Парикмахерская, Ветеринарная клиника, Зоомагазин, Гостиница, База отдыха, Памятник, Религиозный объект, Кладбище;Рекреационная зона, Зеленая зона, Жилой дом, Нежилое здание, Автозаправочная станция, Памятник, Остановка наземного общественного транспорта, Кладбище, Электрическая подстанция, Парковка, Линия электропередачи, Электростанция, Железнодорожная станция, Водонапорная башня, Промышленная территория, Река, Озеро, Необрабатываемое поле, Травяное покрытие, Лес, Полигон ТБО, Федеральная дорога, Зеленая зона, Линия электропередачи, Река, Необрабатываемое поле
11;10;Город Лесосибирск;718;Исходный;Покажи процент жилых домов, находящихся в радиусе 500 метров от аптек, чтобы оценить доступность фармацевтических услуг для населения.;В рамках анализа проекта Город Лесосибирск выявлено, что только 4.96% жилых домов обеспечены доступом к аптекам, что указывает на крайне низкую обеспеченность населения данным сервисом.;1 - слой с жилыми домами, 2 - слой с аптеками, учитывающий буфер 500 метров вокруг каждого из объектов.;https://disk.yandex.ru/client/disk/%D0%90_%D0%A8_%D0%9F%D1%80%D0%BE%D1%81%D1%82%D0%BE%D1%80/%D0%93%D0%BE%D1%80%D0%BE%D0%B4%20%D0%9B%D0%B5%D1%81%D0%BE%D1%81%D0%B8%D0%B1%D0%B8%D1%80%D1%81%D0%BA%20(%D1%82%D0%B5%D1%81%D1%82)/%D0%93%D0%BE%D1%80%D0%BE%D0%B4%20%D0%9B%D0%B5%D1%81%D0%BE%D1%81%D0%B8%D0%B1%D0%B8%D1%80%D1%81%D0%BA%20(%D1%82%D0%B5%D1%81%D1%82)_%D0%90%D0%BF%D1%82%D0%B5%D0%BA%D0%B0;Проверено;954;;Парк, Детский сад, Школа, Учреждение среднего профессионального образования, Поликлиника, Стоматологическая клиника, Аптека, Больница, Центр занятости населения, Библиотека, Дворец культуры, Музей, Театр, Кафе, Ресторан, Бар, Полицейский участок, Пожарная станция, Железнодорожная станция, Железнодорожный вокзал, Автозаправочная станция, Парковка, Остановка наземного общественного транспорта, Супермаркет, Продукты (магазин у дома), Книжный магазин, Спортивный магазин, Почтовое отделение, Отделение банка, Банкомат, Юридические услуги, Салон красоты, Гостиница, Памятник, Кладбище;Рекреационная зона, Водный объект, Зеленая зона, Жилой дом, Нежилое здание, Автозаправочная станция, Памятник, Остановка наземного общественного транспорта, Кладбище, Парковка, Линия электропередачи, Железнодорожная станция, Промышленная территория, Река, Травяное покрытие, Лес, Зеленая зона, Линия электропередачи, Промышленная территория, Река
12;11;Город Лесосибирск;718;Исходный;Определи являются ли библиотеки доступными для большинства жилых домов с учётом радиуса 1000 метров?;Нет, потому что в зоне доступности находится только 83 жилых дома из 1150, что указывает на низкий уровень обеспеченности.;1 - слой с жилыми домами, 2 - слой с библиотеками, учитывающий буфер 1000 метров вокруг каждого из объектов.;https://disk.yandex.ru/client/disk/%D0%90_%D0%A8_%D0%9F%D1%80%D0%BE%D1%81%D1%82%D0%BE%D1%80/%D0%93%D0%BE%D1%80%D0%BE%D0%B4%20%D0%9B%D0%B5%D1%81%D0%BE%D1%81%D0%B8%D0%B1%D0%B8%D1%80%D1%81%D0%BA%20(%D1%82%D0%B5%D1%81%D1%82)/%D0%93%D0%BE%D1%80%D0%BE%D0%B4%20%D0%9B%D0%B5%D1%81%D0%BE%D1%81%D0%B8%D0%B1%D0%B8%D1%80%D1%81%D0%BA%20(%D1%82%D0%B5%D1%81%D1%82)_%D0%91%D0%B8%D0%B1%D0%BB%D0%B8%D0%BE%D1%82%D0%B5%D0%BA%D0%B0;Проверено;954;;Парк, Детский сад, Школа, Учреждение среднего профессионального образования, Поликлиника, Стоматологическая клиника, Аптека, Больница, Центр занятости населения, Библиотека, Дворец культуры, Музей, Театр, Кафе, Ресторан, Бар, Полицейский участок, Пожарная станция, Железнодорожная станция, Железнодорожный вокзал, Автозаправочная станция, Парковка, Остановка наземного общественного транспорта, Супермаркет, Продукты (магазин у дома), Книжный магазин, Спортивный магазин, Почтовое отделение, Отделение банка, Банкомат, Юридические услуги, Салон красоты, Гостиница, Памятник, Кладбище;Рекреационная зона, Водный объект, Зеленая зона, Жилой дом, Нежилое здание, Автозаправочная станция, Памятник, Остановка наземного общественного транспорта, Кладбище, Парковка, Линия электропередачи, Железнодорожная станция, Промышленная территория, Река, Травяное покрытие, Лес, Зеленая зона, Линия электропередачи, Промышленная территория, Река
13;12;Город Лесосибирск;718;Исходный;Определи являются ли кафе доступными для большинства жилых домов с учётом радиуса 500 метров?;Нет, потому что в зоне доступности находится лишь 181 жилой дом из 1150, что говорит о слабой доступности сервиса.;1 - слой с жилыми домами, 2 - слой с кафе, учитывающий буфер 500 метров вокруг каждого из объектов.;https://disk.yandex.ru/client/disk/%D0%90_%D0%A8_%D0%9F%D1%80%D0%BE%D1%81%D1%82%D0%BE%D1%80/%D0%93%D0%BE%D1%80%D0%BE%D0%B4%20%D0%9B%D0%B5%D1%81%D0%BE%D1%81%D0%B8%D0%B1%D0%B8%D1%80%D1%81%D0%BA%20(%D1%82%D0%B5%D1%81%D1%82)/%D0%93%D0%BE%D1%80%D0%BE%D0%B4%20%D0%9B%D0%B5%D1%81%D0%BE%D1%81%D0%B8%D0%B1%D0%B8%D1%80%D1%81%D0%BA%20(%D1%82%D0%B5%D1%81%D1%82)_%D0%9A%D0%B0%D1%84%D0%B5;Проверено;954;;Парк, Детский сад, Школа, Учреждение среднего профессионального образования, Поликлиника, Стоматологическая клиника, Аптека, Больница, Центр занятости населения, Библиотека, Дворец культуры, Музей, Театр, Кафе, Ресторан, Бар, Полицейский участок, Пожарная станция, Железнодорожная станция, Железнодорожный вокзал, Автозаправочная станция, Парковка, Остановка наземного общественного транспорта, Супермаркет, Продукты (магазин у дома), Книжный магазин, Спортивный магазин, Почтовое отделение, Отделение банка, Банкомат, Юридические услуги, Салон красоты, Гостиница, Памятник, Кладбище;Рекреационная зона, Водный объект, Зеленая зона, Жилой дом, Нежилое здание, Автозаправочная станция, Памятник, Остановка наземного общественного транспорта, Кладбище, Парковка, Линия электропередачи, Железнодорожная станция, Промышленная территория, Река, Травяное покрытие, Лес, Зеленая зона, Линия электропередачи, Промышленная территория, Река
14;13;Город Лесосибирск;718;Исходный;Покажи процент жилых домов, находящихся в радиусе 1000 метров от поликлиник, чтобы оценить доступность медицинских услуг.;В рамках анализа проекта Город Лесосибирск выявлено, что 20.35% жилых домов находятся в зоне доступности поликлиник, что указывает на низкий уровень обеспеченности.;1 - слой с жилыми домами, 2 - слой с поликлиниками, учитывающий буфер 1000 метров вокруг каждого из объектов.;https://disk.yandex.ru/client/disk/%D0%90_%D0%A8_%D0%9F%D1%80%D0%BE%D1%81%D1%82%D0%BE%D1%80/%D0%93%D0%BE%D1%80%D0%BE%D0%B4%20%D0%9B%D0%B5%D1%81%D0%BE%D1%81%D0%B8%D0%B1%D0%B8%D1%80%D1%81%D0%BA%20(%D1%82%D0%B5%D1%81%D1%82)/%D0%93%D0%BE%D1%80%D0%BE%D0%B4%20%D0%9B%D0%B5%D1%81%D0%BE%D1%81%D0%B8%D0%B1%D0%B8%D1%80%D1%81%D0%BA%20(%D1%82%D0%B5%D1%81%D1%82)_%D0%9F%D0%BE%D0%BB%D0%B8%D0%BA%D0%BB%D0%B8%D0%BD%D0%B8%D0%BA%D0%B0;Проверено;954;;Парк, Детский сад, Школа, Учреждение среднего профессионального образования, Поликлиника, Стоматологическая клиника, Аптека, Больница, Центр занятости населения, Библиотека, Дворец культуры, Музей, Театр, Кафе, Ресторан, Бар, Полицейский участок, Пожарная станция, Железнодорожная станция, Железнодорожный вокзал, Автозаправочная станция, Парковка, Остановка наземного общественного транспорта, Супермаркет, Продукты (магазин у дома), Книжный магазин, Спортивный магазин, Почтовое отделение, Отделение банка, Банкомат, Юридические услуги, Салон красоты, Гостиница, Памятник, Кладбище;Рекреационная зона, Водный объект, Зеленая зона, Жилой дом, Нежилое здание, Автозаправочная станция, Памятник, Остановка наземного общественного транспорта, Кладбище, Парковка, Линия электропередачи, Железнодорожная станция, Промышленная территория, Река, Травяное покрытие, Лес, Зеленая зона, Линия электропередачи, Промышленная территория, Река
15;14;Город Лесосибирск;718;Исходный;Покажи процент жилых домов, находящихся в радиусе 500 метров от школ, чтобы оценить доступность образовательной инфраструктуры.;В рамках анализа проекта Город Лесосибирск выявлено, что 50.43% жилых домов находятся в зоне доступности школ, что отражает средний уровень обеспеченности.;1 - слой с жилыми домами, 2 - слой с школами, учитывающий буфер 500 метров вокруг каждого из объектов.;https://disk.yandex.ru/client/disk/%D0%90_%D0%A8_%D0%9F%D1%80%D0%BE%D1%81%D1%82%D0%BE%D1%80/%D0%93%D0%BE%D1%80%D0%BE%D0%B4%20%D0%9B%D0%B5%D1%81%D0%BE%D1%81%D0%B8%D0%B1%D0%B8%D1%80%D1%81%D0%BA%20(%D1%82%D0%B5%D1%81%D1%82)/%D0%93%D0%BE%D1%80%D0%BE%D0%B4%20%D0%9B%D0%B5%D1%81%D0%BE%D1%81%D0%B8%D0%B1%D0%B8%D1%80%D1%81%D0%BA%20(%D1%82%D0%B5%D1%81%D1%82)_%D1%88%D0%BA%D0%BE%D0%BB%D0%B0;Проверено;954;;Парк, Детский сад, Школа, Учреждение среднего профессионального образования, Поликлиника, Стоматологическая клиника, Аптека, Больница, Центр занятости населения, Библиотека, Дворец культуры, Музей, Театр, Кафе, Ресторан, Бар, Полицейский участок, Пожарная станция, Железнодорожная станция, Железнодорожный вокзал, Автозаправочная станция, Парковка, Остановка наземного общественного транспорта, Супермаркет, Продукты (магазин у дома), Книжный магазин, Спортивный магазин, Почтовое отделение, Отделение банка, Банкомат, Юридические услуги, Салон красоты, Гостиница, Памятник, Кладбище;Рекреационная зона, Водный объект, Зеленая зона, Жилой дом, Нежилое здание, Автозаправочная станция, Памятник, Остановка наземного общественного транспорта, Кладбище, Парковка, Линия электропередачи, Железнодорожная станция, Промышленная территория, Река, Травяное покрытие, Лес, Зеленая зона, Линия электропередачи, Промышленная территория, Река
16;15;город Светогорск;604;Исходный;Покажи процент жилых домов, находящихся в радиусе 500 метров от аптек, чтобы оценить доступность медицинских сервисов для населения.;В рамках анализа проекта город Светогорск выявлено, что 80% жилых домов находятся в зоне доступности аптек, что говорит о высоком уровне обеспеченности.;1 - слой с жилыми домами, 2 - слой с аптеками, учитывающий буфер 500 метров вокруг каждого из объектов.;https://disk.yandex.ru/client/disk/%D0%90_%D0%A8_%D0%9F%D1%80%D0%BE%D1%81%D1%82%D0%BE%D1%80/%D0%B3%D0%BE%D1%80%D0%BE%D0%B4%20%D0%A1%D0%B2%D0%B5%D1%82%D0%BE%D0%B3%D0%BE%D1%80%D1%81%D0%BA/%D0%B3%D0%BE%D1%80%D0%BE%D0%B4%20%D0%A1%D0%B2%D0%B5%D1%82%D0%BE%D0%B3%D0%BE%D1%80%D1%81%D0%BA_%D0%90%D0%BF%D1%82%D0%B5%D0%BA%D0%B0;Проверено;772;;Парк, Детский сад, Школа, Учреждение среднего профессионального образования, Стоматологическая клиника, Аптека, МФЦ, Библиотека, Торгово-развлекательный центр, Кафе, Спортивная площадка, Детская площадка, Полицейский участок, Пожарная станция, Остановка наземного общественного транспорта, Супермаркет, Продукты (магазин у дома), Одежда и обувь, Бытовая техника, Почтовое отделение, Пункт выдачи, Отделение банка, Банкомат, Парикмахерская, Салон красоты;Рекреационная зона, Водный объект, Зеленая зона, Жилой дом, Нежилое здание, Площадка, Остановка наземного общественного транспорта, Промышленная территория, Река, Озеро, Травяное покрытие, Лес, Федеральная дорога, Региональная дорога, Местная дорога, Промышленная территория, Река, Лес, Федеральная дорога, Региональная дорога, Местная дорога
17;16;город Светогорск;604;Исходный;Определи являются ли библиотеки доступными для большинства жилых домов с учётом радиуса 1000 метров?;Нет, потому что в зоне доступности находится только 51 жилой дом, что свидетельствует о низкой обеспеченности.;1 - слой с жилыми домами, 2 - слой с библиотеками, учитывающий буфер 1000 метров вокруг каждого из объектов.;https://disk.yandex.ru/client/disk/%D0%90_%D0%A8_%D0%9F%D1%80%D0%BE%D1%81%D1%82%D0%BE%D1%80/%D0%B3%D0%BE%D1%80%D0%BE%D0%B4%20%D0%A1%D0%B2%D0%B5%D1%82%D0%BE%D0%B3%D0%BE%D1%80%D1%81%D0%BA/%D0%B3%D0%BE%D1%80%D0%BE%D0%B4%20%D0%A1%D0%B2%D0%B5%D1%82%D0%BE%D0%B3%D0%BE%D1%80%D1%81%D0%BA_%D0%91%D0%B8%D0%B1%D0%BB%D0%B8%D0%BE%D1%82%D0%B5%D0%BA%D0%B0;Проверено;772;;Парк, Детский сад, Школа, Учреждение среднего профессионального образования, Стоматологическая клиника, Аптека, МФЦ, Библиотека, Торгово-развлекательный центр, Кафе, Спортивная площадка, Детская площадка, Полицейский участок, Пожарная станция, Остановка наземного общественного транспорта, Супермаркет, Продукты (магазин у дома), Одежда и обувь, Бытовая техника, Почтовое отделение, Пункт выдачи, Отделение банка, Банкомат, Парикмахерская, Салон красоты;Рекреационная зона, Водный объект, Зеленая зона, Жилой дом, Нежилое здание, Площадка, Остановка наземного общественного транспорта, Промышленная территория, Река, Озеро, Травяное покрытие, Лес, Федеральная дорога, Региональная дорога, Местная дорога, Промышленная территория, Река, Лес, Федеральная дорога, Региональная дорога, Местная дорога
18;17;город Светогорск;604;Исходный;Определи являются ли магазины одежды доступными для большинства жилых домов с учётом радиуса 1500 метров?;Нет, потому что в зоне доступности находится лишь 70 жилых домов, что указывает на недостаточную обеспеченность;1 - слой с жилыми домами, 2 - слой с магазинами одежды, учитывающий буфер 1500 метров вокруг каждого из объектов.;https://disk.yandex.ru/client/disk/%D0%90_%D0%A8_%D0%9F%D1%80%D0%BE%D1%81%D1%82%D0%BE%D1%80/%D0%B3%D0%BE%D1%80%D0%BE%D0%B4%20%D0%A1%D0%B2%D0%B5%D1%82%D0%BE%D0%B3%D0%BE%D1%80%D1%81%D0%BA/%D0%B3%D0%BE%D1%80%D0%BE%D0%B4%20%D0%A1%D0%B2%D0%B5%D1%82%D0%BE%D0%B3%D0%BE%D1%80%D1%81%D0%BA_%D0%9C%D0%B0%D0%B3%D0%B0%D0%B7%D0%B8%D0%BD%D1%8B_%D0%BE%D0%B4%D0%B5%D0%B6%D0%B4%D0%B0;Проверено;772;;Парк, Детский сад, Школа, Учреждение среднего профессионального образования, Стоматологическая клиника, Аптека, МФЦ, Библиотека, Торгово-развлекательный центр, Кафе, Спортивная площадка, Детская площадка, Полицейский участок, Пожарная станция, Остановка наземного общественного транспорта, Супермаркет, Продукты (магазин у дома), Одежда и обувь, Бытовая техника, Почтовое отделение, Пункт выдачи, Отделение банка, Банкомат, Парикмахерская, Салон красоты;Рекреационная зона, Водный объект, Зеленая зона, Жилой дом, Нежилое здание, Площадка, Остановка наземного общественного транспорта, Промышленная территория, Река, Озеро, Травяное покрытие, Лес, Федеральная дорога, Региональная дорога, Местная дорога, Промышленная территория, Река, Лес, Федеральная дорога, Региональная дорога, Местная дорога
19;18;город Светогорск;604;Исходный;Определи обеспечены ли большинство жилых домов пунктами выдачи в радиусе 500 метров?;Да, потому что 87.14% жилых домов находятся в зоне доступности, что говорит о высоком уровне покрытия.;1 - слой с жилыми домами, 2 - слой с пунктами выдачи, учитывающий буфер 500 метров вокруг каждого из объектов.;https://disk.yandex.ru/client/disk/%D0%90_%D0%A8_%D0%9F%D1%80%D0%BE%D1%81%D1%82%D0%BE%D1%80/%D0%B3%D0%BE%D1%80%D0%BE%D0%B4%20%D0%A1%D0%B2%D0%B5%D1%82%D0%BE%D0%B3%D0%BE%D1%80%D1%81%D0%BA/%D0%B3%D0%BE%D1%80%D0%BE%D0%B4%20%D0%A1%D0%B2%D0%B5%D1%82%D0%BE%D0%B3%D0%BE%D1%80%D1%81%D0%BA_%D0%9F%D1%83%D0%BD%D0%BA%D1%82%20%D0%B2%D1%8B%D0%B4%D0%B0%D1%87%D0%B8;Проверено;772;;Парк, Детский сад, Школа, Учреждение среднего профессионального образования, Стоматологическая клиника, Аптека, МФЦ, Библиотека, Торгово-развлекательный центр, Кафе, Спортивная площадка, Детская площадка, Полицейский участок, Пожарная станция, Остановка наземного общественного транспорта, Супермаркет, Продукты (магазин у дома), Одежда и обувь, Бытовая техника, Почтовое отделение, Пункт выдачи, Отделение банка, Банкомат, Парикмахерская, Салон красоты;Рекреационная зона, Водный объект, Зеленая зона, Жилой дом, Нежилое здание, Площадка, Остановка наземного общественного транспорта, Промышленная территория, Река, Озеро, Травяное покрытие, Лес, Федеральная дорога, Региональная дорога, Местная дорога, Промышленная территория, Река, Лес, Федеральная дорога, Региональная дорога, Местная дорога
20;19;город Светогорск;604;Исходный;Покажи процент жилых домов, находящихся в радиусе 500 метров от школ, чтобы оценить доступность образовательных учреждений.;В рамках анализа проекта город Светогорск выявлено, что 62.86% жилых домов обеспечены доступом к школам, что говорит о хорошем уровне инфраструктуры.;1 - слой с жилыми домами, 2 - слой с школами, учитывающий буфер 500 метров вокруг каждого из объектов.;https://disk.yandex.ru/client/disk/%D0%90_%D0%A8_%D0%9F%D1%80%D0%BE%D1%81%D1%82%D0%BE%D1%80/%D0%B3%D0%BE%D1%80%D0%BE%D0%B4%20%D0%A1%D0%B2%D0%B5%D1%82%D0%BE%D0%B3%D0%BE%D1%80%D1%81%D0%BA/%D0%B3%D0%BE%D1%80%D0%BE%D0%B4%20%D0%A1%D0%B2%D0%B5%D1%82%D0%BE%D0%B3%D0%BE%D1%80%D1%81%D0%BA_%D1%88%D0%BA%D0%BE%D0%BB%D0%B0;Проверено;772;;Парк, Детский сад, Школа, Учреждение среднего профессионального образования, Стоматологическая клиника, Аптека, МФЦ, Библиотека, Торгово-развлекательный центр, Кафе, Спортивная площадка, Детская площадка, Полицейский участок, Пожарная станция, Остановка наземного общественного транспорта, Супермаркет, Продукты (магазин у дома), Одежда и обувь, Бытовая техника, Почтовое отделение, Пункт выдачи, Отделение банка, Банкомат, Парикмахерская, Салон красоты;Рекреационная зона, Водный объект, Зеленая зона, Жилой дом, Нежилое здание, Площадка, Остановка наземного общественного транспорта, Промышленная территория, Река, Озеро, Травяное покрытие, Лес, Федеральная дорога, Региональная дорога, Местная дорога, Промышленная территория, Река, Лес, Федеральная дорога, Региональная дорога, Местная дорога
21;20;Город Тюмень;714;Исходный;Определи являются ли библиотеки доступными для большинства жилых домов с учётом радиуса 1000 метров?;в зоне доступности находится 870 жилых домов, что говорит о хорошем уровне обеспеченности.;1 - слой с жилыми домами, 2 - слой с библиотеками, учитывающий буфер 1000 метров вокруг каждого из объектов.;https://disk.yandex.ru/client/disk/%D0%90_%D0%A8_%D0%9F%D1%80%D0%BE%D1%81%D1%82%D0%BE%D1%80/%D0%93%D0%BE%D1%80%D0%BE%D0%B4%20%D0%A2%D1%8E%D0%BC%D0%B5%D0%BD%D1%8C%20(%D1%82%D0%B5%D1%81%D1%82)/%D0%93%D0%BE%D1%80%D0%BE%D0%B4%20%D0%A2%D1%8E%D0%BC%D0%B5%D0%BD%D1%8C%20(%D1%82%D0%B5%D1%81%D1%82)_%D0%91%D0%B8%D0%B1%D0%BB%D0%B8%D0%BE%D1%82%D0%B5%D0%BA%D0%B0;Проверено;950;;Парк, Детский сад, Школа, Дом детского творчества, Детский лагерь, Учреждение среднего профессионального образования, Учреждение высшего профессионального образования, Поликлиника, Больница, Станция скорой медицинской помощи, МФЦ, Библиотека, Музей, Театр, Зоопарк , Торгово-развлекательный центр, Аквапарк, Стадион, Кафе, Ресторан, Бар, Булочная, Спортивная площадка, Бассейн, Спортивный центр, Каток, Детская площадка, Парк аттракционов, Скейт-парк, Полицейский участок, Пожарная станция, Железнодорожный вокзал, Аэропорт, Автозаправочная станция, Супермаркет, Продукты (магазин у дома), Рынок, Хозяйственные товары, Одежда и обувь, Бытовая техника, Книжный магазин, Детские товары, Спортивный магазин, Почтовое отделение, Пункт выдачи, Отделение банка, Общественная баня, Ветеринарная клиника, Площадка для выгула собак, Гостиница, Хостел, База отдыха, Религиозный объект, Кладбище;Рекреационная зона, Жилой дом, Нежилое здание, Площадка, Автозаправочная станция, Памятник, Остановка наземного общественного транспорта, Кладбище, Распределительный трубопровод для транспортировки газа, Электрическая подстанция, Парковка, Линия электропередачи, Зоопарк, Сеть водоотведения, Сеть водоснабжения, Склад, Железнодорожная станция, Пляж, Парк развлечений, Водонапорная башня, Водозаборное сооружение, Насосная станция, Промышленная территория, Озеро, Полигон ТБО, Федеральная дорога, Сеть теплоснабжения, Аэропорт, Парковка, Линия электропередачи, Промышленная территория, Озеро, Федеральная дорога
22;21;Город Тюмень;714;Исходный;Определи являются ли магазины одежды доступными для большинства жилых домов с учётом радиуса 1500 метров?;Да, потому что в зоне доступности находится 6184 жилых дома, что указывает на высокий уровень доступности.; 1 - слой с жилыми домами, 2 - слой с магазинами одежды, учитывающий буфер 1500 метров вокруг каждого из объектов.;https://disk.yandex.ru/client/disk/%D0%90_%D0%A8_%D0%9F%D1%80%D0%BE%D1%81%D1%82%D0%BE%D1%80/%D0%93%D0%BE%D1%80%D0%BE%D0%B4%20%D0%A2%D1%8E%D0%BC%D0%B5%D0%BD%D1%8C%20(%D1%82%D0%B5%D1%81%D1%82)/%D0%93%D0%BE%D1%80%D0%BE%D0%B4%20%D0%A2%D1%8E%D0%BC%D0%B5%D0%BD%D1%8C%20(%D1%82%D0%B5%D1%81%D1%82)_%D0%9C%D0%B0%D0%B3%D0%B0%D0%B7%D0%B8%D0%BD%D1%8B_%D0%BE%D0%B4%D0%B5%D0%B6%D0%B4%D0%B0;Проверено;950;;Парк, Детский сад, Школа, Дом детского творчества, Детский лагерь, Учреждение среднего профессионального образования, Учреждение высшего профессионального образования, Поликлиника, Больница, Станция скорой медицинской помощи, МФЦ, Библиотека, Музей, Театр, Зоопарк , Торгово-развлекательный центр, Аквапарк, Стадион, Кафе, Ресторан, Бар, Булочная, Спортивная площадка, Бассейн, Спортивный центр, Каток, Детская площадка, Парк аттракционов, Скейт-парк, Полицейский участок, Пожарная станция, Железнодорожный вокзал, Аэропорт, Автозаправочная станция, Супермаркет, Продукты (магазин у дома), Рынок, Хозяйственные товары, Одежда и обувь, Бытовая техника, Книжный магазин, Детские товары, Спортивный магазин, Почтовое отделение, Пункт выдачи, Отделение банка, Общественная баня, Ветеринарная клиника, Площадка для выгула собак, Гостиница, Хостел, База отдыха, Религиозный объект, Кладбище;Рекреационная зона, Жилой дом, Нежилое здание, Площадка, Автозаправочная станция, Памятник, Остановка наземного общественного транспорта, Кладбище, Распределительный трубопровод для транспортировки газа, Электрическая подстанция, Парковка, Линия электропередачи, Зоопарк, Сеть водоотведения, Сеть водоснабжения, Склад, Железнодорожная станция, Пляж, Парк развлечений, Водонапорная башня, Водозаборное сооружение, Насосная станция, Промышленная территория, Озеро, Полигон ТБО, Федеральная дорога, Сеть теплоснабжения, Аэропорт, Парковка, Линия электропередачи, Промышленная территория, Озеро, Федеральная дорога
23;22;Город Тюмень;714;Исходный; Покажи процент жилых домов в радиусе 1000 метров от поликлиник.; В рамках анализа проекта Город Тюмень выявлено, что 29.66% домов обеспечены доступом к поликлиникам, что говорит о низком уровне доступности. ; 1 - слой с жилыми домами, 2 - слой с поликлиниками, учитывающий буфер 1000 метров вокруг каждого из объектов. |;https://disk.yandex.ru/client/disk/%D0%90_%D0%A8_%D0%9F%D1%80%D0%BE%D1%81%D1%82%D0%BE%D1%80/%D0%93%D0%BE%D1%80%D0%BE%D0%B4%20%D0%A2%D1%8E%D0%BC%D0%B5%D0%BD%D1%8C%20(%D1%82%D0%B5%D1%81%D1%82)/%D0%93%D0%BE%D1%80%D0%BE%D0%B4%20%D0%A2%D1%8E%D0%BC%D0%B5%D0%BD%D1%8C%20(%D1%82%D0%B5%D1%81%D1%82)_%D0%9F%D0%BE%D0%BB%D0%B8%D0%BA%D0%BB%D0%B8%D0%BD%D0%B8%D0%BA%D0%B0;Проверено;950;;Парк, Детский сад, Школа, Дом детского творчества, Детский лагерь, Учреждение среднего профессионального образования, Учреждение высшего профессионального образования, Поликлиника, Больница, Станция скорой медицинской помощи, МФЦ, Библиотека, Музей, Театр, Зоопарк , Торгово-развлекательный центр, Аквапарк, Стадион, Кафе, Ресторан, Бар, Булочная, Спортивная площадка, Бассейн, Спортивный центр, Каток, Детская площадка, Парк аттракционов, Скейт-парк, Полицейский участок, Пожарная станция, Железнодорожный вокзал, Аэропорт, Автозаправочная станция, Супермаркет, Продукты (магазин у дома), Рынок, Хозяйственные товары, Одежда и обувь, Бытовая техника, Книжный магазин, Детские товары, Спортивный магазин, Почтовое отделение, Пункт выдачи, Отделение банка, Общественная баня, Ветеринарная клиника, Площадка для выгула собак, Гостиница, Хостел, База отдыха, Религиозный объект, Кладбище;Рекреационная зона, Жилой дом, Нежилое здание, Площадка, Автозаправочная станция, Памятник, Остановка наземного общественного транспорта, Кладбище, Распределительный трубопровод для транспортировки газа, Электрическая подстанция, Парковка, Линия электропередачи, Зоопарк, Сеть водоотведения, Сеть водоснабжения, Склад, Железнодорожная станция, Пляж, Парк развлечений, Водонапорная башня, Водозаборное сооружение, Насосная станция, Промышленная территория, Озеро, Полигон ТБО, Федеральная дорога, Сеть теплоснабжения, Аэропорт, Парковка, Линия электропередачи, Промышленная территория, Озеро, Федеральная дорога
25;24;Город Тюмень;714;Исходный;Покажи процент жилых домов в радиусе 500 метров от школ.; В рамках анализа проекта Город Тюмень выявлено, что 42.73% домов находятся в зоне доступности школ, что говорит о среднем уровне обеспеченности;1 - слой с жилыми домами, 2 - слой с школами, учитывающий буфер 500 метров вокруг каждого из объектов. ;https://disk.yandex.ru/client/disk/%D0%90_%D0%A8_%D0%9F%D1%80%D0%BE%D1%81%D1%82%D0%BE%D1%80/%D0%93%D0%BE%D1%80%D0%BE%D0%B4%20%D0%A2%D1%8E%D0%BC%D0%B5%D0%BD%D1%8C%20(%D1%82%D0%B5%D1%81%D1%82)/%D0%93%D0%BE%D1%80%D0%BE%D0%B4%20%D0%A2%D1%8E%D0%BC%D0%B5%D0%BD%D1%8C%20(%D1%82%D0%B5%D1%81%D1%82)_%D1%88%D0%BA%D0%BE%D0%BB%D0%B0;Проверено;950;;Парк, Детский сад, Школа, Дом детского творчества, Детский лагерь, Учреждение среднего профессионального образования, Учреждение высшего профессионального образования, Поликлиника, Больница, Станция скорой медицинской помощи, МФЦ, Библиотека, Музей, Театр, Зоопарк , Торгово-развлекательный центр, Аквапарк, Стадион, Кафе, Ресторан, Бар, Булочная, Спортивная площадка, Бассейн, Спортивный центр, Каток, Детская площадка, Парк аттракционов, Скейт-парк, Полицейский участок, Пожарная станция, Железнодорожный вокзал, Аэропорт, Автозаправочная станция, Супермаркет, Продукты (магазин у дома), Рынок, Хозяйственные товары, Одежда и обувь, Бытовая техника, Книжный магазин, Детские товары, Спортивный магазин, Почтовое отделение, Пункт выдачи, Отделение банка, Общественная баня, Ветеринарная клиника, Площадка для выгула собак, Гостиница, Хостел, База отдыха, Религиозный объект, Кладбище;Рекреационная зона, Жилой дом, Нежилое здание, Площадка, Автозаправочная станция, Памятник, Остановка наземного общественного транспорта, Кладбище, Распределительный трубопровод для транспортировки газа, Электрическая подстанция, Парковка, Линия электропередачи, Зоопарк, Сеть водоотведения, Сеть водоснабжения, Склад, Железнодорожная станция, Пляж, Парк развлечений, Водонапорная башня, Водозаборное сооружение, Насосная станция, Промышленная территория, Озеро, Полигон ТБО, Федеральная дорога, Сеть теплоснабжения, Аэропорт, Парковка, Линия электропередачи, Промышленная территория, Озеро, Федеральная дорога
26;25;Город Шуя;838;Исходный;Определи являются ли магазины одежды доступными для большинства жилых домов с учётом радиуса 1500 метров?;Нет, потому что в зоне доступности находится 855 жилых домов из 2034, что говорит о достаточном уровне обеспеченности.;1 - слой с жилыми домами, 2 - слой с магазинами одежды, учитывающий буфер 1500 метров вокруг каждого из объектов.;https://disk.yandex.ru/client/disk/%D0%90_%D0%A8_%D0%9F%D1%80%D0%BE%D1%81%D1%82%D0%BE%D1%80/%D0%93%D0%BE%D1%80%D0%BE%D0%B4%20%D0%A2%D1%8E%D0%BC%D0%B5%D0%BD%D1%8C%20(%D1%82%D0%B5%D1%81%D1%82)/%D0%93%D0%BE%D1%80%D0%BE%D0%B4%20%D0%A8%D1%83%D1%8F/%D0%93%D0%BE%D1%80%D0%BE%D0%B4%20%D0%A8%D1%83%D1%8F_%D0%9C%D0%B0%D0%B3%D0%B0%D0%B7%D0%B8%D0%BD%D1%8B_%D0%BE%D0%B4%D0%B5%D0%B6%D0%B4%D0%B0;Проверено;1244;;Парк, Детский сад, Школа, Учреждение среднего профессионального образования, Учреждение высшего профессионального образования, Больница, Музей, Кинотеатр, Торгово-развлекательный центр, Стадион, Ресторан, Спортивная площадка, Полицейский участок, Пожарная станция, Автозаправочная станция, Супермаркет, Продукты (магазин у дома), Рынок, Одежда и обувь, Бытовая техника, Почтовое отделение, Пункт выдачи, Банкомат, Салон красоты, Гостиница, Религиозный объект, Кладбище, Парк;Рекреационная зона, Зеленая зона, Жилой дом, Нежилое здание, Площадка, Автозаправочная станция, Памятник, Кладбище, Парковка, Линия электропередачи, Железнодорожная станция, Водонапорная башня, Промышленная территория, Необрабатываемое поле, Региональная дорога, Рекреационная зона, Водный объект, Зеленая зона, Жилой дом, Линия электропередачи, Промышленная территория, Региональная дорога
27;26;Город Шуя;838;Исходный;Определи обеспечены ли большинство жилых домов пунктами выдачи в радиусе 500 метров?;Нет, потому что только 5.31% жилых домов находятся в зоне доступности, что указывает на низкое покрытие.;1 - слой с жилыми домами, 2 - слой с пунктами выдачи, учитывающий буфер 500 метров вокруг каждого из объектов.;https://disk.yandex.ru/client/disk/%D0%90_%D0%A8_%D0%9F%D1%80%D0%BE%D1%81%D1%82%D0%BE%D1%80/%D0%93%D0%BE%D1%80%D0%BE%D0%B4%20%D0%A2%D1%8E%D0%BC%D0%B5%D0%BD%D1%8C%20(%D1%82%D0%B5%D1%81%D1%82)/%D0%93%D0%BE%D1%80%D0%BE%D0%B4%20%D0%A8%D1%83%D1%8F/%D0%93%D0%BE%D1%80%D0%BE%D0%B4%20%D0%A8%D1%83%D1%8F_%D0%9F%D1%83%D0%BD%D0%BA%D1%82%20%D0%B2%D1%8B%D0%B4%D0%B0%D1%87%D0%B8;Проверено;1244;;Парк, Детский сад, Школа, Учреждение среднего профессионального образования, Учреждение высшего профессионального образования, Больница, Музей, Кинотеатр, Торгово-развлекательный центр, Стадион, Ресторан, Спортивная площадка, Полицейский участок, Пожарная станция, Автозаправочная станция, Супермаркет, Продукты (магазин у дома), Рынок, Одежда и обувь, Бытовая техника, Почтовое отделение, Пункт выдачи, Банкомат, Салон красоты, Гостиница, Религиозный объект, Кладбище, Парк;Рекреационная зона, Зеленая зона, Жилой дом, Нежилое здание, Площадка, Автозаправочная станция, Памятник, Кладбище, Парковка, Линия электропередачи, Железнодорожная станция, Водонапорная башня, Промышленная территория, Необрабатываемое поле, Региональная дорога, Рекреационная зона, Водный объект, Зеленая зона, Жилой дом, Линия электропередачи, Промышленная территория, Региональная дорога
28;27;Город Шуя;838;Исходный;Покажи процент жилых домов, находящихся в радиусе 500 метров от супермаркетов, чтобы оценить доступность торговой инфраструктуры.;В рамках анализа проекта Город Шуя установлено, что только 0.2% жилых домов находятся в зоне доступности супермаркетов, что говорит о крайне низком уровне обеспеченности.;1 - слой с жилыми домами, 2 - слой с супермаркетами, учитывающий буфер 500 метров вокруг каждого из объектов.;https://disk.yandex.ru/client/disk/%D0%90_%D0%A8_%D0%9F%D1%80%D0%BE%D1%81%D1%82%D0%BE%D1%80/%D0%93%D0%BE%D1%80%D0%BE%D0%B4%20%D0%A2%D1%8E%D0%BC%D0%B5%D0%BD%D1%8C%20(%D1%82%D0%B5%D1%81%D1%82)/%D0%93%D0%BE%D1%80%D0%BE%D0%B4%20%D0%A8%D1%83%D1%8F/%D0%93%D0%BE%D1%80%D0%BE%D0%B4%20%D0%A8%D1%83%D1%8F_%D0%A1%D1%83%D0%BF%D0%B5%D1%80%D0%BC%D0%B0%D1%80%D0%BA%D0%B5%D1%82;Проверено;1244;;Парк, Детский сад, Школа, Учреждение среднего профессионального образования, Учреждение высшего профессионального образования, Больница, Музей, Кинотеатр, Торгово-развлекательный центр, Стадион, Ресторан, Спортивная площадка, Полицейский участок, Пожарная станция, Автозаправочная станция, Супермаркет, Продукты (магазин у дома), Рынок, Одежда и обувь, Бытовая техника, Почтовое отделение, Пункт выдачи, Банкомат, Салон красоты, Гостиница, Религиозный объект, Кладбище, Парк;Рекреационная зона, Зеленая зона, Жилой дом, Нежилое здание, Площадка, Автозаправочная станция, Памятник, Кладбище, Парковка, Линия электропередачи, Железнодорожная станция, Водонапорная башня, Промышленная территория, Необрабатываемое поле, Региональная дорога, Рекреационная зона, Водный объект, Зеленая зона, Жилой дом, Линия электропередачи, Промышленная территория, Региональная дорога
29;28;Город Шуя;838;Исходный;Покажи процент жилых домов, находящихся в радиусе 500 метров от школ, чтобы оценить доступность образовательной инфраструктуры.;В рамках анализа проекта Город Шуя выявлено, что 56.0% жилых домов находятся в зоне доступности школ, что говорит о среднем уровне обеспеченности.;1 - слой с жилыми домами, 2 - слой с школами, учитывающий буфер 500 метров вокруг каждого из объектов.;https://disk.yandex.ru/client/disk/%D0%90_%D0%A8_%D0%9F%D1%80%D0%BE%D1%81%D1%82%D0%BE%D1%80/%D0%93%D0%BE%D1%80%D0%BE%D0%B4%20%D0%A2%D1%8E%D0%BC%D0%B5%D0%BD%D1%8C%20(%D1%82%D0%B5%D1%81%D1%82)/%D0%93%D0%BE%D1%80%D0%BE%D0%B4%20%D0%A8%D1%83%D1%8F/%D0%93%D0%BE%D1%80%D0%BE%D0%B4%20%D0%A8%D1%83%D1%8F_%D1%88%D0%BA%D0%BE%D0%BB%D0%B0;Проверено;1244;;Парк, Детский сад, Школа, Учреждение среднего профессионального образования, Учреждение высшего профессионального образования, Больница, Музей, Кинотеатр, Торгово-развлекательный центр, Стадион, Ресторан, Спортивная площадка, Полицейский участок, Пожарная станция, Автозаправочная станция, Супермаркет, Продукты (магазин у дома), Рынок, Одежда и обувь, Бытовая техника, Почтовое отделение, Пункт выдачи, Банкомат, Салон красоты, Гостиница, Религиозный объект, Кладбище, Парк;Рекреационная зона, Зеленая зона, Жилой дом, Нежилое здание, Площадка, Автозаправочная станция, Памятник, Кладбище, Парковка, Линия электропередачи, Железнодорожная станция, Водонапорная башня, Промышленная территория, Необрабатываемое поле, Региональная дорога, Рекреационная зона, Водный объект, Зеленая зона, Жилой дом, Линия электропередачи, Промышленная территория, Региональная дорога
30;29;ДПО Шуя;863;Исходный;Определи являются ли магазины одежды доступными для большинства жилых домов с учётом радиуса 1500 метров?;В зоне доступности находится 849 жилых домов, что говорит о достаточном уровне обеспеченности.;1 - слой с жилыми домами, 2 - слой с магазинами одежды, учитывающий буфер 1500 метров вокруг каждого из объектов.;https://disk.yandex.ru/client/disk/%D0%90_%D0%A8_%D0%9F%D1%80%D0%BE%D1%81%D1%82%D0%BE%D1%80/%D0%93%D0%BE%D1%80%D0%BE%D0%B4%20%D0%A2%D1%8E%D0%BC%D0%B5%D0%BD%D1%8C%20(%D1%82%D0%B5%D1%81%D1%82)/%D0%94%D0%9F%D0%9E%20%D0%A8%D1%83%D1%8F/%D0%94%D0%9F%D0%9E%20%D0%A8%D1%83%D1%8F_%D0%9C%D0%B0%D0%B3%D0%B0%D0%B7%D0%B8%D0%BD%D1%8B_%D0%BE%D0%B4%D0%B5%D0%B6%D0%B4%D0%B0;Проверено;1269;;Парк, Детский сад, Школа, Учреждение среднего профессионального образования, Учреждение высшего профессионального образования, Больница, Музей, Кинотеатр, Торгово-развлекательный центр, Стадион, Ресторан, Спортивная площадка, Полицейский участок, Пожарная станция, Автозаправочная станция, Супермаркет, Продукты (магазин у дома), Рынок, Одежда и обувь, Бытовая техника, Почтовое отделение, Пункт выдачи, Банкомат, Салон красоты, Гостиница, Религиозный объект, Кладбище;Рекреационная зона, Зеленая зона, Жилой дом, Нежилое здание, Площадка, Автозаправочная станция, Памятник, Кладбище, Парковка, Линия электропередачи, Железнодорожная станция, Водонапорная башня, Промышленная территория, Федеральная дорога, Нежилое здание, Местная дорога, Региональная дорога, Жилой дом
31;30;ДПО Шуя;863;Исходный;Определи обеспечены ли большинство жилых домов пунктами выдачи в радиусе 500 метров?;Нет, потому что только 5.32% жилых домов находятся в зоне доступности, что говорит о низком уровне покрытия.;1 - слой с жилыми домами, 2 - слой с пунктами выдачи, учитывающий буфер 500 метров вокруг каждого из объектов.;https://disk.yandex.ru/client/disk/%D0%90_%D0%A8_%D0%9F%D1%80%D0%BE%D1%81%D1%82%D0%BE%D1%80/%D0%93%D0%BE%D1%80%D0%BE%D0%B4%20%D0%A2%D1%8E%D0%BC%D0%B5%D0%BD%D1%8C%20(%D1%82%D0%B5%D1%81%D1%82)/%D0%94%D0%9F%D0%9E%20%D0%A8%D1%83%D1%8F/%D0%94%D0%9F%D0%9E%20%D0%A8%D1%83%D1%8F_%D0%9F%D1%83%D0%BD%D0%BA%D1%82%20%D0%B2%D1%8B%D0%B4%D0%B0%D1%87%D0%B8;Проверено;1269;;Парк, Детский сад, Школа, Учреждение среднего профессионального образования, Учреждение высшего профессионального образования, Больница, Музей, Кинотеатр, Торгово-развлекательный центр, Стадион, Ресторан, Спортивная площадка, Полицейский участок, Пожарная станция, Автозаправочная станция, Супермаркет, Продукты (магазин у дома), Рынок, Одежда и обувь, Бытовая техника, Почтовое отделение, Пункт выдачи, Банкомат, Салон красоты, Гостиница, Религиозный объект, Кладбище;Рекреационная зона, Зеленая зона, Жилой дом, Нежилое здание, Площадка, Автозаправочная станция, Памятник, Кладбище, Парковка, Линия электропередачи, Железнодорожная станция, Водонапорная башня, Промышленная территория, Федеральная дорога, Нежилое здание, Местная дорога, Региональная дорога, Жилой дом
32;31;ДПО Шуя;863;Исходный;Покажи процент жилых домов в радиусе 500 метров от супермаркетов для оценки доступности торговли;В рамках анализа проекта ДПО Шуя установлено, что 0.15% домов находятся в зоне доступности супермаркетов, что говорит о крайне низкой обеспеченности.;1 - слой с жилыми домами, 2 - слой с супермаркетами, учитывающий буфер 500 метров вокруг каждого из объектов.;https://disk.yandex.ru/client/disk/%D0%90_%D0%A8_%D0%9F%D1%80%D0%BE%D1%81%D1%82%D0%BE%D1%80/%D0%93%D0%BE%D1%80%D0%BE%D0%B4%20%D0%A2%D1%8E%D0%BC%D0%B5%D0%BD%D1%8C%20(%D1%82%D0%B5%D1%81%D1%82)/%D0%94%D0%9F%D0%9E%20%D0%A8%D1%83%D1%8F/%D0%94%D0%9F%D0%9E%20%D0%A8%D1%83%D1%8F_%D0%A1%D1%83%D0%BF%D0%B5%D1%80%D0%BC%D0%B0%D1%80%D0%BA%D0%B5%D1%82;Проверено;1269;;Парк, Детский сад, Школа, Учреждение среднего профессионального образования, Учреждение высшего профессионального образования, Больница, Музей, Кинотеатр, Торгово-развлекательный центр, Стадион, Ресторан, Спортивная площадка, Полицейский участок, Пожарная станция, Автозаправочная станция, Супермаркет, Продукты (магазин у дома), Рынок, Одежда и обувь, Бытовая техника, Почтовое отделение, Пункт выдачи, Банкомат, Салон красоты, Гостиница, Религиозный объект, Кладбище;Рекреационная зона, Зеленая зона, Жилой дом, Нежилое здание, Площадка, Автозаправочная станция, Памятник, Кладбище, Парковка, Линия электропередачи, Железнодорожная станция, Водонапорная башня, Промышленная территория, Федеральная дорога, Нежилое здание, Местная дорога, Региональная дорога, Жилой дом
33;32;ДПО Шуя;863;Исходный;Покажи процент жилых домов в радиусе 500 метров от школ.;В рамках анализа проекта ДПО Шуя выявлено, что 56.04% домов находятся в зоне доступности школ, что говорит о среднем уровне обеспеченности.;1 - слой с жилыми домами, 2 - слой с школами, учитывающий буфер 500 метров вокруг каждого из объектов.;https://disk.yandex.ru/client/disk/%D0%90_%D0%A8_%D0%9F%D1%80%D0%BE%D1%81%D1%82%D0%BE%D1%80/%D0%93%D0%BE%D1%80%D0%BE%D0%B4%20%D0%A2%D1%8E%D0%BC%D0%B5%D0%BD%D1%8C%20(%D1%82%D0%B5%D1%81%D1%82)/%D0%94%D0%9F%D0%9E%20%D0%A8%D1%83%D1%8F/%D0%94%D0%9F%D0%9E%20%D0%A8%D1%83%D1%8F_%D1%88%D0%BA%D0%BE%D0%BB%D0%B0;Проверено;1269;;Парк, Детский сад, Школа, Учреждение среднего профессионального образования, Учреждение высшего профессионального образования, Больница, Музей, Кинотеатр, Торгово-развлекательный центр, Стадион, Ресторан, Спортивная площадка, Полицейский участок, Пожарная станция, Автозаправочная станция, Супермаркет, Продукты (магазин у дома), Рынок, Одежда и обувь, Бытовая техника, Почтовое отделение, Пункт выдачи, Банкомат, Салон красоты, Гостиница, Религиозный объект, Кладбище;Рекреационная зона, Зеленая зона, Жилой дом, Нежилое здание, Площадка, Автозаправочная станция, Памятник, Кладбище, Парковка, Линия электропередачи, Железнодорожная станция, Водонапорная башня, Промышленная территория, Федеральная дорога, Нежилое здание, Местная дорога, Региональная дорога, Жилой дом
34;33;Параллельные решения - Приморский край;737;Исходный;Определи являются ли кафе доступными для большинства жилых домов с учётом радиуса 500 метров?;: Нет, потому что в зоне доступности не находится ни одного жилого дома (0), что указывает на полное отсутствие покрытия.;1 - слой с жилыми домами, 2 - слой с кафе, учитывающий буфер 500 метров вокруг каждого из объектов;https://disk.yandex.ru/client/disk/%D0%90_%D0%A8_%D0%9F%D1%80%D0%BE%D1%81%D1%82%D0%BE%D1%80/%D0%93%D0%BE%D1%80%D0%BE%D0%B4%20%D0%A2%D1%8E%D0%BC%D0%B5%D0%BD%D1%8C%20(%D1%82%D0%B5%D1%81%D1%82)/%D0%9F%D0%B0%D1%80%D0%B0%D0%BB%D0%BB%D0%B5%D0%BB%D1%8C%D0%BD%D1%8B%D0%B5%20%D1%80%D0%B5%D1%88%D0%B5%D0%BD%D0%B8%D1%8F%20-%20%D0%9F%D1%80%D0%B8%D0%BC%D0%BE%D1%80%D1%81%D0%BA%D0%B8%D0%B9%20%D0%BA%D1%80%D0%B0%D0%B9/%D0%9F%D0%B0%D1%80%D0%B0%D0%BB%D0%BB%D0%B5%D0%BB%D1%8C%D0%BD%D1%8B%D0%B5%20%D1%80%D0%B5%D1%88%D0%B5%D0%BD%D0%B8%D1%8F%20-%20%D0%9F%D1%80%D0%B8%D0%BC%D0%BE%D1%80%D1%81%D0%BA%D0%B8%D0%B9%20%D0%BA%D1%80%D0%B0%D0%B9_%D0%9A%D0%B0%D1%84%D0%B5;Проверено;1046;;Школа, Кафе, Бассейн, Железнодорожная станция, Аэропорт, Автозаправочная станция, Парковка, Остановка наземного общественного транспорта, Супермаркет, Продукты (магазин у дома), Почтовое отделение, Памятник, Кладбище;Зеленая зона, Жилой дом, Нежилое здание, Автозаправочная станция, Памятник, Остановка наземного общественного транспорта, Кладбище, Парковка, Железнодорожная станция, Водонапорная башня, Промышленная территория, Река, Необрабатываемое поле, Травяное покрытие, Лес, Аэропорт, Местная дорога
35;34;Параллельные решения - Приморский край;737;Исходный;Покажи процент жилых домов в радиусе 500 метров от супермаркетов.;В рамках анализа проекта выявлено, что 3.44% домов находятся в зоне доступности супермаркетов, что говорит о низкой обеспеченности.;1 - слой с жилыми домами, 2 - слой с супермаркетами, учитывающий буфер 500 метров вокруг каждого из объектов.;https://disk.yandex.ru/client/disk/%D0%90_%D0%A8_%D0%9F%D1%80%D0%BE%D1%81%D1%82%D0%BE%D1%80/%D0%93%D0%BE%D1%80%D0%BE%D0%B4%20%D0%A2%D1%8E%D0%BC%D0%B5%D0%BD%D1%8C%20(%D1%82%D0%B5%D1%81%D1%82)/%D0%9F%D0%B0%D1%80%D0%B0%D0%BB%D0%BB%D0%B5%D0%BB%D1%8C%D0%BD%D1%8B%D0%B5%20%D1%80%D0%B5%D1%88%D0%B5%D0%BD%D0%B8%D1%8F%20-%20%D0%9F%D1%80%D0%B8%D0%BC%D0%BE%D1%80%D1%81%D0%BA%D0%B8%D0%B9%20%D0%BA%D1%80%D0%B0%D0%B9/%D0%9F%D0%B0%D1%80%D0%B0%D0%BB%D0%BB%D0%B5%D0%BB%D1%8C%D0%BD%D1%8B%D0%B5%20%D1%80%D0%B5%D1%88%D0%B5%D0%BD%D0%B8%D1%8F%20-%20%D0%9F%D1%80%D0%B8%D0%BC%D0%BE%D1%80%D1%81%D0%BA%D0%B8%D0%B9%20%D0%BA%D1%80%D0%B0%D0%B9_%D0%A1%D1%83%D0%BF%D0%B5%D1%80%D0%BC%D0%B0%D1%80%D0%BA%D0%B5%D1%82;Проверено;1046;;Школа, Кафе, Бассейн, Железнодорожная станция, Аэропорт, Автозаправочная станция, Парковка, Остановка наземного общественного транспорта, Супермаркет, Продукты (магазин у дома), Почтовое отделение, Памятник, Кладбище;Зеленая зона, Жилой дом, Нежилое здание, Автозаправочная станция, Памятник, Остановка наземного общественного транспорта, Кладбище, Парковка, Железнодорожная станция, Водонапорная башня, Промышленная территория, Река, Необрабатываемое поле, Травяное покрытие, Лес, Аэропорт, Местная дорога
36;35;Параллельные решения - Приморский край;737;Исходный;Покажи процент жилых домов в радиусе 500 метров от школ.;В рамках анализа проекта выявлено, что 19.73% домов находятся в зоне доступности школ, что указывает на низкий уровень обеспеченности.;1 - слой с жилыми домами, 2 - слой с школами, учитывающий буфер 500 метров вокруг каждого из объектов;https://disk.yandex.ru/client/disk/%D0%90_%D0%A8_%D0%9F%D1%80%D0%BE%D1%81%D1%82%D0%BE%D1%80/%D0%93%D0%BE%D1%80%D0%BE%D0%B4%20%D0%A2%D1%8E%D0%BC%D0%B5%D0%BD%D1%8C%20(%D1%82%D0%B5%D1%81%D1%82)/%D0%9F%D0%B0%D1%80%D0%B0%D0%BB%D0%BB%D0%B5%D0%BB%D1%8C%D0%BD%D1%8B%D0%B5%20%D1%80%D0%B5%D1%88%D0%B5%D0%BD%D0%B8%D1%8F%20-%20%D0%9F%D1%80%D0%B8%D0%BC%D0%BE%D1%80%D1%81%D0%BA%D0%B8%D0%B9%20%D0%BA%D1%80%D0%B0%D0%B9/%D0%9F%D0%B0%D1%80%D0%B0%D0%BB%D0%BB%D0%B5%D0%BB%D1%8C%D0%BD%D1%8B%D0%B5%20%D1%80%D0%B5%D1%88%D0%B5%D0%BD%D0%B8%D1%8F%20-%20%D0%9F%D1%80%D0%B8%D0%BC%D0%BE%D1%80%D1%81%D0%BA%D0%B8%D0%B9%20%D0%BA%D1%80%D0%B0%D0%B9_%D1%88%D0%BA%D0%BE%D0%BB%D0%B0;Проверено;1046;;Школа, Кафе, Бассейн, Железнодорожная станция, Аэропорт, Автозаправочная станция, Парковка, Остановка наземного общественного транспорта, Супермаркет, Продукты (магазин у дома), Почтовое отделение, Памятник, Кладбище;Зеленая зона, Жилой дом, Нежилое здание, Автозаправочная станция, Памятник, Остановка наземного общественного транспорта, Кладбище, Парковка, Железнодорожная станция, Водонапорная башня, Промышленная территория, Река, Необрабатываемое поле, Травяное покрытие, Лес, Аэропорт, Местная дорога
37;36;Проект город Артём;676;Исходный;Покажи процент жилых домов в радиусе 500 метров от аптек. ; В рамках анализа проекта выявлено, что 6.15% домов обеспечены доступом к аптекам, что говорит о низком уровне доступности.;1 - слой с жилыми домами, 2 - слой с аптеками, учитывающий буфер 500 метров вокруг каждого из объектов;https://disk.yandex.ru/client/disk/%D0%90_%D0%A8_%D0%9F%D1%80%D0%BE%D1%81%D1%82%D0%BE%D1%80/%D0%93%D0%BE%D1%80%D0%BE%D0%B4%20%D0%A2%D1%8E%D0%BC%D0%B5%D0%BD%D1%8C%20(%D1%82%D0%B5%D1%81%D1%82)/%D0%9F%D1%80%D0%BE%D0%B5%D0%BA%D1%82%20%D0%B3%D0%BE%D1%80%D0%BE%D0%B4%20%D0%90%D1%80%D1%82%D1%91%D0%BC/%D0%9F%D1%80%D0%BE%D0%B5%D0%BA%D1%82%20%D0%B3%D0%BE%D1%80%D0%BE%D0%B4%20%D0%90%D1%80%D1%82%D1%91%D0%BC_%D0%90%D0%BF%D1%82%D0%B5%D0%BA%D0%B0;Проверено;898;;Парк, Школа, Учреждение среднего профессионального образования, Поликлиника, Стоматологическая клиника, Аптека, Больница, Библиотека, Музей, Кинотеатр, Торгово-развлекательный центр, Кафе, Ресторан, Бар, Булочная, Спортивный центр, Каток, Детская площадка, Пожарная станция, Железнодорожная станция, Железнодорожный вокзал, Аэропорт, Автозаправочная станция, Парковка, Остановка наземного общественного транспорта, Супермаркет, Продукты (магазин у дома), Хозяйственные товары, Одежда и обувь, Детские товары, Спортивный магазин, Почтовое отделение, Отделение банка, Банкомат, Юридические услуги, Парикмахерская, Салон красоты, Ветеринарная клиника, Зоомагазин, Гостиница, База отдыха, Памятник, Кладбище, Аэропорт;Рекреационная зона, Водный объект, Зеленая зона, Жилой дом, Нежилое здание, Площадка, Автозаправочная станция, Памятник, Остановка наземного общественного транспорта, Кладбище, Парковка, Линия электропередачи, Сеть водоотведения, Железнодорожная станция, Насосная станция, Промышленная территория, Река, Озеро, Травяное покрытие, Лес, Полигон ТБО, Море, Залив, Аэропорт, Линия электропередачи, Река, Лес, Залив, Аэропорт
38;37;Проект город Артём;676;Исходный;Определи являются ли кафе доступными для большинства жилых домов с учётом радиуса 500 метров?;в зоне доступности находится 318 жилых домов, что говорит о умеренном уровне обеспеченности.;1 - слой с жилыми домами, 2 - слой с кафе, учитывающий буфер 500 метров вокруг каждого из объектов.;https://disk.yandex.ru/client/disk/%D0%90_%D0%A8_%D0%9F%D1%80%D0%BE%D1%81%D1%82%D0%BE%D1%80/%D0%93%D0%BE%D1%80%D0%BE%D0%B4%20%D0%A2%D1%8E%D0%BC%D0%B5%D0%BD%D1%8C%20(%D1%82%D0%B5%D1%81%D1%82)/%D0%9F%D1%80%D0%BE%D0%B5%D0%BA%D1%82%20%D0%B3%D0%BE%D1%80%D0%BE%D0%B4%20%D0%90%D1%80%D1%82%D1%91%D0%BC/%D0%9F%D1%80%D0%BE%D0%B5%D0%BA%D1%82%20%D0%B3%D0%BE%D1%80%D0%BE%D0%B4%20%D0%90%D1%80%D1%82%D1%91%D0%BC_%D0%9A%D0%B0%D1%84%D0%B5;Проверено;898;;Парк, Школа, Учреждение среднего профессионального образования, Поликлиника, Стоматологическая клиника, Аптека, Больница, Библиотека, Музей, Кинотеатр, Торгово-развлекательный центр, Кафе, Ресторан, Бар, Булочная, Спортивный центр, Каток, Детская площадка, Пожарная станция, Железнодорожная станция, Железнодорожный вокзал, Аэропорт, Автозаправочная станция, Парковка, Остановка наземного общественного транспорта, Супермаркет, Продукты (магазин у дома), Хозяйственные товары, Одежда и обувь, Детские товары, Спортивный магазин, Почтовое отделение, Отделение банка, Банкомат, Юридические услуги, Парикмахерская, Салон красоты, Ветеринарная клиника, Зоомагазин, Гостиница, База отдыха, Памятник, Кладбище, Аэропорт;Рекреационная зона, Водный объект, Зеленая зона, Жилой дом, Нежилое здание, Площадка, Автозаправочная станция, Памятник, Остановка наземного общественного транспорта, Кладбище, Парковка, Линия электропередачи, Сеть водоотведения, Железнодорожная станция, Насосная станция, Промышленная территория, Река, Озеро, Травяное покрытие, Лес, Полигон ТБО, Море, Залив, Аэропорт, Линия электропередачи, Река, Лес, Залив, Аэропорт
39;38;Проект город Артём;676;Исходный;Определи являются ли магазины одежды доступными для большинства жилых домов с учётом радиуса 1500 метров?;в зоне доступности находится 303 жилых дома, что указывает на средний уровень обеспеченности.;1 - слой с жилыми домами, 2 - слой с магазинами одежды, учитывающий буфер 1500 метров вокруг каждого из объектов;https://disk.yandex.ru/client/disk/%D0%90_%D0%A8_%D0%9F%D1%80%D0%BE%D1%81%D1%82%D0%BE%D1%80/%D0%93%D0%BE%D1%80%D0%BE%D0%B4%20%D0%A2%D1%8E%D0%BC%D0%B5%D0%BD%D1%8C%20(%D1%82%D0%B5%D1%81%D1%82)/%D0%9F%D1%80%D0%BE%D0%B5%D0%BA%D1%82%20%D0%B3%D0%BE%D1%80%D0%BE%D0%B4%20%D0%90%D1%80%D1%82%D1%91%D0%BC/%D0%9F%D1%80%D0%BE%D0%B5%D0%BA%D1%82%20%D0%B3%D0%BE%D1%80%D0%BE%D0%B4%20%D0%90%D1%80%D1%82%D1%91%D0%BC_%D0%9C%D0%B0%D0%B3%D0%B0%D0%B7%D0%B8%D0%BD%D1%8B_%D0%BE%D0%B4%D0%B5%D0%B6%D0%B4%D0%B0;Проверено;898;;Парк, Школа, Учреждение среднего профессионального образования, Поликлиника, Стоматологическая клиника, Аптека, Больница, Библиотека, Музей, Кинотеатр, Торгово-развлекательный центр, Кафе, Ресторан, Бар, Булочная, Спортивный центр, Каток, Детская площадка, Пожарная станция, Железнодорожная станция, Железнодорожный вокзал, Аэропорт, Автозаправочная станция, Парковка, Остановка наземного общественного транспорта, Супермаркет, Продукты (магазин у дома), Хозяйственные товары, Одежда и обувь, Детские товары, Спортивный магазин, Почтовое отделение, Отделение банка, Банкомат, Юридические услуги, Парикмахерская, Салон красоты, Ветеринарная клиника, Зоомагазин, Гостиница, База отдыха, Памятник, Кладбище, Аэропорт;Рекреационная зона, Водный объект, Зеленая зона, Жилой дом, Нежилое здание, Площадка, Автозаправочная станция, Памятник, Остановка наземного общественного транспорта, Кладбище, Парковка, Линия электропередачи, Сеть водоотведения, Железнодорожная станция, Насосная станция, Промышленная территория, Река, Озеро, Травяное покрытие, Лес, Полигон ТБО, Море, Залив, Аэропорт, Линия электропередачи, Река, Лес, Залив, Аэропорт
40;39;Проект город Артём;676;Исходный;Покажи процент жилых домов в радиусе 1000 метров от поликлиник.;В рамках анализа проекта выявлено, что 6.08% домов обеспечены доступом к поликлиникам, что говорит о низком уровне доступности.;1 - слой с жилыми домами, 2 - слой с поликлиниками, учитывающий буфер 1000 метров вокруг каждого из объектов.;https://disk.yandex.ru/client/disk/%D0%90_%D0%A8_%D0%9F%D1%80%D0%BE%D1%81%D1%82%D0%BE%D1%80/%D0%93%D0%BE%D1%80%D0%BE%D0%B4%20%D0%A2%D1%8E%D0%BC%D0%B5%D0%BD%D1%8C%20(%D1%82%D0%B5%D1%81%D1%82)/%D0%9F%D1%80%D0%BE%D0%B5%D0%BA%D1%82%20%D0%B3%D0%BE%D1%80%D0%BE%D0%B4%20%D0%90%D1%80%D1%82%D1%91%D0%BC/%D0%9F%D1%80%D0%BE%D0%B5%D0%BA%D1%82%20%D0%B3%D0%BE%D1%80%D0%BE%D0%B4%20%D0%90%D1%80%D1%82%D1%91%D0%BC_%D0%9F%D0%BE%D0%BB%D0%B8%D0%BA%D0%BB%D0%B8%D0%BD%D0%B8%D0%BA%D0%B0;Проверено;898;;Парк, Школа, Учреждение среднего профессионального образования, Поликлиника, Стоматологическая клиника, Аптека, Больница, Библиотека, Музей, Кинотеатр, Торгово-развлекательный центр, Кафе, Ресторан, Бар, Булочная, Спортивный центр, Каток, Детская площадка, Пожарная станция, Железнодорожная станция, Железнодорожный вокзал, Аэропорт, Автозаправочная станция, Парковка, Остановка наземного общественного транспорта, Супермаркет, Продукты (магазин у дома), Хозяйственные товары, Одежда и обувь, Детские товары, Спортивный магазин, Почтовое отделение, Отделение банка, Банкомат, Юридические услуги, Парикмахерская, Салон красоты, Ветеринарная клиника, Зоомагазин, Гостиница, База отдыха, Памятник, Кладбище, Аэропорт;Рекреационная зона, Водный объект, Зеленая зона, Жилой дом, Нежилое здание, Площадка, Автозаправочная станция, Памятник, Остановка наземного общественного транспорта, Кладбище, Парковка, Линия электропередачи, Сеть водоотведения, Железнодорожная станция, Насосная станция, Промышленная территория, Река, Озеро, Травяное покрытие, Лес, Полигон ТБО, Море, Залив, Аэропорт, Линия электропередачи, Река, Лес, Залив, Аэропорт
41;40;Проект город Артём;676;Исходный;Покажи процент жилых домов в радиусе 500 метров от школ.;В рамках анализа проекта выявлено, что 9.86% домов находятся в зоне доступности школ, что говорит о низком уровне обеспеченности.;1 - слой с жилыми домами, 2 - слой с школами, учитывающий буфер 500 метров вокруг каждого из объектов.;https://disk.yandex.ru/client/disk/%D0%90_%D0%A8_%D0%9F%D1%80%D0%BE%D1%81%D1%82%D0%BE%D1%80/%D0%93%D0%BE%D1%80%D0%BE%D0%B4%20%D0%A2%D1%8E%D0%BC%D0%B5%D0%BD%D1%8C%20(%D1%82%D0%B5%D1%81%D1%82)/%D0%9F%D1%80%D0%BE%D0%B5%D0%BA%D1%82%20%D0%B3%D0%BE%D1%80%D0%BE%D0%B4%20%D0%90%D1%80%D1%82%D1%91%D0%BC/%D0%9F%D1%80%D0%BE%D0%B5%D0%BA%D1%82%20%D0%B3%D0%BE%D1%80%D0%BE%D0%B4%20%D0%90%D1%80%D1%82%D1%91%D0%BC_%D1%88%D0%BA%D0%BE%D0%BB%D0%B0;Проверено;898;;Парк, Школа, Учреждение среднего профессионального образования, Поликлиника, Стоматологическая клиника, Аптека, Больница, Библиотека, Музей, Кинотеатр, Торгово-развлекательный центр, Кафе, Ресторан, Бар, Булочная, Спортивный центр, Каток, Детская площадка, Пожарная станция, Железнодорожная станция, Железнодорожный вокзал, Аэропорт, Автозаправочная станция, Парковка, Остановка наземного общественного транспорта, Супермаркет, Продукты (магазин у дома), Хозяйственные товары, Одежда и обувь, Детские товары, Спортивный магазин, Почтовое отделение, Отделение банка, Банкомат, Юридические услуги, Парикмахерская, Салон красоты, Ветеринарная клиника, Зоомагазин, Гостиница, База отдыха, Памятник, Кладбище, Аэропорт;Рекреационная зона, Водный объект, Зеленая зона, Жилой дом, Нежилое здание, Площадка, Автозаправочная станция, Памятник, Остановка наземного общественного транспорта, Кладбище, Парковка, Линия электропередачи, Сеть водоотведения, Железнодорожная станция, Насосная станция, Промышленная территория, Река, Озеро, Травяное покрытие, Лес, Полигон ТБО, Море, Залив, Аэропорт, Линия электропередачи, Река, Лес, Залив, Аэропорт
42;41;Г. Уфа, Советский район;1041;Исходный;Покажи процент жилых домов в радиусе 500 метров от аптек, чтобы оценить доступность фармацевтических услуг для населения района.;В рамках анализа проекта Г. Уфа, Советский район выявлено, что 90.09% жилых домов находятся в зоне доступности аптек, что говорит о высоком уровне обеспеченности.;1 - слой с жилыми домами, 2 - слой с аптеками, учитывающий буфер 500 метров вокруг каждого из объектов.;https://disk.yandex.ru/client/disk/%D0%90_%D0%A8_%D0%9F%D1%80%D0%BE%D1%81%D1%82%D0%BE%D1%80/%D0%93.%20%D0%A3%D1%84%D0%B0%2C%20%D0%A1%D0%BE%D0%B2%D0%B5%D1%82%D1%81%D0%BA%D0%B8%D0%B9%20%D1%80%D0%B0%D0%B9%D0%BE%D0%BD/%D0%93.%20%D0%A3%D1%84%D0%B0%2C%20%D0%A1%D0%BE%D0%B2%D0%B5%D1%82%D1%81%D0%BA%D0%B8%D0%B9%20%D1%80%D0%B0%D0%B9%D0%BE%D0%BD_%D0%90%D0%BF%D1%82%D0%B5%D0%BA%D0%B0_buffers;Проверено;1640;;Парк, Детский сад, Школа, Поликлиника, Стоматологическая клиника, Аптека, Больница, МФЦ, Библиотека, Зоопарк , Кинотеатр, Торгово-развлекательный центр, Кафе, Ресторан, Бар, Булочная, Спортивная площадка, Спортивный центр, Детская площадка, Полицейский участок, Железнодорожная станция, Железнодорожный вокзал, Автозаправочная станция, Парковка, Остановка наземного общественного транспорта, Супермаркет, Продукты (магазин у дома), Рынок, Хозяйственные товары, Одежда и обувь, Бытовая техника, Книжный магазин, Детские товары, Спортивный магазин, Почтовое отделение, Отделение банка, Банкомат, Юридические услуги, Парикмахерская, Салон красоты, Ветеринарная клиника, Зоомагазин, Гостиница, Хостел, Памятник, Религиозный объект, Парк;Рекреационная зона, Водный объект, Зеленая зона, Жилой дом, Нежилое здание, Площадка, Автозаправочная станция, Памятник, Остановка наземного общественного транспорта, Парковка, Линия электропередачи, Электростанция, Зоопарк, Железнодорожная станция, Промышленная территория, Река, Озеро, Травяное покрытие, Рекреационная зона, Зеленая зона, Линия электропередачи
43;42;Г. Уфа, Советский район;1041;Исходный;Определи являются ли кафе доступными для большинства жилых домов с учётом норматива обеспеченности 500 метров?;Да, потому что в зоне доступности находится 1107 жилых домов, что указывает на высокий уровень обеспеченности кафе.;1 - слой с жилыми домами, 2 - слой с кафе, учитывающий буфер 500 метров вокруг каждого из объектов.;https://disk.yandex.ru/client/disk/%D0%90_%D0%A8_%D0%9F%D1%80%D0%BE%D1%81%D1%82%D0%BE%D1%80/%D0%93.%20%D0%A3%D1%84%D0%B0%2C%20%D0%A1%D0%BE%D0%B2%D0%B5%D1%82%D1%81%D0%BA%D0%B8%D0%B9%20%D1%80%D0%B0%D0%B9%D0%BE%D0%BD/%D0%93.%20%D0%A3%D1%84%D0%B0%2C%20%D0%A1%D0%BE%D0%B2%D0%B5%D1%82%D1%81%D0%BA%D0%B8%D0%B9%20%D1%80%D0%B0%D0%B9%D0%BE%D0%BD_%D0%9A%D0%B0%D1%84%D0%B5_buffers;Проверено;1640;;Парк, Детский сад, Школа, Поликлиника, Стоматологическая клиника, Аптека, Больница, МФЦ, Библиотека, Зоопарк , Кинотеатр, Торгово-развлекательный центр, Кафе, Ресторан, Бар, Булочная, Спортивная площадка, Спортивный центр, Детская площадка, Полицейский участок, Железнодорожная станция, Железнодорожный вокзал, Автозаправочная станция, Парковка, Остановка наземного общественного транспорта, Супермаркет, Продукты (магазин у дома), Рынок, Хозяйственные товары, Одежда и обувь, Бытовая техника, Книжный магазин, Детские товары, Спортивный магазин, Почтовое отделение, Отделение банка, Банкомат, Юридические услуги, Парикмахерская, Салон красоты, Ветеринарная клиника, Зоомагазин, Гостиница, Хостел, Памятник, Религиозный объект, Парк;Рекреационная зона, Водный объект, Зеленая зона, Жилой дом, Нежилое здание, Площадка, Автозаправочная станция, Памятник, Остановка наземного общественного транспорта, Парковка, Линия электропередачи, Электростанция, Зоопарк, Железнодорожная станция, Промышленная территория, Река, Озеро, Травяное покрытие, Рекреационная зона, Зеленая зона, Линия электропередачи
44;43;Г. Уфа, Советский район;1041;Исходный;Определи являются ли магазины одежды доступными для большинства жилых домов с учётом нормативного радиуса 1500 метров?;Да, потому что в зоне доступности находится 1271 жилой дом, что говорит о хорошем уровне обеспеченности сервисом.;1 - слой с жилыми домами, 2 - слой с магазинами одежды, учитывающий буфер 1500 метров вокруг каждого из объектов.;https://disk.yandex.ru/client/disk/%D0%90_%D0%A8_%D0%9F%D1%80%D0%BE%D1%81%D1%82%D0%BE%D1%80/%D0%93.%20%D0%A3%D1%84%D0%B0%2C%20%D0%A1%D0%BE%D0%B2%D0%B5%D1%82%D1%81%D0%BA%D0%B8%D0%B9%20%D1%80%D0%B0%D0%B9%D0%BE%D0%BD/%D0%93.%20%D0%A3%D1%84%D0%B0%2C%20%D0%A1%D0%BE%D0%B2%D0%B5%D1%82%D1%81%D0%BA%D0%B8%D0%B9%20%D1%80%D0%B0%D0%B9%D0%BE%D0%BD_%D0%9C%D0%B0%D0%B3%D0%B0%D0%B7%D0%B8%D0%BD%D1%8B_%D0%BE%D0%B4%D0%B5%D0%B6%D0%B4%D0%B0_buffers;Проверено;1640;;Парк, Детский сад, Школа, Поликлиника, Стоматологическая клиника, Аптека, Больница, МФЦ, Библиотека, Зоопарк , Кинотеатр, Торгово-развлекательный центр, Кафе, Ресторан, Бар, Булочная, Спортивная площадка, Спортивный центр, Детская площадка, Полицейский участок, Железнодорожная станция, Железнодорожный вокзал, Автозаправочная станция, Парковка, Остановка наземного общественного транспорта, Супермаркет, Продукты (магазин у дома), Рынок, Хозяйственные товары, Одежда и обувь, Бытовая техника, Книжный магазин, Детские товары, Спортивный магазин, Почтовое отделение, Отделение банка, Банкомат, Юридические услуги, Парикмахерская, Салон красоты, Ветеринарная клиника, Зоомагазин, Гостиница, Хостел, Памятник, Религиозный объект, Парк;Рекреационная зона, Водный объект, Зеленая зона, Жилой дом, Нежилое здание, Площадка, Автозаправочная станция, Памятник, Остановка наземного общественного транспорта, Парковка, Линия электропередачи, Электростанция, Зоопарк, Железнодорожная станция, Промышленная территория, Река, Озеро, Травяное покрытие, Рекреационная зона, Зеленая зона, Линия электропередачи
45;44;Г. Уфа, Советский район;1041;Исходный;Покажи процент жилых домов в радиусе 1000 метров от поликлиник для оценки доступности медицинской инфраструктуры.;В рамках анализа проекта Г. Уфа, Советский район выявлено, что 92.6% домов обеспечены доступом к поликлиникам, что говорит о высоком уровне доступности.;1 - слой с жилыми домами, 2 - слой с поликлиниками, учитывающий буфер 1000 метров вокруг каждого из объектов.;https://disk.yandex.ru/client/disk/%D0%90_%D0%A8_%D0%9F%D1%80%D0%BE%D1%81%D1%82%D0%BE%D1%80/%D0%93.%20%D0%A3%D1%84%D0%B0%2C%20%D0%A1%D0%BE%D0%B2%D0%B5%D1%82%D1%81%D0%BA%D0%B8%D0%B9%20%D1%80%D0%B0%D0%B9%D0%BE%D0%BD/%D0%93.%20%D0%A3%D1%84%D0%B0%2C%20%D0%A1%D0%BE%D0%B2%D0%B5%D1%82%D1%81%D0%BA%D0%B8%D0%B9%20%D1%80%D0%B0%D0%B9%D0%BE%D0%BD_%D0%9F%D0%BE%D0%BB%D0%B8%D0%BA%D0%BB%D0%B8%D0%BD%D0%B8%D0%BA%D0%B0_buffers;Проверено;1640;;Парк, Детский сад, Школа, Поликлиника, Стоматологическая клиника, Аптека, Больница, МФЦ, Библиотека, Зоопарк , Кинотеатр, Торгово-развлекательный центр, Кафе, Ресторан, Бар, Булочная, Спортивная площадка, Спортивный центр, Детская площадка, Полицейский участок, Железнодорожная станция, Железнодорожный вокзал, Автозаправочная станция, Парковка, Остановка наземного общественного транспорта, Супермаркет, Продукты (магазин у дома), Рынок, Хозяйственные товары, Одежда и обувь, Бытовая техника, Книжный магазин, Детские товары, Спортивный магазин, Почтовое отделение, Отделение банка, Банкомат, Юридические услуги, Парикмахерская, Салон красоты, Ветеринарная клиника, Зоомагазин, Гостиница, Хостел, Памятник, Религиозный объект, Парк;Рекреационная зона, Водный объект, Зеленая зона, Жилой дом, Нежилое здание, Площадка, Автозаправочная станция, Памятник, Остановка наземного общественного транспорта, Парковка, Линия электропередачи, Электростанция, Зоопарк, Железнодорожная станция, Промышленная территория, Река, Озеро, Травяное покрытие, Рекреационная зона, Зеленая зона, Линия электропередачи
46;45;Г. Уфа, Советский район;1041;Исходный;Покажи процент жилых домов в радиусе 500 метров от школ для оценки доступности образовательной инфраструктуры.;В рамках анализа проекта Г. Уфа, Советский район выявлено, что 61.13% домов находятся в зоне доступности школ, что отражает хороший уровень обеспеченности.;1 - слой с жилыми домами, 2 - слой с школами, учитывающий буфер 500 метров вокруг каждого из объектов.;https://disk.yandex.ru/client/disk/%D0%90_%D0%A8_%D0%9F%D1%80%D0%BE%D1%81%D1%82%D0%BE%D1%80/%D0%93.%20%D0%A3%D1%84%D0%B0%2C%20%D0%A1%D0%BE%D0%B2%D0%B5%D1%82%D1%81%D0%BA%D0%B8%D0%B9%20%D1%80%D0%B0%D0%B9%D0%BE%D0%BD/%D0%93.%20%D0%A3%D1%84%D0%B0%2C%20%D0%A1%D0%BE%D0%B2%D0%B5%D1%82%D1%81%D0%BA%D0%B8%D0%B9%20%D1%80%D0%B0%D0%B9%D0%BE%D0%BD_%D1%88%D0%BA%D0%BE%D0%BB%D0%B0_buffers;Проверено;1640;;Парк, Детский сад, Школа, Поликлиника, Стоматологическая клиника, Аптека, Больница, МФЦ, Библиотека, Зоопарк , Кинотеатр, Торгово-развлекательный центр, Кафе, Ресторан, Бар, Булочная, Спортивная площадка, Спортивный центр, Детская площадка, Полицейский участок, Железнодорожная станция, Железнодорожный вокзал, Автозаправочная станция, Парковка, Остановка наземного общественного транспорта, Супермаркет, Продукты (магазин у дома), Рынок, Хозяйственные товары, Одежда и обувь, Бытовая техника, Книжный магазин, Детские товары, Спортивный магазин, Почтовое отделение, Отделение банка, Банкомат, Юридические услуги, Парикмахерская, Салон красоты, Ветеринарная клиника, Зоомагазин, Гостиница, Хостел, Памятник, Религиозный объект, Парк;Рекреационная зона, Водный объект, Зеленая зона, Жилой дом, Нежилое здание, Площадка, Автозаправочная станция, Памятник, Остановка наземного общественного транспорта, Парковка, Линия электропередачи, Электростанция, Зоопарк, Железнодорожная станция, Промышленная территория, Река, Озеро, Травяное покрытие, Рекреационная зона, Зеленая зона, Линия электропередачи
47;46;Гатчина (показ);938;Исходный;Покажи процент жилых домов в радиусе 500 метров от аптек, чтобы оценить доступность фармацевтических сервисов для населения.;В рамках анализа проекта Гатчина выявлено, что 91.72% жилых домов находятся в зоне доступности аптек, что говорит о высоком уровне обеспеченности.;1 - слой с жилыми домами, 2 - слой с аптеками, учитывающий буфер 500 метров вокруг каждого из объектов.;https://disk.yandex.ru/client/disk/%D0%90_%D0%A8_%D0%9F%D1%80%D0%BE%D1%81%D1%82%D0%BE%D1%80/%D0%93%D0%B0%D1%82%D1%87%D0%B8%D0%BD%D0%B0%20(%D0%BF%D0%BE%D0%BA%D0%B0%D0%B7)/%D0%93%D0%B0%D1%82%D1%87%D0%B8%D0%BD%D0%B0%20(%D0%BF%D0%BE%D0%BA%D0%B0%D0%B7)_%D0%90%D0%BF%D1%82%D0%B5%D0%BA%D0%B0_buffers;Проверено;1429;;Парк, Детский сад, Школа, Учреждение среднего профессионального образования, Учреждение высшего профессионального образования, Поликлиника, Стоматологическая клиника, Аптека, Больница, Станция скорой медицинской помощи, Морг, МФЦ, Библиотека, Музей, Театр, Кинотеатр, Торгово-развлекательный центр, Стадион, Кафе, Ресторан, Бар, Булочная, Спортивная площадка, Спортивный центр, Детская площадка, Скейт-парк, Полицейский участок, Пожарная станция, Железнодорожная станция, Железнодорожный вокзал, Автозаправочная станция, Остановка наземного общественного транспорта, Супермаркет, Продукты (магазин у дома), Рынок, Хозяйственные товары, Одежда и обувь, Бытовая техника, Книжный магазин, Детские товары, Спортивный магазин, Почтовое отделение, Пункт выдачи, Отделение банка, Банкомат, Юридические услуги, Парикмахерская, Салон красоты, Ветеринарная клиника, Зоомагазин, Гостиница, Хостел;Рекреационная зона, Водный объект, Жилой дом, Нежилое здание, Площадка, Автозаправочная станция, Остановка наземного общественного транспорта, Кладбище, Распределительный трубопровод для транспортировки газа, Электрическая подстанция, Объект магистрального газопровода, Линия электропередачи, Сеть водоотведения, Железнодорожная станция, Водоочистное сооружение, Водозаборное сооружение, Промышленная территория, Озеро, Травяное покрытие, Лес, Региональная дорога, Местная дорога, Сеть электросвязи, Объект теплоснабжения, Объект связи, Сеть теплоснабжения, Объект добычи и транспортировки газа
48;47;Гатчина (показ);938;Исходный;Определи являются ли библиотеки доступными для большинства жилых домов с учётом норматива обеспеченности 1000 метров?;Да, потому что в зоне доступности находится 543 из 1271 жилых дома, что свидетельствует о достаточном уровне обеспеченности.;1 - слой с жилыми домами, 2 - слой с библиотеками, учитывающий буфер 1000 метров вокруг каждого из объектов.;https://disk.yandex.ru/client/disk/%D0%90_%D0%A8_%D0%9F%D1%80%D0%BE%D1%81%D1%82%D0%BE%D1%80/%D0%93%D0%B0%D1%82%D1%87%D0%B8%D0%BD%D0%B0%20(%D0%BF%D0%BE%D0%BA%D0%B0%D0%B7)/%D0%93%D0%B0%D1%82%D1%87%D0%B8%D0%BD%D0%B0%20(%D0%BF%D0%BE%D0%BA%D0%B0%D0%B7)_%D0%91%D0%B8%D0%B1%D0%BB%D0%B8%D0%BE%D1%82%D0%B5%D0%BA%D0%B0_buffers;Проверено;1429;;Парк, Детский сад, Школа, Учреждение среднего профессионального образования, Учреждение высшего профессионального образования, Поликлиника, Стоматологическая клиника, Аптека, Больница, Станция скорой медицинской помощи, Морг, МФЦ, Библиотека, Музей, Театр, Кинотеатр, Торгово-развлекательный центр, Стадион, Кафе, Ресторан, Бар, Булочная, Спортивная площадка, Спортивный центр, Детская площадка, Скейт-парк, Полицейский участок, Пожарная станция, Железнодорожная станция, Железнодорожный вокзал, Автозаправочная станция, Остановка наземного общественного транспорта, Супермаркет, Продукты (магазин у дома), Рынок, Хозяйственные товары, Одежда и обувь, Бытовая техника, Книжный магазин, Детские товары, Спортивный магазин, Почтовое отделение, Пункт выдачи, Отделение банка, Банкомат, Юридические услуги, Парикмахерская, Салон красоты, Ветеринарная клиника, Зоомагазин, Гостиница, Хостел;Рекреационная зона, Водный объект, Жилой дом, Нежилое здание, Площадка, Автозаправочная станция, Остановка наземного общественного транспорта, Кладбище, Распределительный трубопровод для транспортировки газа, Электрическая подстанция, Объект магистрального газопровода, Линия электропередачи, Сеть водоотведения, Железнодорожная станция, Водоочистное сооружение, Водозаборное сооружение, Промышленная территория, Озеро, Травяное покрытие, Лес, Региональная дорога, Местная дорога, Сеть электросвязи, Объект теплоснабжения, Объект связи, Сеть теплоснабжения, Объект добычи и транспортировки газа
49;48;Гатчина (показ);938;Исходный;Определи являются ли магазины одежды доступными для большинства жилых домов с учётом радиуса 1500 метров?;Да, потому что в зоне доступности находится 570 из 1271 жилых домов, что говорит о хорошем уровне доступности.;1 - слой с жилыми домами, 2 - слой с магазинами одежды, учитывающий буфер 1500 метров вокруг каждого из объектов.;https://disk.yandex.ru/client/disk/%D0%90_%D0%A8_%D0%9F%D1%80%D0%BE%D1%81%D1%82%D0%BE%D1%80/%D0%93%D0%B0%D1%82%D1%87%D0%B8%D0%BD%D0%B0%20(%D0%BF%D0%BE%D0%BA%D0%B0%D0%B7)/%D0%93%D0%B0%D1%82%D1%87%D0%B8%D0%BD%D0%B0%20(%D0%BF%D0%BE%D0%BA%D0%B0%D0%B7)_%D0%9C%D0%B0%D0%B3%D0%B0%D0%B7%D0%B8%D0%BD%D1%8B_%D0%BE%D0%B4%D0%B5%D0%B6%D0%B4%D0%B0_buffers;Проверено;1429;;Парк, Детский сад, Школа, Учреждение среднего профессионального образования, Учреждение высшего профессионального образования, Поликлиника, Стоматологическая клиника, Аптека, Больница, Станция скорой медицинской помощи, Морг, МФЦ, Библиотека, Музей, Театр, Кинотеатр, Торгово-развлекательный центр, Стадион, Кафе, Ресторан, Бар, Булочная, Спортивная площадка, Спортивный центр, Детская площадка, Скейт-парк, Полицейский участок, Пожарная станция, Железнодорожная станция, Железнодорожный вокзал, Автозаправочная станция, Остановка наземного общественного транспорта, Супермаркет, Продукты (магазин у дома), Рынок, Хозяйственные товары, Одежда и обувь, Бытовая техника, Книжный магазин, Детские товары, Спортивный магазин, Почтовое отделение, Пункт выдачи, Отделение банка, Банкомат, Юридические услуги, Парикмахерская, Салон красоты, Ветеринарная клиника, Зоомагазин, Гостиница, Хостел;Рекреационная зона, Водный объект, Жилой дом, Нежилое здание, Площадка, Автозаправочная станция, Остановка наземного общественного транспорта, Кладбище, Распределительный трубопровод для транспортировки газа, Электрическая подстанция, Объект магистрального газопровода, Линия электропередачи, Сеть водоотведения, Железнодорожная станция, Водоочистное сооружение, Водозаборное сооружение, Промышленная территория, Озеро, Травяное покрытие, Лес, Региональная дорога, Местная дорога, Сеть электросвязи, Объект теплоснабжения, Объект связи, Сеть теплоснабжения, Объект добычи и транспортировки газа
50;49;Гатчина (показ);938;Исходный;Покажи процент жилых домов в радиусе 1000 метров от поликлиник, чтобы оценить доступность медицинской инфраструктуры.;В рамках анализа проекта Гатчина выявлено, что 93.87% жилых домов обеспечены доступом к поликлиникам, что говорит о высоком уровне доступности.;1 - слой с жилыми домами, 2 - слой с поликлиниками, учитывающий буфер 1000 метров вокруг каждого из объектов.;https://disk.yandex.ru/client/disk/%D0%90_%D0%A8_%D0%9F%D1%80%D0%BE%D1%81%D1%82%D0%BE%D1%80/%D0%93%D0%B0%D1%82%D1%87%D0%B8%D0%BD%D0%B0%20(%D0%BF%D0%BE%D0%BA%D0%B0%D0%B7)/%D0%93%D0%B0%D1%82%D1%87%D0%B8%D0%BD%D0%B0%20(%D0%BF%D0%BE%D0%BA%D0%B0%D0%B7)_%D0%9F%D0%BE%D0%BB%D0%B8%D0%BA%D0%BB%D0%B8%D0%BD%D0%B8%D0%BA%D0%B0_buffers;Проверено;1429;;Парк, Детский сад, Школа, Учреждение среднего профессионального образования, Учреждение высшего профессионального образования, Поликлиника, Стоматологическая клиника, Аптека, Больница, Станция скорой медицинской помощи, Морг, МФЦ, Библиотека, Музей, Театр, Кинотеатр, Торгово-развлекательный центр, Стадион, Кафе, Ресторан, Бар, Булочная, Спортивная площадка, Спортивный центр, Детская площадка, Скейт-парк, Полицейский участок, Пожарная станция, Железнодорожная станция, Железнодорожный вокзал, Автозаправочная станция, Остановка наземного общественного транспорта, Супермаркет, Продукты (магазин у дома), Рынок, Хозяйственные товары, Одежда и обувь, Бытовая техника, Книжный магазин, Детские товары, Спортивный магазин, Почтовое отделение, Пункт выдачи, Отделение банка, Банкомат, Юридические услуги, Парикмахерская, Салон красоты, Ветеринарная клиника, Зоомагазин, Гостиница, Хостел;Рекреационная зона, Водный объект, Жилой дом, Нежилое здание, Площадка, Автозаправочная станция, Остановка наземного общественного транспорта, Кладбище, Распределительный трубопровод для транспортировки газа, Электрическая подстанция, Объект магистрального газопровода, Линия электропередачи, Сеть водоотведения, Железнодорожная станция, Водоочистное сооружение, Водозаборное сооружение, Промышленная территория, Озеро, Травяное покрытие, Лес, Региональная дорога, Местная дорога, Сеть электросвязи, Объект теплоснабжения, Объект связи, Сеть теплоснабжения, Объект добычи и транспортировки газа
51;50;Гатчина (показ);938;Исходный;Покажи процент жилых домов в радиусе 500 метров от школ, чтобы оценить доступность образовательной инфраструктуры.;В рамках анализа проекта Гатчина выявлено, что 70.36% жилых домов находятся в зоне доступности школ, что говорит о хорошем уровне обеспеченности.;1 - слой с жилыми домами, 2 - слой с школами, учитывающий буфер 500 метров вокруг каждого из объектов.;https://disk.yandex.ru/client/disk/%D0%90_%D0%A8_%D0%9F%D1%80%D0%BE%D1%81%D1%82%D0%BE%D1%80/%D0%93%D0%B0%D1%82%D1%87%D0%B8%D0%BD%D0%B0%20(%D0%BF%D0%BE%D0%BA%D0%B0%D0%B7)/%D0%93%D0%B0%D1%82%D1%87%D0%B8%D0%BD%D0%B0%20(%D0%BF%D0%BE%D0%BA%D0%B0%D0%B7)_%D1%88%D0%BA%D0%BE%D0%BB%D0%B0_buffers;Проверено;1429;;Парк, Детский сад, Школа, Учреждение среднего профессионального образования, Учреждение высшего профессионального образования, Поликлиника, Стоматологическая клиника, Аптека, Больница, Станция скорой медицинской помощи, Морг, МФЦ, Библиотека, Музей, Театр, Кинотеатр, Торгово-развлекательный центр, Стадион, Кафе, Ресторан, Бар, Булочная, Спортивная площадка, Спортивный центр, Детская площадка, Скейт-парк, Полицейский участок, Пожарная станция, Железнодорожная станция, Железнодорожный вокзал, Автозаправочная станция, Остановка наземного общественного транспорта, Супермаркет, Продукты (магазин у дома), Рынок, Хозяйственные товары, Одежда и обувь, Бытовая техника, Книжный магазин, Детские товары, Спортивный магазин, Почтовое отделение, Пункт выдачи, Отделение банка, Банкомат, Юридические услуги, Парикмахерская, Салон красоты, Ветеринарная клиника, Зоомагазин, Гостиница, Хостел;Рекреационная зона, Водный объект, Жилой дом, Нежилое здание, Площадка, Автозаправочная станция, Остановка наземного общественного транспорта, Кладбище, Распределительный трубопровод для транспортировки газа, Электрическая подстанция, Объект магистрального газопровода, Линия электропередачи, Сеть водоотведения, Железнодорожная станция, Водоочистное сооружение, Водозаборное сооружение, Промышленная территория, Озеро, Травяное покрытие, Лес, Региональная дорога, Местная дорога, Сеть электросвязи, Объект теплоснабжения, Объект связи, Сеть теплоснабжения, Объект добычи и транспортировки газа
52;51;"ЖК ""Домашний""";593;Исходный;Покажи, сколько жилых домов от общего количества существующих на территории попадают в радиус 100 метров от остановок, поскольку в этом радиусе обеспечивается пешеходная доступность и снижается зависимость от личного автотранспорта.;"В приведённом слое для проекта ЖК ""Домашний"" 5 жилых домов, из которых 2  находятся или пересекают радиус 100 метров от остановок общественного транспорта ";1 слой с полигонами жилых домов, 1 слой с буферными зонами 100 метров от остановок общественного транспорта;https://disk.yandex.ru/d/8gAazOJM8ajaJg;Проверено;744;;Детская площадка, Площадка для выгула собак;Рекреационная зона, Жилой дом, Нежилое здание, Площадка, Остановка наземного общественного транспорта, Парковка, Промышленная территория, Линия электропередачи
53;52;"ЖК ""Домашний""";593;Исходный;Проверь, находятся ли жилые дома на расстоянии 500 метров от промышленной зоны, так как это нарушает требования санитарно-защитных зон.;В слое для проекта ЖК «Домашний» 3 из 5 жилых домов находятся или пересекают буфер 500 метров от промышленной зоны. Это нарушает требования санитарно-защитных зон.;1 слой с промышленной территорией, 1 слой с жилыми домами;https://disk.yandex.ru/d/8gAazOJM8ajaJg;Проверено;744;;Детская площадка, Площадка для выгула собак;Рекреационная зона, Жилой дом, Нежилое здание, Площадка, Остановка наземного общественного транспорта, Парковка, Промышленная территория, Линия электропередачи
56;55;Проект Эталон в Ростове на Дону;643;Исходный;Покажи, какое количество нежилых зданий  в проекте Эталон в Ростове-на-Дону находится в радиусе 300 метров от остановок, поскольку в этой зоне на данной территории обеспечивается удобный доступ для сотрудников и клиентов нежилых зданий к общественному транспорту.;В проекте «Эталон» в Ростове-на-Дону из 615 нежилых зданий в радиусе 300 метров от остановок находится 147 зданий. Это составляет всего лишь 24% от общего числа. Соответственно, небольшая часть сотрудников и клиентов имеют удобный доступ к общественному транспорту, что снижает привлекательность этих нежилых зданий для арендаторов, которым важна транспортная доступность.;1 слой с нежилыми зданиями, 1 слой с буферными зонами в 300 метров от остановок;https://disk.yandex.ru/d/voEq9R8AKDesRA;Проверено;861;;Ресторан, Остановка наземного общественного транспорта, Продукты (магазин у дома), Памятник;Зеленая зона, Нежилое здание, Памятник, Остановка наземного общественного транспорта, Линия электропередачи, Травяное покрытие, Зеленая зона, Линия электропередачи, Промышленная территория, Травяное покрытие
57;56;Проект территории Новознаменский;642;Исходный;Скажи, сколько спортивных площадок попадает в радиус 500 метров от школы? Это интересно рассмотреть, потому что близость спортплощадок к школе создаёт условия для развития массового спорта и вовлечения школьников в регулярные тренировки.;В данном проекте все спортивные площадки попадают в зону 500 метров от школы. Это составляет 100% от общего числа. Прекрасный результат, поскольку каждый ученик имеет доступ к спортивной инфраструктуре рядом со школой, что способствует формированию здорового образа жизни.;1 слой с буферной зоной 500 метров от школы,1 слой со спортивными площадками;https://disk.yandex.ru/d/LzSEEoEq_5dlcw;Проверено;857;;Детский сад, Школа, Театр, Спортивная площадка, Детская площадка, Скейт-парк, Автозаправочная станция, Площадка для выгула собак, Парк;Нежилое здание, Площадка, Автозаправочная станция, Остановка наземного общественного транспорта, Парковка, Линия электропередачи, Водонапорная башня, Рекреационная зона, Зеленая зона, Парковка, Линия электропередачи, Федеральная дорога
59;58;Проект территории Новознаменский;642;Исходный;Сколько детских площадок на территории проекта попадает в радиус 50 метров от парковок, поскольку близость к парковкам создаёт риск наезда на детей, выхлопных газов и шума, что небезопасно для игр.;5 из 11 детских площадок попадают в радиус 50 метров от парковок. Это составляет примерно 45,5% от общего числа. Данный результат можно считать тревожным,так как почти половина детских площадок расположена в потенциально опасной зоне.;1 слой с детскими площадками,1 слой с буферной зоной 50 метров от парковок;https://disk.yandex.ru/d/LzSEEoEq_5dlcw;Проверено;857;;Детский сад, Школа, Театр, Спортивная площадка, Детская площадка, Скейт-парк, Автозаправочная станция, Площадка для выгула собак, Парк;Нежилое здание, Площадка, Автозаправочная станция, Остановка наземного общественного транспорта, Парковка, Линия электропередачи, Водонапорная башня, Рекреационная зона, Зеленая зона, Парковка, Линия электропередачи, Федеральная дорога
60;59;"Проект г. Шуя для ДПО ""Мастер-планирование""";917;Исходный;Покажи, сколько жилых зданий попадают в радиус 300 метров от рекреационных зон,представленных на данном проекте в виде парка, поскольку в этом радиусе обеспечивается пешеходная доступность к зелёным зонам для ежедневного отдыха и прогулок.;Из 683 объектов застройки в буферную зону 300 метров от парка полностью попадает 219 объектов. Это составляет примерно 32% от общего числа. Такой показатель можно считать удовлетворительным, однако для обеспечения равномерной рекреационной доступности целесообразно рассмотреть возможность дополнительного озеленения в других частях территории.;1 слой с буферными зонами 300 метров от парков,1 слой с жилыми зданиями в этом буфере;https://disk.yandex.ru/d/4bx_jULIu0-Rrw;Проверено;1390;;Парк, Детский сад, Школа, Учреждение среднего профессионального образования, Учреждение высшего профессионального образования, Больница, Музей, Кинотеатр, Торгово-развлекательный центр, Стадион, Ресторан, Спортивная площадка, Полицейский участок, Пожарная станция, Автозаправочная станция, Супермаркет, Продукты (магазин у дома), Рынок, Одежда и обувь, Бытовая техника, Почтовое отделение, Пункт выдачи, Банкомат, Салон красоты, Гостиница, Религиозный объект, Кладбище;Рекреационная зона, Зеленая зона, Жилой дом, Нежилое здание, Площадка, Автозаправочная станция, Памятник, Кладбище, Парковка, Линия электропередачи, Железнодорожная станция, Водонапорная башня, Промышленная территория, Региональная дорога
61;60;"Проект г. Шуя для ДПО ""Мастер-планирование""";917;Исходный;Скажи, есть ли на этом проекте такое,что  школа находятся в 50 метрах или ближе от кладбища?Хочу это узнать,посколькусогласно действующим санитарным правилам и нормам, расстояние от зданий и сооружений похоронного назначения  до школьных учреждений должно составлять не менее 50 метров;На данном проекте нарушений нет: ни одна школа  не находятся в радиусе 50 метров и менее от кладбища.;1 слой с буферными зонами 50 метров от кладбищ,1 слой с школами;https://disk.yandex.ru/d/4bx_jULIu0-Rrw;Проверено;1390;;Парк, Детский сад, Школа, Учреждение среднего профессионального образования, Учреждение высшего профессионального образования, Больница, Музей, Кинотеатр, Торгово-развлекательный центр, Стадион, Ресторан, Спортивная площадка, Полицейский участок, Пожарная станция, Автозаправочная станция, Супермаркет, Продукты (магазин у дома), Рынок, Одежда и обувь, Бытовая техника, Почтовое отделение, Пункт выдачи, Банкомат, Салон красоты, Гостиница, Религиозный объект, Кладбище;Рекреационная зона, Зеленая зона, Жилой дом, Нежилое здание, Площадка, Автозаправочная станция, Памятник, Кладбище, Парковка, Линия электропередачи, Железнодорожная станция, Водонапорная башня, Промышленная территория, Региональная дорога
62;61;"Проект г. Шуя для ДПО ""Мастер-планирование""";917;Исходный;Покажи супермаркеты в 100 м от школ, потому что продажа алкоголя в этом радиусе запрещена законом, надо понять есть ли нарушения.;В приведённом слое для проекта г. Шуя (ДПО «Мастер-планирование») среди 5 магазинов нет ни одного, который бы находился в радиусе 100 метров от школ . Нарушений не выявлено.;1 слой с магазинами, 1 слой с буферными зонами 100 метров от школ;https://disk.yandex.ru/d/4bx_jULIu0-Rrw;Проверено;1390;;Парк, Детский сад, Школа, Учреждение среднего профессионального образования, Учреждение высшего профессионального образования, Больница, Музей, Кинотеатр, Торгово-развлекательный центр, Стадион, Ресторан, Спортивная площадка, Полицейский участок, Пожарная станция, Автозаправочная станция, Супермаркет, Продукты (магазин у дома), Рынок, Одежда и обувь, Бытовая техника, Почтовое отделение, Пункт выдачи, Банкомат, Салон красоты, Гостиница, Религиозный объект, Кладбище;Рекреационная зона, Зеленая зона, Жилой дом, Нежилое здание, Площадка, Автозаправочная станция, Памятник, Кладбище, Парковка, Линия электропередачи, Железнодорожная станция, Водонапорная башня, Промышленная территория, Региональная дорога
64;63;Проект территории Новознаменский;642;Исходный;"Попадает ли парк в зону 300 метров от водонапорной башни на проекте территории ""Новознаменский""? Башня может быть точкой притяжения, от этого зависит посещаемость парка, поэтому важно узнать их взаимное расположение.";Парк пересекает буферную зону 300 метров от водонапорной башни. Это значит, что башня находится в пешей доступности от парка и может служить дополнительной точкой притяжения, повышая посещаемость парка. Такое взаимное расположение можно считать удачным с точки зрения формирования общественного пространства.;1 слой с буферной зоной 300 метров от водонапорной башни, 1 слой с парком;https://disk.yandex.ru/d/LzSEEoEq_5dlcw;Проверено;857;;Детский сад, Школа, Театр, Спортивная площадка, Детская площадка, Скейт-парк, Автозаправочная станция, Площадка для выгула собак, Парк;Нежилое здание, Площадка, Автозаправочная станция, Остановка наземного общественного транспорта, Парковка, Линия электропередачи, Водонапорная башня, Рекреационная зона, Зеленая зона, Парковка, Линия электропередачи, Федеральная дорога
67;66;Магдагачи;945;Исходный;Определи, сколько жилых домов находятся в радиусе 500 метров от школ на территории проекта «Магдагачи», поскольку это расстояние закреплено нормативно;На проекте «Магдагачи» из 2117 жилых домов в буферной зоне 500 метров от единственной школы на территории находится 243 дома. Это составляет примерно 11,5% от общего числа. Остальные 88,5% жилых домов находятся за пределами нормативной пешеходной доступности, что может создавать неудобства для семей с детьми.;1 слой со школами(кол-во:1) и буферными зонами 500 метров от них, 1 слой с жилыми зданиями;https://disk.yandex.ru/d/BPzHd-hIgF424A;Проверено;1440;;Детский сад, Школа, Ресторан, Булочная, Супермаркет, Продукты (магазин у дома), Одежда и обувь, Банкомат;Нежилое здание, Федеральная дорога, Нежилое здание, Местная дорога, Жилой дом
68;67;Магдагачи;945;Исходный;Покажи, сколько магазинов у дома находятся в 100 метрах от школ. Хочу выяснить, не нарушается ли ограничение по продаже алкоголя вблизи образовательных детских учреждений.;На территории находятся 2 магазина у дома, и ни один из них не попадает в буферную зону 100 метров от школы. Это означает, что ограничения по продаже алкоголя вблизи образовательных детских учреждений не нарушаются.;1 слой со школой и буферной зоной 100 метров вокруг нее, 1 слой с магазинами у дома;https://disk.yandex.ru/d/BPzHd-hIgF424A;Проверено;1440;;Детский сад, Школа, Ресторан, Булочная, Супермаркет, Продукты (магазин у дома), Одежда и обувь, Банкомат;Нежилое здание, Федеральная дорога, Нежилое здание, Местная дорога, Жилой дом
72;71;Отрадное_2;1097;Исходный;Посчитай, сколько нежилых зданий от общего количества находятся в радиусе 100 метров от детских площадок, поскольку в этом радиусе возможен повышенный шум;6 из 143 нежилых зданий находятся в радиусе 100 метров от детских площадок. Это составляет примерно 4,2% от общего числа нежилых объектов. Поскольку в этом радиусе возможен повышенный шум от играющих детей, рекомендуется предусмотреть шумоизоляцию либо озеленение для снижения дискомфорта.;1 слой с детскими площадками и буферными зонами вокруг них, 1 слой с нежилыми зданиями;https://disk.yandex.ru/d/mUe4yM6bJz8UCg;Проверено;1738;;Детская площадка;Жилой дом, Нежилое здание, Площадка, Озеро, Лес, Федеральная дорога, Региональная дорога, Местная дорога
76;75;Щеглово;1235;Исходный;Определи, сколько нежилых зданий расположены в радиусе 300 метров от супермаркетов или магазинов «у дома», так как это расстояние создаёт пешеходный поток, увеличивающий проходимость и потенциальную выручку;На территории данного проекта 112 из 2389 нежилых зданий находятся внутри радиуса 300 метров от супермаркетов. Что может означать, что лишь небольшая доля нежилых зданий пользуется пешеходным потоком от крупных магазинов, а остальные расположены вне зоны активной торговой привлекательности;1 слой с буферной зоной 300 метров от магазинов, 1 слой с нежилыми зданиями;https://disk.yandex.ru/d/dKu-pNFhUKqzhA;Проверено;5021;;Парк, Детский сад, Школа, Дом детского творчества, Стоматологическая клиника, Аптека, Библиотека, Булочная, Спортивная площадка, Спортивный центр, Детская площадка, Железнодорожная станция, Аэропорт, Остановка наземного общественного транспорта, Супермаркет, Продукты (магазин у дома), Хозяйственные товары, Почтовое отделение, Пункт выдачи, Отделение банка, Банкомат, Парикмахерская, Салон красоты, Религиозный объект;Рекреационная зона, Жилой дом, Нежилое здание, Площадка, Остановка наземного общественного транспорта, Кладбище, Железнодорожная станция, Промышленная территория, Река, Травяное покрытие, Лес, Региональная дорога, Местная дорога, Аэропорт
77;76;Щеглово;1235;Исходный;Покажи, сколько на данном проекте жилыых домов, в радиусе 100 метров от которых есть детская площадка, поскольку такое расстояние обеспечивает визуальный контроль родителей и быстрый доступ ребёнка к месту игр;"В проекте ""Щеглово"" 93 из 1467 жилых домов пересекают или полностью попадают в радиус 100 метров от детской площадки. Это составляет примерно 6,3% от общего числа жилых домов. Значит, что лишь малая часть жителей имеет визуальный контроль и быстрый доступ ребёнка к месту игр, а остальные 93,7% жилых домов находятся дальше. Это может создавать неудобства для семей с детьми.";1 слой с детскими площадками и буферными зонами 100 метров вокруг них,1 слой с жилыми домами;https://disk.yandex.ru/d/dKu-pNFhUKqzhA;Проверено;5021;;Парк, Детский сад, Школа, Дом детского творчества, Стоматологическая клиника, Аптека, Библиотека, Булочная, Спортивная площадка, Спортивный центр, Детская площадка, Железнодорожная станция, Аэропорт, Остановка наземного общественного транспорта, Супермаркет, Продукты (магазин у дома), Хозяйственные товары, Почтовое отделение, Пункт выдачи, Отделение банка, Банкомат, Парикмахерская, Салон красоты, Религиозный объект;Рекреационная зона, Жилой дом, Нежилое здание, Площадка, Остановка наземного общественного транспорта, Кладбище, Железнодорожная станция, Промышленная территория, Река, Травяное покрытие, Лес, Региональная дорога, Местная дорога, Аэропорт
79;78;Щеглово;1235;Исходный;Попадает ли на данном проекте «Щеглово» дом детского творчества в радиус 300 метров от детского сада? Это расстояние позволяет быстро добраться до развивающего центра без использования транспорта, что удобно для занятий детей после детского сада и снижает нагрузку на родителей.;Да, на проекте «Щеглово» дом детского творчества попадает в зону 300 метров от детского сада. Такое расположение можно считать удачным с точки зрения формирования непрерывной образовательной среды.;1 слой с детским садом и буферной зоной 300 метров от него, 1 слой с домом детского творчества ;https://disk.yandex.ru/d/dKu-pNFhUKqzhA;Проверено;5021;;Парк, Детский сад, Школа, Дом детского творчества, Стоматологическая клиника, Аптека, Библиотека, Булочная, Спортивная площадка, Спортивный центр, Детская площадка, Железнодорожная станция, Аэропорт, Остановка наземного общественного транспорта, Супермаркет, Продукты (магазин у дома), Хозяйственные товары, Почтовое отделение, Пункт выдачи, Отделение банка, Банкомат, Парикмахерская, Салон красоты, Религиозный объект;Рекреационная зона, Жилой дом, Нежилое здание, Площадка, Остановка наземного общественного транспорта, Кладбище, Железнодорожная станция, Промышленная территория, Река, Травяное покрытие, Лес, Региональная дорога, Местная дорога, Аэропорт
80;79;Щеглово;1235;Исходный;Попадает ли на проекте «Щеглово» жилые здания в зону 100 метров от кладбища, поскольку это расстояние является санитарно-защитной зоной для кладбища до 10 га, как на моем проекте;На проекте «Щеглово» 20 из 1467 жилых зданий находятся или пересекают зону 100 метров от кладбища. Это составляет примерно 1,4% от общего числа. Это хороший результат, поскольку подавляющее большинство жилых зданий (около 98,6%) не попадают в ближнюю санитарно-защитную зону кладбища, и рядом с кладбищем остаётся много жилых домов, которые не затронуты ограничениями.;1 слой с кладбищем и буферной зоной 100 метров от него, 1 слой с жилыми зданиями;https://disk.yandex.ru/d/dKu-pNFhUKqzhA;Проверено;5021;;Парк, Детский сад, Школа, Дом детского творчества, Стоматологическая клиника, Аптека, Библиотека, Булочная, Спортивная площадка, Спортивный центр, Детская площадка, Железнодорожная станция, Аэропорт, Остановка наземного общественного транспорта, Супермаркет, Продукты (магазин у дома), Хозяйственные товары, Почтовое отделение, Пункт выдачи, Отделение банка, Банкомат, Парикмахерская, Салон красоты, Религиозный объект;Рекреационная зона, Жилой дом, Нежилое здание, Площадка, Остановка наземного общественного транспорта, Кладбище, Железнодорожная станция, Промышленная территория, Река, Травяное покрытие, Лес, Региональная дорога, Местная дорога, Аэропорт
83;82;Город Урай;1359;Исходный;Узнай на проекте «Город Урай», находится ли дом детского творчества в радиусе 300 метров от детского сада. Близость важна, чтобы сократить время родителей и обеспечить возможность водить детей пешком.;На проекте «Город Урай» ни один дом детского творчества(количество:2) не попадает в зону 300 метров от детского сада(количество:3). Родителям, скорее всего, придётся использовать транспорт или тратить больше времени на дорогу;1 слой с детскими садами и буферной зоной 300 метров от них, 1 слой с домами детского творчества;https://disk.yandex.ru/d/h0UgX4gaNA9yUw;Проверено;10068;;Парк, Детский сад, Школа, Дом детского творчества, Учреждение среднего профессионального образования, Поликлиника, Стоматологическая клиника, Аптека, Больница, МФЦ, Театр, Торгово-развлекательный центр, Стадион, Кафе, Спортивная площадка, Бассейн, Спортивный центр, Детская площадка, Парк аттракционов, Скейт-парк, Полицейский участок, Пожарная станция, Аэропорт, Супермаркет, Продукты (магазин у дома), Книжный магазин, Банкомат, Зоомагазин, Площадка для выгула собак, Гостиница, Религиозный объект, Кладбище;Рекреационная зона, Водный объект, Жилой дом, Нежилое здание, Площадка, Памятник, Остановка наземного общественного транспорта, Кладбище, Линия электропередачи, Сеть водоснабжения, Порт, Парк развлечений, Промышленная территория, Озеро, Необрабатываемое поле, Региональная дорога, Аэропорт
84;83;Город Урай;1359;Исходный;Какое количество гостиниц находятся в радиусе 500 метров от кафе, ведь именно такое расстояние позволяет гостям города пройти путь быстро, не заблудиться и перекусить без длительных поисков.;На данном проекте 1 из 4 гостиниц попадает в буферную зону 500 метров от кафе. Такой результат нельзя назвать хорошим, поскольку большинство гостей города  не имеют быстрого и удобного доступа к кафе пешком в радиусе 500 метров, что может создавать неудобства и снижать туристическую привлекательность.;1 слой с гостиницами, 1 слой с кафе и буферными зонами 500 метров от них;https://disk.yandex.ru/d/h0UgX4gaNA9yUw;Проверено;10068;;Парк, Детский сад, Школа, Дом детского творчества, Учреждение среднего профессионального образования, Поликлиника, Стоматологическая клиника, Аптека, Больница, МФЦ, Театр, Торгово-развлекательный центр, Стадион, Кафе, Спортивная площадка, Бассейн, Спортивный центр, Детская площадка, Парк аттракционов, Скейт-парк, Полицейский участок, Пожарная станция, Аэропорт, Супермаркет, Продукты (магазин у дома), Книжный магазин, Банкомат, Зоомагазин, Площадка для выгула собак, Гостиница, Религиозный объект, Кладбище;Рекреационная зона, Водный объект, Жилой дом, Нежилое здание, Площадка, Памятник, Остановка наземного общественного транспорта, Кладбище, Линия электропередачи, Сеть водоснабжения, Порт, Парк развлечений, Промышленная территория, Озеро, Необрабатываемое поле, Региональная дорога, Аэропорт
85;84;Город Урай;1359;Исходный;Узнай, сколько парков находятся в радиусе 200 метров от остановок общественного наземного транспорта. Такая близость обеспечивает быстрый доступ и повышает привлекательность парка для жителей и гостей города.;Все 10 из 10 парков находятся в радиусе 200 метров от остановок общественного наземного транспорта. Это означает, что парки имеют отличную транспортную доступность;1 слой с остановками и буфером 200  метров от них, 1 слой с парками;https://disk.yandex.ru/d/h0UgX4gaNA9yUw;Проверено;10068;;Парк, Детский сад, Школа, Дом детского творчества, Учреждение среднего профессионального образования, Поликлиника, Стоматологическая клиника, Аптека, Больница, МФЦ, Театр, Торгово-развлекательный центр, Стадион, Кафе, Спортивная площадка, Бассейн, Спортивный центр, Детская площадка, Парк аттракционов, Скейт-парк, Полицейский участок, Пожарная станция, Аэропорт, Супермаркет, Продукты (магазин у дома), Книжный магазин, Банкомат, Зоомагазин, Площадка для выгула собак, Гостиница, Религиозный объект, Кладбище;Рекреационная зона, Водный объект, Жилой дом, Нежилое здание, Площадка, Памятник, Остановка наземного общественного транспорта, Кладбище, Линия электропередачи, Сеть водоснабжения, Порт, Парк развлечений, Промышленная территория, Озеро, Необрабатываемое поле, Региональная дорога, Аэропорт
86;85;Город Урай;1359;Исходный;Какое количество жилых домов пересекает или попадает в радиус 150 метров от супермаркетов. Это расстояние очень небольшое и позволяет быстро сходить за продуктами, особенно за мелкими покупками или в плохую погоду, не планируя поездку на транспорте.;На территории проекта города Урай 85 из 524 жилых домов попадают или пересекают радиус 150 метров от супермаркетов,что составляет примерно 16,2% от общего числа жилых домов. Получается, остальные 83,8% жилых домов находятся дальше комфортного радиуса, что может создавать неудобства;1 слой с супермаркетами, 1 слой с жилыми домами;https://disk.yandex.ru/d/h0UgX4gaNA9yUw;Проверено;10068;;Парк, Детский сад, Школа, Дом детского творчества, Учреждение среднего профессионального образования, Поликлиника, Стоматологическая клиника, Аптека, Больница, МФЦ, Театр, Торгово-развлекательный центр, Стадион, Кафе, Спортивная площадка, Бассейн, Спортивный центр, Детская площадка, Парк аттракционов, Скейт-парк, Полицейский участок, Пожарная станция, Аэропорт, Супермаркет, Продукты (магазин у дома), Книжный магазин, Банкомат, Зоомагазин, Площадка для выгула собак, Гостиница, Религиозный объект, Кладбище;Рекреационная зона, Водный объект, Жилой дом, Нежилое здание, Площадка, Памятник, Остановка наземного общественного транспорта, Кладбище, Линия электропередачи, Сеть водоснабжения, Порт, Парк развлечений, Промышленная территория, Озеро, Необрабатываемое поле, Региональная дорога, Аэропорт
87;86;Город Урай;1359;Исходный;Какое количество спортивных площадок попадает в радиус 500 метров от спортивных центров. Хочу узнать, потому что близость позволяет объединить уличный и закрытый спорт, а также означает потенциал для совместных мероприятий и соревнований.;"На проекте ""Город Урай"" 11 из 24 спортивных площадок находятся в зоне 500 метров от спортивных центров. Это составляет примерно 45,8% от общего числа. Близость спортивных площадок к спортивным центрам может привлекать больше посетителей (например, родители ведут детей на площадку, а сами занимаются в центре) и означает формирование спортивного кластера на территории.";1 слой со спортивными центарми и буферной зоной 500 метров вокург них, 1 слой со спортивными площадками;https://disk.yandex.ru/d/h0UgX4gaNA9yUw;Проверено;10068;;Парк, Детский сад, Школа, Дом детского творчества, Учреждение среднего профессионального образования, Поликлиника, Стоматологическая клиника, Аптека, Больница, МФЦ, Театр, Торгово-развлекательный центр, Стадион, Кафе, Спортивная площадка, Бассейн, Спортивный центр, Детская площадка, Парк аттракционов, Скейт-парк, Полицейский участок, Пожарная станция, Аэропорт, Супермаркет, Продукты (магазин у дома), Книжный магазин, Банкомат, Зоомагазин, Площадка для выгула собак, Гостиница, Религиозный объект, Кладбище;Рекреационная зона, Водный объект, Жилой дом, Нежилое здание, Площадка, Памятник, Остановка наземного общественного транспорта, Кладбище, Линия электропередачи, Сеть водоснабжения, Порт, Парк развлечений, Промышленная территория, Озеро, Необрабатываемое поле, Региональная дорога, Аэропорт
88;87;Город Урай;1359;Исходный;Находятся ли банкоматы на проекте «Город Урай» в 500 метрах от аэропорта? Это важно, поскольку пассажирам нужно снять наличные перед вылетом или сразу после прилёта, не уходя далеко от аэропорта.;На проекте «Город Урай» ни один из 11 банкоматов не находится в радиусе 500 метров от аэропорта. Это не так критично, ведь если задать больший радиус, то, возможно, картина будет иная. Но тем не менее пассажирам, которым нужно снять наличные перед вылетом или сразу после прилёта, придётся отходить от аэропорта дальше рекомендуемого расстояния, что снижает комфорт.;1 слой с аэропортом и буферной зоной 500 метров вокруг него, 1 слой  с банкоматами;https://disk.yandex.ru/d/h0UgX4gaNA9yUw;Проверено;10068;;Парк, Детский сад, Школа, Дом детского творчества, Учреждение среднего профессионального образования, Поликлиника, Стоматологическая клиника, Аптека, Больница, МФЦ, Театр, Торгово-развлекательный центр, Стадион, Кафе, Спортивная площадка, Бассейн, Спортивный центр, Детская площадка, Парк аттракционов, Скейт-парк, Полицейский участок, Пожарная станция, Аэропорт, Супермаркет, Продукты (магазин у дома), Книжный магазин, Банкомат, Зоомагазин, Площадка для выгула собак, Гостиница, Религиозный объект, Кладбище;Рекреационная зона, Водный объект, Жилой дом, Нежилое здание, Площадка, Памятник, Остановка наземного общественного транспорта, Кладбище, Линия электропередачи, Сеть водоснабжения, Порт, Парк развлечений, Промышленная территория, Озеро, Необрабатываемое поле, Региональная дорога, Аэропорт
92;91;Шлиссельбургское городское поселение;120;Сценарий от Рокета, Вариант 3;"Какое количество жилых домов на территории проекта ""Шлиссельбургское городское поселение""находятся в радиусе 1000 метров от леса? Близость к данной территории означает, что люди живут в экологически благоприятном районе, что влияет на их здоровье, а также на стоимость недвижимости.";На территории данного проекта 77 из 179 жилых домов находятся в радиусе 1 км от леса. Это составляет примерно 43% от общего числа жилых домов. Близость к лесу означает, что эти жители живут в экологически благоприятном районе: дышат более чистым воздухом, меньше страдают от шума и имеют возможность для регулярных прогулок.;1 слой с буферной зоной 1 км от леса,1 слой с жилыми домами;https://disk.yandex.ru/d/Ty_WsRdLoNknAA;Проверено;198;;Поликлиника;Нежилое здание, Лес, Жилой дом, Нежилое здание, Региональная дорога, Местная дорога
98;97;Жилой район возле транспортно-промышленного хаба;1091;Демо;Посмотри, какое количество детских садов попадают в радиус 300 метров от библиотеки на территории данного проекта. Детей часто водят на экскурсии или занятия в библиотеку, поэтому это полезно знать для оценки удобства инфраструктуры и планирования образовательных маршрутов.;На данном проекте 1 из 4 детских садов попадает в зону 300 метров от библиотеки. Это составляет 25% от общего числа. Тоже неплохо, поскольку посещения библиотеки не обязательны, но очень полезны для развития детей и организации культурного досуга. Оставшиеся 75% детских садов находятся дальше 300 метров, что требует дополнительных поездок или прогулок для экскурсий и занятий.;1 слой с библиотекой и буфером 300 метров от нее,1 слой с детскими садами;https://disk.yandex.ru/d/lwNns-nEL8OrPQ;Проверено;1747;;Детский сад, Школа, Дом детского творчества, Стоматологическая клиника, Женская консультация, Аптека, Больница, Станция скорой медицинской помощи, Травматологический пункт, Библиотека, Кинотеатр, Торгово-развлекательный центр, Кафе, Спортивный центр, Пожарная станция, Продукты (магазин у дома), Хозяйственные товары, Детские товары, Почтовое отделение, Пункт выдачи, Отделение банка, Юридические услуги, Салон красоты;Нежилое здание, Лес, Рекреационная зона, Водный объект, Жилой дом, Нежилое здание, Остановка наземного общественного транспорта, Объект магистрального газопровода, Линия электропередачи, Лес, Федеральная дорога, Региональная дорога, Местная дорога
99;98;Жилой район возле транспортно-промышленного хаба;1091;Демо;Сколько магазинов детских товаров находятся в радиусе 700 метров от дома детского творчества? Взаимное расположение их важно, так как дети после занятий часто просят купить игрушки или товары для творчества, а близкий магазин удовлетворяет эту потребность без траты времени на долгую дорогу;На данном проекте 2 из 3 магазинов детских товаров находятся в зоне 700 метров от дома детского творчества, а третий пересекает эту зону. Это хороший результат, однако важно помнить, что люди перемещаются не по всей площади радиуса, а по проложенным дорогам. Поэтому фактическая доступность может оказаться ниже расчётной, и рекомендуется дополнительно проверить маршруты по пешеходной сети.;1 слой с домом детского творчества и  буфером 700 метров,1 слой с магазинами детских товаров;https://disk.yandex.ru/d/lwNns-nEL8OrPQ;Проверено;1747;;Детский сад, Школа, Дом детского творчества, Стоматологическая клиника, Женская консультация, Аптека, Больница, Станция скорой медицинской помощи, Травматологический пункт, Библиотека, Кинотеатр, Торгово-развлекательный центр, Кафе, Спортивный центр, Пожарная станция, Продукты (магазин у дома), Хозяйственные товары, Детские товары, Почтовое отделение, Пункт выдачи, Отделение банка, Юридические услуги, Салон красоты;Нежилое здание, Лес, Рекреационная зона, Водный объект, Жилой дом, Нежилое здание, Остановка наземного общественного транспорта, Объект магистрального газопровода, Линия электропередачи, Лес, Федеральная дорога, Региональная дорога, Местная дорога
100;99;Жилой район возле транспортно-промышленного хаба;1091;Демо;Какое количество жилых домов находятся в радиусе 500 метров от леса, поскольку такая близость обеспечивает доступ к чистому воздуху, снижает уровень шума и положительно влияет на здоровье жителей.;На данном проекте 326 из 346 жилых домов находятся в зоне 500 метров от леса. Это составляет примерно 94,2% от общего числа. Отличный результат, и можно предположить, что подавляющее большинство жителей имеет доступ к чистому воздуху, сниженному уровню шума и возможностям для ежедневных прогулок в лесу, что положительно сказывается на их здоровье и качестве жизни.;1 слой с лесом и буфером 500 метров от него,1 слой с жилыми домами;https://disk.yandex.ru/d/lwNns-nEL8OrPQ;Проверено;1747;;Детский сад, Школа, Дом детского творчества, Стоматологическая клиника, Женская консультация, Аптека, Больница, Станция скорой медицинской помощи, Травматологический пункт, Библиотека, Кинотеатр, Торгово-развлекательный центр, Кафе, Спортивный центр, Пожарная станция, Продукты (магазин у дома), Хозяйственные товары, Детские товары, Почтовое отделение, Пункт выдачи, Отделение банка, Юридические услуги, Салон красоты;Нежилое здание, Лес, Рекреационная зона, Водный объект, Жилой дом, Нежилое здание, Остановка наземного общественного транспорта, Объект магистрального газопровода, Линия электропередачи, Лес, Федеральная дорога, Региональная дорога, Местная дорога
114;113;Проект с ДПО от Урбан Хаб;487;Исходный;Проверь, есть ли детские площадки на расстоянии 55 метров от электрических подстанций. Размещение игровых зон рядом с мощным электрооборудованием строго запрещено для безопасности детей,  и надо проверить, соблюдён ли запрет.;Выявлено 0 детских площадок в 55-метровой охранной зоне подстанций.;1 слой с детскими площадками, 1 слой с электрическими подстанциями и буфером в 55 метров от них;"https://disk.yandex.ru/d/7663Mvhtfpdw3w


https://disk.yandex.ru/d/_fI_NxSPVXX1Iw";Проверено;604;;Парк, Детский сад, Школа, Дом детского творчества, Учреждение среднего профессионального образования, Учреждение высшего профессионального образования, Поликлиника, Стоматологическая клиника, Больница, Станция скорой медицинской помощи, Морг, Дом престарелых, Центр занятости населения, МФЦ, Библиотека, Музей, Театр, Торгово-развлекательный центр, Стадион, Кафе, Ресторан, Булочная, Спортивная площадка, Бассейн, Спортивный центр, Каток, Детская площадка, Парк аттракционов, Скейт-парк, Полицейский участок, Пожарная станция, Железнодорожный вокзал, Автозаправочная станция, Супермаркет, Продукты (магазин у дома), Одежда и обувь, Книжный магазин, Почтовое отделение, Пункт выдачи, Отделение банка, Банкомат, Юридические услуги, Салон красоты, Ветеринарная клиника, Зоомагазин, Площадка для выгула собак, Гостиница, Хостел, Религиозный объект, Кладбище, Парк, Кладбище;Рекреационная зона, Зеленая зона, Жилой дом, Нежилое здание, Площадка, Автозаправочная станция, Памятник, Остановка наземного общественного транспорта, Кладбище, Распределительный трубопровод для транспортировки газа, Электрическая подстанция, Парковка, Линия электропередачи, Порт, Железнодорожная станция, Возобновляемый источник энергии, Парк развлечений, Водонапорная башня, Промышленная территория, Полигон ТБО, Федеральная дорога, Региональная дорога, Местная дорога, Залив, Сеть теплоснабжения, Рекреационная зона, Водный объект, Зеленая зона, Жилой дом, Кладбище, Распределительный трубопровод для транспортировки газа, Парковка, Линия электропередачи, Порт, Промышленная территория, Озеро, Федеральная дорога, Региональная дорога, Местная дорога, Залив, Сеть теплоснабжения
115;114;Проект с ДПО от Урбан Хаб;487;Исходный;Найди поликлиники, попадающие в санитарно-защитную зону 300 метров от промышленных территорий. Медицинские учреждения не должны находиться в зоне влияния заводов, чтобы не усугублять состояние пациентов, и нужно убедиться, что запрет соблюдается.;Обнаружено 0 поликлиник в 300-метровой СЗЗ промышленных территорий.;1 слой с поликлиниками, 1 слой с промышленными территориями и буфером в 300 метров от них;"https://disk.yandex.ru/d/K1YbVH1RiccGZg

https://disk.yandex.ru/d/spYmDlp_VqC3jQ";Проверено;604;;Парк, Детский сад, Школа, Дом детского творчества, Учреждение среднего профессионального образования, Учреждение высшего профессионального образования, Поликлиника, Стоматологическая клиника, Больница, Станция скорой медицинской помощи, Морг, Дом престарелых, Центр занятости населения, МФЦ, Библиотека, Музей, Театр, Торгово-развлекательный центр, Стадион, Кафе, Ресторан, Булочная, Спортивная площадка, Бассейн, Спортивный центр, Каток, Детская площадка, Парк аттракционов, Скейт-парк, Полицейский участок, Пожарная станция, Железнодорожный вокзал, Автозаправочная станция, Супермаркет, Продукты (магазин у дома), Одежда и обувь, Книжный магазин, Почтовое отделение, Пункт выдачи, Отделение банка, Банкомат, Юридические услуги, Салон красоты, Ветеринарная клиника, Зоомагазин, Площадка для выгула собак, Гостиница, Хостел, Религиозный объект, Кладбище, Парк, Кладбище;Рекреационная зона, Зеленая зона, Жилой дом, Нежилое здание, Площадка, Автозаправочная станция, Памятник, Остановка наземного общественного транспорта, Кладбище, Распределительный трубопровод для транспортировки газа, Электрическая подстанция, Парковка, Линия электропередачи, Порт, Железнодорожная станция, Возобновляемый источник энергии, Парк развлечений, Водонапорная башня, Промышленная территория, Полигон ТБО, Федеральная дорога, Региональная дорога, Местная дорога, Залив, Сеть теплоснабжения, Рекреационная зона, Водный объект, Зеленая зона, Жилой дом, Кладбище, Распределительный трубопровод для транспортировки газа, Парковка, Линия электропередачи, Порт, Промышленная территория, Озеро, Федеральная дорога, Региональная дорога, Местная дорога, Залив, Сеть теплоснабжения
116;115;Проект с ДПО от Урбан Хаб;487;Исходный;Проверь, есть ли парковки на расстоянии 15 метров от линий электропередачи (ЛЭП). Стоянка машин под ЛЭП запрещена из-за риска падения проводов на автомобили, поэтому важно понять, есть ли нарушения.;Выявлено 0 парковок в 15-метровой охранной зоне ЛЭП.;1 слой с парковками, 1 слой с линиями электропередач и буфером в 15 метров от них;"https://disk.yandex.ru/d/-3XCmVez3uJdCg  


https://disk.yandex.ru/d/EOaX0LEbNNJmJg";Проверено;604;;Парк, Детский сад, Школа, Дом детского творчества, Учреждение среднего профессионального образования, Учреждение высшего профессионального образования, Поликлиника, Стоматологическая клиника, Больница, Станция скорой медицинской помощи, Морг, Дом престарелых, Центр занятости населения, МФЦ, Библиотека, Музей, Театр, Торгово-развлекательный центр, Стадион, Кафе, Ресторан, Булочная, Спортивная площадка, Бассейн, Спортивный центр, Каток, Детская площадка, Парк аттракционов, Скейт-парк, Полицейский участок, Пожарная станция, Железнодорожный вокзал, Автозаправочная станция, Супермаркет, Продукты (магазин у дома), Одежда и обувь, Книжный магазин, Почтовое отделение, Пункт выдачи, Отделение банка, Банкомат, Юридические услуги, Салон красоты, Ветеринарная клиника, Зоомагазин, Площадка для выгула собак, Гостиница, Хостел, Религиозный объект, Кладбище, Парк, Кладбище;Рекреационная зона, Зеленая зона, Жилой дом, Нежилое здание, Площадка, Автозаправочная станция, Памятник, Остановка наземного общественного транспорта, Кладбище, Распределительный трубопровод для транспортировки газа, Электрическая подстанция, Парковка, Линия электропередачи, Порт, Железнодорожная станция, Возобновляемый источник энергии, Парк развлечений, Водонапорная башня, Промышленная территория, Полигон ТБО, Федеральная дорога, Региональная дорога, Местная дорога, Залив, Сеть теплоснабжения, Рекреационная зона, Водный объект, Зеленая зона, Жилой дом, Кладбище, Распределительный трубопровод для транспортировки газа, Парковка, Линия электропередачи, Порт, Промышленная территория, Озеро, Федеральная дорога, Региональная дорога, Местная дорога, Залив, Сеть теплоснабжения
130;129;Проект территории в Новосаратовке;633;Исходный;Найди жилые дома, которые находятся на расстоянии 15 метров от лесов. По правилам пожарной безопасности между застройкой и лесом должна быть минерализованная полоса и разрыв не менее 15 метров, поэтому хочу убедиться, что в реальности это предписание соблюдается.;В 15-метровой противопожарной зоне лесов зафиксировано 0 жилых зданий.;1 слой с жилыми домами, 1 слой с лесами и буфером в 15 метров от них;"https://disk.yandex.ru/d/Kx84RQ_n16lKFA 
 
https://disk.yandex.ru/d/cuA402MCYZfa2Q";Проверено;846;;Аптека, Остановка наземного общественного транспорта, Пункт выдачи;Жилой дом, Нежилое здание, Остановка наземного общественного транспорта, Озеро, Лес, Региональная дорога, Местная дорога, Водный объект, Промышленная территория, Лес, Региональная дорога, Местная дорога
132;131;Проект территории в Новосаратовке;633;Исходный;Покажи жилые дома, построенные в радиусе 50 метров от региональных дорог. Это нарушает санитарные разрывы, защищающие жителей от пыли, шума и тяжелых металлов, поэтому важно понять, есть ли нарушения.; Выявлено 2 жилых дома в 50-метровой санитарной зоне региональных дорог.;1 слой с жилыми домами, 1 слой с региональными дорогами и буфером в 50 метров от них;"https://disk.yandex.ru/d/P5dl-pQB1ib-0g  

https://disk.yandex.ru/d/ChS_z-UcoK1GQg";Проверено;846;;Аптека, Остановка наземного общественного транспорта, Пункт выдачи;Жилой дом, Нежилое здание, Остановка наземного общественного транспорта, Озеро, Лес, Региональная дорога, Местная дорога, Водный объект, Промышленная территория, Лес, Региональная дорога, Местная дорога
136;135;"ЖК ""Домашний""";593;Исходный;Покажи остановки наземного транспорта, расположенные на расстоянии 15 метров от линий электропередачи (ЛЭП). Скопление людей под ЛЭП запрещено для их же безопасности при нештатных ситуациях, поэтому важно понять, соблюдён ли запрет.;Зафиксировано 0 остановок в 15-метровой охранной зоне ЛЭП.;1 слой с остановками наземного общественного транспорта, 1 слой с линиями электропередачи и буфером в 15 метров от них;"https://disk.yandex.ru/d/Za5b-usnKht7Eg  

https://disk.yandex.ru/d/eOpQC1yvuOn_ew";Проверено;744;;Детская площадка, Площадка для выгула собак;Рекреационная зона, Жилой дом, Нежилое здание, Площадка, Остановка наземного общественного транспорта, Парковка, Промышленная территория, Линия электропередачи
138;137;"ЖК ""Домашний""";593;Исходный;Покажи спортивные площадки, попадающие в охранную зону 30 метров от линий электропередачи (ЛЭП). Занятия спортом в зоне сильного электромагнитного излучения запрещены для здоровья, хочу узнать, есть ли нарушения.;Обнаружено 0 спортивных площадок в 30-метровой охранной зоне ЛЭП.;1 слой со спортивными площадками, 1 слой с линиями электропередачи и буфером в 30 метров от них;"https://disk.yandex.ru/d/eB0wQjATJK_4Lg  

https://disk.yandex.ru/d/Qy8Bske8n_Q3qg";Проверено;744;;Детская площадка, Площадка для выгула собак;Рекреационная зона, Жилой дом, Нежилое здание, Площадка, Остановка наземного общественного транспорта, Парковка, Промышленная территория, Линия электропередачи
139;138;город Светогорск;604;Исходный;"Найди жилые дома, попадающие в
прибрежную защитную полосу 50 метров от озёр. Распашка земель и строительство в этой зоне запрещены, чтобы предотвратить эрозию берега, поэтому важно проверить, есть ли там жилая застройка.";В 50-метровой прибрежной защитной полосе озёр зафиксировано 3 жилых дома.;1 слой с жилыми домами, 1 слой с озёрами и буфером в 50 метров от них;"https://disk.yandex.ru/d/wywQuTxpwb7l4A  

https://disk.yandex.ru/d/xCGcWIls0tI64Q";Проверено;772;;Парк, Детский сад, Школа, Учреждение среднего профессионального образования, Стоматологическая клиника, Аптека, МФЦ, Библиотека, Торгово-развлекательный центр, Кафе, Спортивная площадка, Детская площадка, Полицейский участок, Пожарная станция, Остановка наземного общественного транспорта, Супермаркет, Продукты (магазин у дома), Одежда и обувь, Бытовая техника, Почтовое отделение, Пункт выдачи, Отделение банка, Банкомат, Парикмахерская, Салон красоты;Рекреационная зона, Водный объект, Зеленая зона, Жилой дом, Нежилое здание, Площадка, Остановка наземного общественного транспорта, Промышленная территория, Река, Озеро, Травяное покрытие, Лес, Федеральная дорога, Региональная дорога, Местная дорога, Промышленная территория, Река, Лес, Федеральная дорога, Региональная дорога, Местная дорога
140;139;город Светогорск;604;Исходный;Проверь, есть ли нежилые здания (промышленные или коммерческие), построенные в водоохранной зоне 50 метров от рек. Строительство без специальных очистных сооружений здесь запрещено, чтобы не допустить сброс сточных вод в малые реки, нужно посмотреть, соблюдено ли ограничение.;Обнаружено 6 нежилых зданий в 50-метровой водоохранной зоне малых рек.;1 слой с нежилыми зданиями, 1 слой с реками и буфером в 50 метров от них;"https://disk.yandex.ru/d/E6V-7nR5fvbbXA  

https://disk.yandex.ru/d/T01dE_a9Gk7wsg";Проверено;772;;Парк, Детский сад, Школа, Учреждение среднего профессионального образования, Стоматологическая клиника, Аптека, МФЦ, Библиотека, Торгово-развлекательный центр, Кафе, Спортивная площадка, Детская площадка, Полицейский участок, Пожарная станция, Остановка наземного общественного транспорта, Супермаркет, Продукты (магазин у дома), Одежда и обувь, Бытовая техника, Почтовое отделение, Пункт выдачи, Отделение банка, Банкомат, Парикмахерская, Салон красоты;Рекреационная зона, Водный объект, Зеленая зона, Жилой дом, Нежилое здание, Площадка, Остановка наземного общественного транспорта, Промышленная территория, Река, Озеро, Травяное покрытие, Лес, Федеральная дорога, Региональная дорога, Местная дорога, Промышленная территория, Река, Лес, Федеральная дорога, Региональная дорога, Местная дорога
141;140;город Светогорск;604;Исходный;"Покажи парки (рекреационные зоны), попадающие в санитарно-защитную зону 300 метров от промышленных территорий. Обустройство зон отдыха
вблизи производств запрещено санитарными нормами для защиты здоровья отдыхающих, поэтому хочу убедиться, что запрет соблюдается.";В 300-метровой С33 промышленных территорий выявлено 2 парка.;1 слой с парками, 1 слой с промышленными территориями и буфером в 300 метров от них;"https://disk.yandex.ru/d/pjnAS61us_9i_A  

https://disk.yandex.ru/d/0ngIbE1O2FmTsg";Проверено;772;;Парк, Детский сад, Школа, Учреждение среднего профессионального образования, Стоматологическая клиника, Аптека, МФЦ, Библиотека, Торгово-развлекательный центр, Кафе, Спортивная площадка, Детская площадка, Полицейский участок, Пожарная станция, Остановка наземного общественного транспорта, Супермаркет, Продукты (магазин у дома), Одежда и обувь, Бытовая техника, Почтовое отделение, Пункт выдачи, Отделение банка, Банкомат, Парикмахерская, Салон красоты;Рекреационная зона, Водный объект, Зеленая зона, Жилой дом, Нежилое здание, Площадка, Остановка наземного общественного транспорта, Промышленная территория, Река, Озеро, Травяное покрытие, Лес, Федеральная дорога, Региональная дорога, Местная дорога, Промышленная территория, Река, Лес, Федеральная дорога, Региональная дорога, Местная дорога
142;141;город Светогорск;604;Исходный;Найди стоматологические клиники, расположенные в радиусе 100 метров от промышленных территорий. Размещение медицинских учреждений в этой зоне запрещено, чтобы не усугублять состояние пациентов вредными выбросами, поэтому нужно понять, соблюдено ли ограничение.;"В 100-метровой СЗЗ промышленных
территорий обнаружено 0 стоматологических клиник.";1 слой со стоматологическими клиниками, 1 слой с промышленными территориями и буфером в 100 метров от них;"https://disk.yandex.ru/d/pIKT7LSoMbXb9w  

https://disk.yandex.ru/d/LHYDhZs9n-w3Og";Проверено;772;;Парк, Детский сад, Школа, Учреждение среднего профессионального образования, Стоматологическая клиника, Аптека, МФЦ, Библиотека, Торгово-развлекательный центр, Кафе, Спортивная площадка, Детская площадка, Полицейский участок, Пожарная станция, Остановка наземного общественного транспорта, Супермаркет, Продукты (магазин у дома), Одежда и обувь, Бытовая техника, Почтовое отделение, Пункт выдачи, Отделение банка, Банкомат, Парикмахерская, Салон красоты;Рекреационная зона, Водный объект, Зеленая зона, Жилой дом, Нежилое здание, Площадка, Остановка наземного общественного транспорта, Промышленная территория, Река, Озеро, Травяное покрытие, Лес, Федеральная дорога, Региональная дорога, Местная дорога, Промышленная территория, Река, Лес, Федеральная дорога, Региональная дорога, Местная дорога
152;151;Жилой район возле транспортно-промышленного хаба;1091;Демо;Проверь, сколько женских консультаций имеют аптеку в радиусе 200 метров. После приёма врач часто выписывает лекарства — удобно, когда аптека рядом.;"На территории проекта ""Жилой район возле транспортно-промышленного хаба"" из 1 женских консультаций 0 обеспечены аптекой в радиусе 200 м. Пациенткам придётся искать аптеку дальше, что особенно сложно для беременных.";1 слой - буферы 200м от аптек как полигонов, 2 слой - здание женской консультации;"https://disk.yandex.ru/d/lwNns-nEL8OrPQ
*нумерация слоев по столбцу A в этой таблице";Проверено;1747;;Детский сад, Школа, Дом детского творчества, Стоматологическая клиника, Женская консультация, Аптека, Больница, Станция скорой медицинской помощи, Травматологический пункт, Библиотека, Кинотеатр, Торгово-развлекательный центр, Кафе, Спортивный центр, Пожарная станция, Продукты (магазин у дома), Хозяйственные товары, Детские товары, Почтовое отделение, Пункт выдачи, Отделение банка, Юридические услуги, Салон красоты;Нежилое здание, Лес, Рекреационная зона, Водный объект, Жилой дом, Нежилое здание, Остановка наземного общественного транспорта, Объект магистрального газопровода, Линия электропередачи, Лес, Федеральная дорога, Региональная дорога, Местная дорога
154;153;Жилой район возле транспортно-промышленного хаба;1091;Демо;Посчитай, сколько жилых домов попадают в радиус 400 метров от женских консультаций. Беременным женщинам трудно ходить далеко, особенно на поздних сроках.;"На территории проекта ""Жилой район возле транспортно-промышленного хаба"" из 346 жилых домов 40 находятся в радиусе 400 м от женских консультаций. Остальные 306 домов — вне зоны комфортной пешей доступности.";1 слой - буферы 400м от женских консультаций, 2 слой - жилые дома;https://disk.yandex.ru/d/lwNns-nEL8OrPQ;Проверено;1747;;Детский сад, Школа, Дом детского творчества, Стоматологическая клиника, Женская консультация, Аптека, Больница, Станция скорой медицинской помощи, Травматологический пункт, Библиотека, Кинотеатр, Торгово-развлекательный центр, Кафе, Спортивный центр, Пожарная станция, Продукты (магазин у дома), Хозяйственные товары, Детские товары, Почтовое отделение, Пункт выдачи, Отделение банка, Юридические услуги, Салон красоты;Нежилое здание, Лес, Рекреационная зона, Водный объект, Жилой дом, Нежилое здание, Остановка наземного общественного транспорта, Объект магистрального газопровода, Линия электропередачи, Лес, Федеральная дорога, Региональная дорога, Местная дорога
155;154;Жилой район возле транспортно-промышленного хаба;1091;Демо;Cколько жилых домов попадают в радиус 500 метров от крытых спортивных комплексов. Это покажет, какая часть населения имеет доступ к круглогодичному спорту без автомобиля.;"На территории проекта ""Жилой район возле транспортно-промышленного хаба"" из 346 жилых домов 310 находятся в радиусе 500 м от спорткомплексов. Жители 89,6% жилых домов на территории проекта обеспечены круглогодичным спортом в пешей доступности 500м.";1 слой - буферы 500м от спортивных центров, 2 слой - жилые дома;https://disk.yandex.ru/d/lwNns-nEL8OrPQ;Проверено;1747;;Детский сад, Школа, Дом детского творчества, Стоматологическая клиника, Женская консультация, Аптека, Больница, Станция скорой медицинской помощи, Травматологический пункт, Библиотека, Кинотеатр, Торгово-развлекательный центр, Кафе, Спортивный центр, Пожарная станция, Продукты (магазин у дома), Хозяйственные товары, Детские товары, Почтовое отделение, Пункт выдачи, Отделение банка, Юридические услуги, Салон красоты;Нежилое здание, Лес, Рекреационная зона, Водный объект, Жилой дом, Нежилое здание, Остановка наземного общественного транспорта, Объект магистрального газопровода, Линия электропередачи, Лес, Федеральная дорога, Региональная дорога, Местная дорога
156;155;Жилой район возле транспортно-промышленного хаба;1091;Демо;Найди кинотеатры, которые не имеют в радиусе 400 метров ни одного кафе. Кинопросмотр часто совмещают с едой — отсутствие питания снижает привлекательность.;"На территории проекта ""Жилой район возле транспортно-промышленного хаба"" из общего количества кинотеатров (1) выявлен 1 кинотеатр без кафе в радиусе 400 м.";1 слой - буферы 400м от кинотеатра, 2 слой - кафе;https://disk.yandex.ru/d/lwNns-nEL8OrPQ;Проверено;1747;;Детский сад, Школа, Дом детского творчества, Стоматологическая клиника, Женская консультация, Аптека, Больница, Станция скорой медицинской помощи, Травматологический пункт, Библиотека, Кинотеатр, Торгово-развлекательный центр, Кафе, Спортивный центр, Пожарная станция, Продукты (магазин у дома), Хозяйственные товары, Детские товары, Почтовое отделение, Пункт выдачи, Отделение банка, Юридические услуги, Салон красоты;Нежилое здание, Лес, Рекреационная зона, Водный объект, Жилой дом, Нежилое здание, Остановка наземного общественного транспорта, Объект магистрального газопровода, Линия электропередачи, Лес, Федеральная дорога, Региональная дорога, Местная дорога
157;156;Жилой район возле транспортно-промышленного хаба;1091;Демо;Cколько жилых домов попадают в радиус 100 метров от кинотеатров. В этой зоне возможен шум от посетителей и автомобилей.;"На территории проекта ""Жилой район возле транспортно-промышленного хаба"" из 346 жилых домов 0 находятся в радиусе 100 м от кинотеатров.";1 слой - буферы 100м от кинотеатра, 2 слой - жилые дома;https://disk.yandex.ru/d/lwNns-nEL8OrPQ;Проверено;1747;;Детский сад, Школа, Дом детского творчества, Стоматологическая клиника, Женская консультация, Аптека, Больница, Станция скорой медицинской помощи, Травматологический пункт, Библиотека, Кинотеатр, Торгово-развлекательный центр, Кафе, Спортивный центр, Пожарная станция, Продукты (магазин у дома), Хозяйственные товары, Детские товары, Почтовое отделение, Пункт выдачи, Отделение банка, Юридические услуги, Салон красоты;Нежилое здание, Лес, Рекреационная зона, Водный объект, Жилой дом, Нежилое здание, Остановка наземного общественного транспорта, Объект магистрального газопровода, Линия электропередачи, Лес, Федеральная дорога, Региональная дорога, Местная дорога
158;157;Жилой район возле транспортно-промышленного хаба;1091;Демо;Найди жилые дома, у которых нет ни одного пункта выдачи заказов в радиусе 400 метров. Это важно для оценки логистического комфорта жителей.;"На территории проекта ""Жилой район возле транспортно-промышленного хаба"" из 346 жилых домов 23 не имеют ПВЗ в радиусе 400 метров. 323 дома обеспечены пунктами выдачи.";1 слой - буферы 400м от пунктов выдачи, 2 слой - жилые дома;https://disk.yandex.ru/d/lwNns-nEL8OrPQ;Проверено;1747;;Детский сад, Школа, Дом детского творчества, Стоматологическая клиника, Женская консультация, Аптека, Больница, Станция скорой медицинской помощи, Травматологический пункт, Библиотека, Кинотеатр, Торгово-развлекательный центр, Кафе, Спортивный центр, Пожарная станция, Продукты (магазин у дома), Хозяйственные товары, Детские товары, Почтовое отделение, Пункт выдачи, Отделение банка, Юридические услуги, Салон красоты;Нежилое здание, Лес, Рекреационная зона, Водный объект, Жилой дом, Нежилое здание, Остановка наземного общественного транспорта, Объект магистрального газопровода, Линия электропередачи, Лес, Федеральная дорога, Региональная дорога, Местная дорога
159;158;Жилой район возле транспортно-промышленного хаба;1091;Демо;Найди жилые дома, которые находятся на расстоянии более 500 метров от ближайшей аптеки. Это позволит оценить, где возникают «белые пятна» лекарственного обеспечения.;"На территории проекта ""Жилой район возле транспортно-промышленного хаба"" из общего количества жилых домов (346) выявлено 66 жилых домов, у которых нет ни одной аптеки в радиусе 500 метров. Остальные 280 жилых домов обеспечены аптечной инфраструктурой.";1 слой - буферы 500м от аптек, 2 слой - жилые дома;https://disk.yandex.ru/d/lwNns-nEL8OrPQ;Проверено;1747;;Детский сад, Школа, Дом детского творчества, Стоматологическая клиника, Женская консультация, Аптека, Больница, Станция скорой медицинской помощи, Травматологический пункт, Библиотека, Кинотеатр, Торгово-развлекательный центр, Кафе, Спортивный центр, Пожарная станция, Продукты (магазин у дома), Хозяйственные товары, Детские товары, Почтовое отделение, Пункт выдачи, Отделение банка, Юридические услуги, Салон красоты;Нежилое здание, Лес, Рекреационная зона, Водный объект, Жилой дом, Нежилое здание, Остановка наземного общественного транспорта, Объект магистрального газопровода, Линия электропередачи, Лес, Федеральная дорога, Региональная дорога, Местная дорога
164;163;Проект территории в Новосаратовке;633;Исходный;Покажи, какие жилые дома находятся в радиусе 50 метров от леса. Это противопожарное расстояние, в котором не рекомендуется строить жильё из-за риска распространения лесных пожаров.;"В проекте ""Проект территории в Новосаратовке"" из общего количества жилых домов (6) выявлено 0 жилых домов в радиусе 50 метров от леса.";1 слой - буферы 50м от лесов, 2 слой - жилые дома на территории проекта;https://disk.yandex.ru/d/TD3RKBHMoWA_xQ;Проверено;846;;Аптека, Остановка наземного общественного транспорта, Пункт выдачи;Жилой дом, Нежилое здание, Остановка наземного общественного транспорта, Озеро, Лес, Региональная дорога, Местная дорога, Водный объект, Промышленная территория, Лес, Региональная дорога, Местная дорога
165;164;Проект территории в Новосаратовке;633;Исходный;Найди нежилые здания в радиусе 50 метров от леса. Это зона возможного распространения огня при лесных пожарах.;"В проекте ""Проект территории в Новосаратовке"" из общего количества нежилых зданий (21) выявлено 0 нежилых зданий в радиусе 50 метров от леса.";1 слой - буферы 50м от лесов, 2 слой - нежилые здания;https://disk.yandex.ru/d/TD3RKBHMoWA_xQ;Проверено;846;;Аптека, Остановка наземного общественного транспорта, Пункт выдачи;Жилой дом, Нежилое здание, Остановка наземного общественного транспорта, Озеро, Лес, Региональная дорога, Местная дорога, Водный объект, Промышленная территория, Лес, Региональная дорога, Местная дорога
167;166;Проект территории в Новосаратовке;633;Исходный;Покажи, сколько аптек находится в радиусе 100 метров от остановок наземного транспорта. Это удобно для пассажиров, которые могут купить лекарство по дороге.;"В проекте ""Проект территории в Новосаратовке"" из общего количества аптек (1) выявлена 1 аптека в радиусе 100 метров от остановок (удобное расположение).";1 слой - буферы 100м от остановок, 2 слой - аптека;https://disk.yandex.ru/d/TD3RKBHMoWA_xQ;Проверено;846;;Аптека, Остановка наземного общественного транспорта, Пункт выдачи;Жилой дом, Нежилое здание, Остановка наземного общественного транспорта, Озеро, Лес, Региональная дорога, Местная дорога, Водный объект, Промышленная территория, Лес, Региональная дорога, Местная дорога
168;167;Проект территории в Новосаратовке;633;Исходный;Найди пункты выдачи заказов в радиусе 100 метров от остановок. Это удобно для пассажиров, которые могут забрать заказ по пути с работы.;"В проекте ""Проект территории в Новосаратовке"" из общего количества пунктов выдачи (2) выявлен 1 пункт выдачи в радиусе 100 метров от остановок. Второй пункт выдачи расположен дальше от транспортной инфраструктуры.";1 слой - буферы 100м от остановок, 2 слой - пункты выдачи;https://disk.yandex.ru/d/TD3RKBHMoWA_xQ;Проверено;846;;Аптека, Остановка наземного общественного транспорта, Пункт выдачи;Жилой дом, Нежилое здание, Остановка наземного общественного транспорта, Озеро, Лес, Региональная дорога, Местная дорога, Водный объект, Промышленная территория, Лес, Региональная дорога, Местная дорога
171;170;Проект территории в Новосаратовке;633;Исходный;Покажи, сколько пунктов выдачи заказов находятся в радиусе 100 метров от аптек. Это удобно: забрать лекарство и заказ в одном месте.;"В проекте ""Проект территории в Новосаратовке"" из общего количества пунктов выдачи (2) выявлен 1 пункт выдачи в радиусе 100 метров от аптек. Второй пункт выдачи расположен дальше от транспортной инфраструктуры.";1 слой - буферы 100м от аптек, 2 слой - пункты выдачи;https://disk.yandex.ru/d/TD3RKBHMoWA_xQ;Проверено;846;;Аптека, Остановка наземного общественного транспорта, Пункт выдачи;Жилой дом, Нежилое здание, Остановка наземного общественного транспорта, Озеро, Лес, Региональная дорога, Местная дорога, Водный объект, Промышленная территория, Лес, Региональная дорога, Местная дорога
172;171;Проект территории в Новосаратовке;633;Исходный;Покажи промышленные территории в радиусе 100 метров от леса. Промышленная зона у леса создаёт риски загрязнения.;"В проекте ""Проект территории в Новосаратовке"" из общего количества промышленных территорий (2) выявлено 0 в радиусе 100 метров от леса.";1 слой - буферы 100м от леса, 2 слой - промышленные территории на териитории проекта;https://disk.yandex.ru/d/TD3RKBHMoWA_xQ;Проверено;846;;Аптека, Остановка наземного общественного транспорта, Пункт выдачи;Жилой дом, Нежилое здание, Остановка наземного общественного транспорта, Озеро, Лес, Региональная дорога, Местная дорога, Водный объект, Промышленная территория, Лес, Региональная дорога, Местная дорога
