Unnamed: 0;№ п/п;Наименование проекта;ID проекта;Название сценария;Промт (вопрос);Промт (ответ);Слои (ответ) (*здесь краткое описание о спецификации содержимого в слое +файлы geojson (СК epsg:4326);Ссылка на облако;scenario_id;service_names;phys_names;base_index;variant;gen_buffered_entity;gen_counted_entity;gen_distance_m
0;;Город Канск;716;Исходный;Покажи кафе, находящиеся внутри радиуса 50 м от отделения банка, чтобы оценить доступность услуг.;В отображаемом слое для проекта Город Канск показаны объекты типа «Кафе», расположенные в радиусе 50 м от объектов типа «Отделение банка».;1 - слой с объектами «Кафе», 2 - слой с объектами «Отделение банка», учитывающий буфер 50 м вокруг каждого объекта.;;953;Отделение банка, Кафе;;0;1;Отделение банка;Кафе;50
1;;Город Канск;716;Исходный;Определи, сколько необрабатываемых полей находятся в пределах 500 м от хозяйственных товаров, чтобы понять степень сельскохозяйственного развития.;В отображаемом слое для проекта Город Канск показаны объекты типа «Необрабатываемое поле», расположенные в радиусе 500 м от объектов типа «Хозяйственные товары».;1 - слой с объектами «Необрабатываемое поле», 2 - слой с объектами «Хозяйственные товары», учитывающий буфер 500 м вокруг каждого объекта.;;953;Хозяйственные товары;Необрабатываемое поле;0;2;Хозяйственные товары;Необрабатываемое поле;500
2;;Город Канск;716;Исходный;Выведи число банкоматов, расположенных в пределах 500 м от травяного покрытия, чтобы оценить доступность финансовых услуг в зеленых зонах.;В отображаемом слое для проекта Город Канск показаны объекты типа «Банкомат», расположенные в радиусе 500 м от объектов типа «Травяное покрытие».;1 - слой с объектами «Банкомат», 2 - слой с объектами «Травяное покрытие», учитывающий буфер 500 м вокруг каждого объекта.;;953;Банкомат;Травяное покрытие;0;3;Травяное покрытие;Банкомат;500
3;;Город Канск;716;Исходный;Выведи травяное покрытие, которое находится внутри радиуса 100 м от водонапорной башни, для оценки экологической зоны.;В отображаемом слое для проекта Город Канск показаны объекты типа «Травяное покрытие», расположенные в радиусе 100 м от объектов типа «Водонапорная башня».;1 - слой с объектами «Травяное покрытие», 2 - слой с объектами «Водонапорная башня», учитывающий буфер 100 м вокруг каждого объекта.;;953;;Водонапорная башня, Травяное покрытие;0;4;Водонапорная башня;Травяное покрытие;100
4;;Город Канск;716;Исходный;Проверь, находятся ли водонапорные башни в пределах 200 м от леса, чтобы оценить водоснабжение.;В отображаемом слое для проекта Город Канск показаны объекты типа «Водонапорная башня», расположенные в радиусе 200 м от объектов типа «Лес».;1 - слой с объектами «Водонапорная башня», 2 - слой с объектами «Лес», учитывающий буфер 200 м вокруг каждого объекта.;;953;;Лес, Водонапорная башня;0;5;Лес;Водонапорная башня;200
5;;Город Канск;716;Исходный;Считай почтовые отделения, которые находятся в пределах 100 м от водонапорной башни, чтобы улучшить логистику.;В отображаемом слое для проекта Город Канск показаны объекты типа «Почтовое отделение», расположенные в радиусе 100 м от объектов типа «Водонапорная башня».;1 - слой с объектами «Почтовое отделение», 2 - слой с объектами «Водонапорная башня», учитывающий буфер 100 м вокруг каждого объекта.;;953;Почтовое отделение;Водонапорная башня;0;6;Водонапорная башня;Почтовое отделение;100
6;;Город Канск;716;Исходный;Определи, сколько ветеринарных клиник расположены в пределах 300 м от рекреационной зоны, чтобы понять уровень медицинской доступности для посетителей.;В отображаемом слое для проекта Город Канск показаны объекты типа «Ветеринарная клиника», расположенные в радиусе 300 м от объектов типа «Рекреационная зона».;1 - слой с объектами «Ветеринарная клиника», 2 - слой с объектами «Рекреационная зона», учитывающий буфер 300 м вокруг каждого объекта.;;953;Ветеринарная клиника;Рекреационная зона;0;7;Рекреационная зона;Ветеринарная клиника;300
7;;Город Канск;716;Исходный;Выведи реки, находящиеся внутри радиуса 50 м от федеральной дороги, чтобы проанализировать потенциальные риски эрозии.;В отображаемом слое для проекта Город Канск показаны объекты типа «Река», расположенные в радиусе 50 м от объектов типа «Федеральная дорога».;1 - слой с объектами «Река», 2 - слой с объектами «Федеральная дорога», учитывающий буфер 50 м вокруг каждого объекта.;;953;;Федеральная дорога, Река;0;8;Федеральная дорога;Река;50
8;;Город Канск;716;Исходный;Покажи кинотеатры, которые находятся в пределах 300 м от школы, чтобы оценить культурный доступ.;В отображаемом слое для проекта Город Канск показаны объекты типа «Кинотеатр», расположенные в радиусе 300 м от объектов типа «Школа».;1 - слой с объектами «Кинотеатр», 2 - слой с объектами «Школа», учитывающий буфер 300 м вокруг каждого объекта.;;953;Школа, Кинотеатр;;0;9;Школа;Кинотеатр;300
9;;Город Канск;716;Исходный;Покажи парковки, расположенные в пределах 300 м от промышленной территории.;В отображаемом слое для проекта Город Канск показаны объекты типа «Парковка», расположенные в радиусе 300 м от объектов типа «Промышленная территория».;1 - слой с объектами «Парковка», 2 - слой с объектами «Промышленная территория», учитывающий буфер 300 м вокруг каждого объекта.;;953;Парковка;Промышленная территория;1;1;Промышленная территория;Парковка;300
10;;Город Канск;716;Исходный;Определи, сколько супермаркетов находятся внутри радиуса 50 м от электростанции.;В отображаемом слое для проекта Город Канск показаны объекты типа «Супермаркет», расположенные в радиусе 50 м от объектов типа «Электростанция».;1 - слой с объектами «Супермаркет», 2 - слой с объектами «Электростанция», учитывающий буфер 50 м вокруг каждого объекта.;;953;Супермаркет;Электростанция;1;2;Электростанция;Супермаркет;50
11;;Город Канск;716;Исходный;Найди необрабатываемые поля, которые находятся в пределах 500 м от библиотеки.;В отображаемом слое для проекта Город Канск показаны объекты типа «Необрабатываемое поле», расположенные в радиусе 500 м от объектов типа «Библиотека».;1 - слой с объектами «Необрабатываемое поле», 2 - слой с объектами «Библиотека», учитывающий буфер 500 м вокруг каждого объекта.;;953;Библиотека;Необрабатываемое поле;1;3;Библиотека;Необрабатываемое поле;500
12;;Город Канск;716;Исходный;Выведи памятники, расположенные не далее чем 100 м от травяного покрытия.;В отображаемом слое для проекта Город Канск показаны объекты типа «Памятник», расположенные в радиусе 100 м от объектов типа «Травяное покрытие».;1 - слой с объектами «Памятник», 2 - слой с объектами «Травяное покрытие», учитывающий буфер 100 м вокруг каждого объекта.;;953;Памятник;Травяное покрытие;1;4;Травяное покрытие;Памятник;100
13;;Город Канск;716;Исходный;Проверь, сколько книжных магазинов находится внутри радиуса 200 м от водонапорной башни.;В отображаемом слое для проекта Город Канск показаны объекты типа «Книжный магазин», расположенные в радиусе 200 м от объектов типа «Водонапорная башня».;1 - слой с объектами «Книжный магазин», 2 - слой с объектами «Водонапорная башня», учитывающий буфер 200 м вокруг каждого объекта.;;953;Книжный магазин;Водонапорная башня;1;5;Водонапорная башня;Книжный магазин;200
14;;Город Канск;716;Исходный;Сколько поликлиник расположены в пределах 100 м от аптеки?;В отображаемом слое для проекта Город Канск показаны объекты типа «Поликлиника», расположенные в радиусе 100 м от объектов типа «Аптека».;1 - слой с объектами «Поликлиника», 2 - слой с объектами «Аптека», учитывающий буфер 100 м вокруг каждого объекта.;;953;Аптека, Поликлиника;;1;6;Аптека;Поликлиника;100
15;;Город Канск;716;Исходный;Уточни, находятся ли парикмахеры в пределах 100 м от ветеринарной клиники.;В отображаемом слое для проекта Город Канск показаны объекты типа «Парикмахер», расположенные в радиусе 100 м от объектов типа «Ветеринарная клиника».;1 - слой с объектами «Парикмахер», 2 - слой с объектами «Ветеринарная клиника», учитывающий буфер 100 м вокруг каждого объекта.;;953;Ветеринарная клиника, Парикмахер;;1;7;Ветеринарная клиника;Парикмахер;100
16;;Город Канск;716;Исходный;Покажи полицейские участки, находящиеся в пределах 100 м от книжного магазина.;В отображаемом слое для проекта Город Канск показаны объекты типа «Полицейский участок», расположенные в радиусе 100 м от объектов типа «Книжный магазин».;1 - слой с объектами «Полицейский участок», 2 - слой с объектами «Книжный магазин», учитывающий буфер 100 м вокруг каждого объекта.;;953;Книжный магазин, Полицейский участок;;1;8;Книжный магазин;Полицейский участок;100
17;;Город Канск;716;Исходный;Найди парковки, которые находятся в пределах 500 м от реки.;В отображаемом слое для проекта Город Канск показаны объекты типа «Парковка», расположенные в радиусе 500 м от объектов типа «Река».;1 - слой с объектами «Парковка», 2 - слой с объектами «Река», учитывающий буфер 500 м вокруг каждого объекта.;;953;Парковка;Река;1;9;Река;Парковка;500
18;;Город Канск;716;Исходный;Найди все кинотеатры, расположенные внутри радиуса 150 м от железнодорожной станции.;В отображаемом слое для проекта Город Канск показаны объекты типа «Кинотеатр», расположенные в радиусе 150 м от объектов типа «Железнодорожная станция».;1 - слой с объектами «Кинотеатр», 2 - слой с объектами «Железнодорожная станция», учитывающий буфер 150 м вокруг каждого объекта.;;953;Железнодорожная станция, Кинотеатр;;2;1;Железнодорожная станция;Кинотеатр;150
19;;Город Канск;716;Исходный;Определи, сколько остановок наземного общественного транспорта находятся в пределах 500 м от полигона ТБО.;В отображаемом слое для проекта Город Канск показаны объекты типа «Остановка наземного общественного транспорта», расположенные в радиусе 500 м от объектов типа «Полигон ТБО».;1 - слой с объектами «Остановка наземного общественного транспорта», 2 - слой с объектами «Полигон ТБО», учитывающий буфер 500 м вокруг каждого объекта.;;953;Остановка наземного общественного транспорта;Полигон ТБО;2;2;Полигон ТБО;Остановка наземного общественного транспорта;500
20;;Город Канск;716;Исходный;Проверь, какие столовые находятся не далее чем 50 м от кафе (для оценки удобства обеденного питания).;В отображаемом слое для проекта Город Канск показаны объекты типа «Столовая», расположенные в радиусе 50 м от объектов типа «Кафе».;1 - слой с объектами «Столовая», 2 - слой с объектами «Кафе», учитывающий буфер 50 м вокруг каждого объекта.;;953;Кафе, Столовая;;2;3;Кафе;Столовая;50
21;;Город Канск;716;Исходный;Выведи линии электропередачи, расположенные внутри радиуса 300 м от реки.;В отображаемом слое для проекта Город Канск показаны объекты типа «Линия электропередачи», расположенные в радиусе 300 м от объектов типа «Река».;1 - слой с объектами «Линия электропередачи», 2 - слой с объектами «Река», учитывающий буфер 300 м вокруг каждого объекта.;;953;;Река, Линия электропередачи;2;4;Река;Линия электропередачи;300
22;;Город Канск;716;Исходный;Узнай, сколько продуктов (магазин у дома) находятся в пределах 150 м от отделения банка?;В отображаемом слое для проекта Город Канск показаны объекты типа «Продукты (магазин у дома)», расположенные в радиусе 150 м от объектов типа «Отделение банка».;1 - слой с объектами «Продукты (магазин у дома)», 2 - слой с объектами «Отделение банка», учитывающий буфер 150 м вокруг каждого объекта.;;953;Отделение банка, Продукты (магазин у дома);;2;5;Отделение банка;Продукты (магазин у дома);150
23;;Город Канск;716;Исходный;Считай, сколько отделений банка находятся не далее чем 100 м от аптеки.;В отображаемом слое для проекта Город Канск показаны объекты типа «Отделение банка», расположенные в радиусе 100 м от объектов типа «Аптека».;1 - слой с объектами «Отделение банка», 2 - слой с объектами «Аптека», учитывающий буфер 100 м вокруг каждого объекта.;;953;Аптека, Отделение банка;;2;6;Аптека;Отделение банка;100
24;;Город Канск;716;Исходный;Покажи, какие жилые дома расположены внутри радиуса 50 м от хозяйственных товаров.;В отображаемом слое для проекта Город Канск показаны объекты типа «Жилой дом», расположенные в радиусе 50 м от объектов типа «Хозяйственные товары».;1 - слой с объектами «Жилой дом», 2 - слой с объектами «Хозяйственные товары», учитывающий буфер 50 м вокруг каждого объекта.;;953;Хозяйственные товары;Жилой дом;2;7;Хозяйственные товары;Жилой дом;50
25;;Город Канск;716;Исходный;Расчитай, где находятся стоматологические клиники в пределах 100 м от парикмахера.;В отображаемом слое для проекта Город Канск показаны объекты типа «Стоматологическая клиника», расположенные в радиусе 100 м от объектов типа «Парикмахер».;1 - слой с объектами «Стоматологическая клиника», 2 - слой с объектами «Парикмахер», учитывающий буфер 100 м вокруг каждого объекта.;;953;Парикмахер, Стоматологическая клиника;;2;8;Парикмахер;Стоматологическая клиника;100
26;;Город Канск;716;Исходный;Сколько кинотеатров находятся не далее чем 150 м от хозяйственных товаров?;В отображаемом слое для проекта Город Канск показаны объекты типа «Кинотеатр», расположенные в радиусе 150 м от объектов типа «Хозяйственные товары».;1 - слой с объектами «Кинотеатр», 2 - слой с объектами «Хозяйственные товары», учитывающий буфер 150 м вокруг каждого объекта.;;953;Хозяйственные товары, Кинотеатр;;2;9;Хозяйственные товары;Кинотеатр;150
27;;Город Канск;716;Исходный;Покажи, сколько озер находится внутри радиуса 100 м от парка, чтобы оценить доступность водных ресурсов.;В отображаемом слое для проекта Город Канск показаны объекты типа «Озеро», расположенные в радиусе 100 м от объектов типа «Парк».;1 - слой с объектами «Озеро», 2 - слой с объектами «Парк», учитывающий буфер 100 м вокруг каждого объекта.;;953;Парк;Озеро;3;1;Парк;Озеро;100
28;;Город Канск;716;Исходный;Найди количество ветеринарных клиник, расположенных в пределах 50 м от озера, чтобы проверить соответствие санитарным нормам.;В отображаемом слое для проекта Город Канск показаны объекты типа «Ветеринарная клиника», расположенные в радиусе 50 м от объектов типа «Озеро».;1 - слой с объектами «Ветеринарная клиника», 2 - слой с объектами «Озеро», учитывающий буфер 50 м вокруг каждого объекта.;;953;Ветеринарная клиника;Озеро;3;2;Озеро;Ветеринарная клиника;50
29;;Город Канск;716;Исходный;Определи, сколько средних специальных учебных заведений находится не далее чем 100 м от стоматологической клиники, чтобы оценить доступность образования.;В отображаемом слое для проекта Город Канск показаны объекты типа «Среднее специальное учебное заведение», расположенные в радиусе 100 м от объектов типа «Стоматологическая клиника».;1 - слой с объектами «Среднее специальное учебное заведение», 2 - слой с объектами «Стоматологическая клиника», учитывающий буфер 100 м вокруг каждого объекта.;;953;Стоматологическая клиника, Среднее специальное учебное заведение;;3;3;Стоматологическая клиника;Среднее специальное учебное заведение;100
30;;Город Канск;716;Исходный;Сколько баров/пабов находится внутри радиуса 300 м от булочной, чтобы понять поток посетителей в районе.;В отображаемом слое для проекта Город Канск показаны объекты типа «Бар/Паб», расположенные в радиусе 300 м от объектов типа «Булочная».;1 - слой с объектами «Бар/Паб», 2 - слой с объектами «Булочная», учитывающий буфер 300 м вокруг каждого объекта.;;953;Булочная, Бар/Паб;;3;4;Булочная;Бар/Паб;300
31;;Город Канск;716;Исходный;Проверь, сколько детских садов расположены в пределах 100 м от необрабатываемого поля, чтобы оценить влияние на развитие детей.;В отображаемом слое для проекта Город Канск показаны объекты типа «Детский сад», расположенные в радиусе 100 м от объектов типа «Необрабатываемое поле».;1 - слой с объектами «Детский сад», 2 - слой с объектами «Необрабатываемое поле», учитывающий буфер 100 м вокруг каждого объекта.;;953;Детский сад;Необрабатываемое поле;3;5;Необрабатываемое поле;Детский сад;100
32;;Город Канск;716;Исходный;Выведи количество стоматологических клиник, находящихся не далее чем 200 м от памятника, чтобы оценить доступность услуг.;В отображаемом слое для проекта Город Канск показаны объекты типа «Стоматологическая клиника», расположенные в радиусе 200 м от объектов типа «Памятник».;1 - слой с объектами «Стоматологическая клиника», 2 - слой с объектами «Памятник», учитывающий буфер 200 м вокруг каждого объекта.;;953;Памятник, Стоматологическая клиника;;3;6;Памятник;Стоматологическая клиника;200
33;;Город Канск;716;Исходный;Подсчитай, сколько гостиниц находится внутри радиуса 150 м от ресторана, чтобы оценить коммерческий потенциал.;В отображаемом слое для проекта Город Канск показаны объекты типа «Гостиница», расположенные в радиусе 150 м от объектов типа «Ресторан».;1 - слой с объектами «Гостиница», 2 - слой с объектами «Ресторан», учитывающий буфер 150 м вокруг каждого объекта.;;953;Ресторан, Гостиница;;3;7;Ресторан;Гостиница;150
34;;Город Канск;716;Исходный;Считай, сколько хозяйственных товаров расположено в пределах 50 м от водонапорной башни, чтобы оценить доступность услуг.;В отображаемом слое для проекта Город Канск показаны объекты типа «Хозяйственные товары», расположенные в радиусе 50 м от объектов типа «Водонапорная башня».;1 - слой с объектами «Хозяйственные товары», 2 - слой с объектами «Водонапорная башня», учитывающий буфер 50 м вокруг каждого объекта.;;953;Хозяйственные товары;Водонапорная башня;3;8;Водонапорная башня;Хозяйственные товары;50
35;;Город Канск;716;Исходный;Уточни, сколько остановок наземного транспорта находится не далее чем 100 м от электростанции, чтобы проверить транспортную доступность.;В отображаемом слое для проекта Город Канск показаны объекты типа «Остановка наземного транспорта», расположенные в радиусе 100 м от объектов типа «Электростанция».;1 - слой с объектами «Остановка наземного транспорта», 2 - слой с объектами «Электростанция», учитывающий буфер 100 м вокруг каждого объекта.;;953;;Электростанция, Остановка наземного транспорта;3;9;Электростанция;Остановка наземного транспорта;100
36;;Город Канск;716;Исходный;Проверь, сколько отделений банка находятся внутри радиуса 200 м от Среднего специального учебного заведения, чтобы оценить доступность банковской сети для студентов.;В отображаемом слое для проекта Город Канск показаны объекты типа «Отделение банка», расположенные в радиусе 200 м от объектов типа «Среднее специальное учебное заведение».;1 - слой с объектами «Отделение банка», 2 - слой с объектами «Среднее специальное учебное заведение», учитывающий буфер 200 м вокруг каждого объекта.;;953;Среднее специальное учебное заведение, Отделение банка;;4;1;Среднее специальное учебное заведение;Отделение банка;200
37;;Город Канск;716;Исходный;Определи, какие театры расположены в пределах радиуса 100 м от травяного покрытия, чтобы оценить культурную доступность зоны.;В отображаемом слое для проекта Город Канск показаны объекты типа «Театр», расположенные в радиусе 100 м от объектов типа «Травяное покрытие».;1 - слой с объектами «Театр», 2 - слой с объектами «Травяное покрытие», учитывающий буфер 100 м вокруг каждого объекта.;;953;Театр;Травяное покрытие;4;2;Травяное покрытие;Театр;100
38;;Город Канск;716;Исходный;Найди автозаправки, которые находятся внутри радиуса 200 м от базы отдыха, чтобы оценить удобство транспортных сервисов для отдыхающих.;В отображаемом слое для проекта Город Канск показаны объекты типа «Автозаправка», расположенные в радиусе 200 м от объектов типа «База отдыха».;1 - слой с объектами «Автозаправка», 2 - слой с объектами «База отдыха», учитывающий буфер 200 м вокруг каждого объекта.;;953;База отдыха, Автозаправка;;4;3;База отдыха;Автозаправка;200
39;;Город Канск;716;Исходный;Выведи данные о промышленных территориях, расположенных не далее чем 50 м от озера, чтобы проверить экологический риск.;В отображаемом слое для проекта Город Канск показаны объекты типа «Промышленная территория», расположенные в радиусе 50 м от объектов типа «Озеро».;1 - слой с объектами «Промышленная территория», 2 - слой с объектами «Озеро», учитывающий буфер 50 м вокруг каждого объекта.;;953;;Озеро, Промышленная территория;4;4;Озеро;Промышленная территория;50
40;;Город Канск;716;Исходный;Покажи остановки наземного общественного транспорта, которые находятся внутри радиуса 200 м от необрабатываемого поля, чтобы оценить доступность общественного транспорта.;В отображаемом слое для проекта Город Канск показаны объекты типа «Остановка наземного общественного транспорта», расположенные в радиусе 200 м от объектов типа «Необрабатываемое поле».;1 - слой с объектами «Остановка наземного общественного транспорта», 2 - слой с объектами «Необрабатываемое поле», учитывающий буфер 200 м вокруг каждого объекта.;;953;Остановка наземного общественного транспорта;Необрабатываемое поле;4;5;Необрабатываемое поле;Остановка наземного общественного транспорта;200
41;;Город Канск;716;Исходный;Определи, сколько парков расположены в пределах радиуса 200 м от промышленной территории, чтобы оценить зеленую инфраструктуру.;В отображаемом слое для проекта Город Канск показаны объекты типа «Парк», расположенные в радиусе 200 м от объектов типа «Промышленная территория».;1 - слой с объектами «Парк», 2 - слой с объектами «Промышленная территория», учитывающий буфер 200 м вокруг каждого объекта.;;953;Парк;Промышленная территория;4;6;Промышленная территория;Парк;200
42;;Город Канск;716;Исходный;Найди детские сады, которые находятся внутри радиуса 50 м от остановки наземного транспорта, чтобы оценить удобство для родителей.;В отображаемом слое для проекта Город Канск показаны объекты типа «Детский сад», расположенные в радиусе 50 м от объектов типа «Остановка наземного транспорта».;1 - слой с объектами «Детский сад», 2 - слой с объектами «Остановка наземного транспорта», учитывающий буфер 50 м вокруг каждого объекта.;;953;Детский сад;Остановка наземного транспорта;4;7;Остановка наземного транспорта;Детский сад;50
43;;Город Канск;716;Исходный;Проверь, сколько поликлиник находятся в пределах радиуса 300 м от линии электропередачи, чтобы оценить безопасность.;В отображаемом слое для проекта Город Канск показаны объекты типа «Поликлиника», расположенные в радиусе 300 м от объектов типа «Линия электропередачи».;1 - слой с объектами «Поликлиника», 2 - слой с объектами «Линия электропередачи», учитывающий буфер 300 м вокруг каждого объекта.;;953;Поликлиника;Линия электропередачи;4;8;Линия электропередачи;Поликлиника;300
44;;Город Канск;716;Исходный;Выведи информацию о электростанциях, расположенных не далее чем 150 м от рекреационной зоны, чтобы проверить влияние на отдых.;В отображаемом слое для проекта Город Канск показаны объекты типа «Электростанция», расположенные в радиусе 150 м от объектов типа «Рекреационная зона».;1 - слой с объектами «Электростанция», 2 - слой с объектами «Рекреационная зона», учитывающий буфер 150 м вокруг каждого объекта.;;953;;Рекреационная зона, Электростанция;4;9;Рекреационная зона;Электростанция;150
45;;Город Лесосибирск;718;Исходный;Покажи, сколько библиотек находятся внутри радиуса 300 м от супермаркета, чтобы оценить доступность чтения.;В отображаемом слое для проекта Город Лесосибирск показаны объекты типа «Библиотека», расположенные в радиусе 300 м от объектов типа «Супермаркет».;1 - слой с объектами «Библиотека», 2 - слой с объектами «Супермаркет», учитывающий буфер 300 м вокруг каждого объекта.;;954;Супермаркет, Библиотека;;5;1;Супермаркет;Библиотека;300
46;;Город Лесосибирск;718;Исходный;Найди, сколько травяного покрытия находится внутри радиуса 150 м от школы, чтобы оценить зелёные зоны для учащихся.;В отображаемом слое для проекта Город Лесосибирск показаны объекты типа «Травяное покрытие», расположенные в радиусе 150 м от объектов типа «Школа».;1 - слой с объектами «Травяное покрытие», 2 - слой с объектами «Школа», учитывающий буфер 150 м вокруг каждого объекта.;;954;Школа;Травяное покрытие;5;2;Школа;Травяное покрытие;150
47;;Город Лесосибирск;718;Исходный;Определи количество памятников, расположенных внутри радиуса 150 м от рекреационной зоны, чтобы оценить культурную ценность.;В отображаемом слое для проекта Город Лесосибирск показаны объекты типа «Памятник», расположенные в радиусе 150 м от объектов типа «Рекреационная зона».;1 - слой с объектами «Памятник», 2 - слой с объектами «Рекреационная зона», учитывающий буфер 150 м вокруг каждого объекта.;;954;Памятник;Рекреационная зона;5;3;Рекреационная зона;Памятник;150
48;;Город Лесосибирск;718;Исходный;Проверь, сколько дворцов культуры находятся внутри радиуса 300 м от отделения банка, чтобы убедиться в доступности культурных услуг.;В отображаемом слое для проекта Город Лесосибирск показаны объекты типа «Дворец культуры», расположенные в радиусе 300 м от объектов типа «Отделение банка».;1 - слой с объектами «Дворец культуры», 2 - слой с объектами «Отделение банка», учитывающий буфер 300 м вокруг каждого объекта.;;954;Отделение банка, Дворец культуры;;5;4;Отделение банка;Дворец культуры;300
49;;Город Лесосибирск;718;Исходный;Выведи, сколько водных объектов находятся внутри радиуса 200 м от полицейского участка, чтобы оценить риск наводнений.;В отображаемом слое для проекта Город Лесосибирск показаны объекты типа «Водный объект», расположенные в радиусе 200 м от объектов типа «Полицейский участок».;1 - слой с объектами «Водный объект», 2 - слой с объектами «Полицейский участок», учитывающий буфер 200 м вокруг каждого объекта.;;954;Полицейский участок;Водный объект;5;5;Полицейский участок;Водный объект;200
50;;Город Лесосибирск;718;Исходный;Отобрази, сколько средних специальных учебных заведений находятся внутри радиуса 150 м от железнодорожного вокзала, чтобы проверить транспортную доступность.;В отображаемом слое для проекта Город Лесосибирск показаны объекты типа «Среднее специальное учебное заведение», расположенные в радиусе 150 м от объектов типа «Железнодорожный вокзал».;1 - слой с объектами «Среднее специальное учебное заведение», 2 - слой с объектами «Железнодорожный вокзал», учитывающий буфер 150 м вокруг каждого объекта.;;954;Железнодорожный вокзал, Среднее специальное учебное заведение;;5;6;Железнодорожный вокзал;Среднее специальное учебное заведение;150
51;;Город Лесосибирск;718;Исходный;Сравни, сколько рекреационных зон находятся внутри радиуса 150 м от дворца культуры, чтобы оценить оздоровительные возможности.;В отображаемом слое для проекта Город Лесосибирск показаны объекты типа «Рекреационная зона», расположенные в радиусе 150 м от объектов типа «Дворец культуры».;1 - слой с объектами «Рекреационная зона», 2 - слой с объектами «Дворец культуры», учитывающий буфер 150 м вокруг каждого объекта.;;954;Дворец культуры;Рекреационная зона;5;7;Дворец культуры;Рекреационная зона;150
52;;Город Лесосибирск;718;Исходный;Уточни, сколько детских садов находятся внутри радиуса 100 м от почтового отделения, чтобы оценить удобство для семей.;В отображаемом слое для проекта Город Лесосибирск показаны объекты типа «Детский сад», расположенные в радиусе 100 м от объектов типа «Почтовое отделение».;1 - слой с объектами «Детский сад», 2 - слой с объектами «Почтовое отделение», учитывающий буфер 100 м вокруг каждого объекта.;;954;Почтовое отделение, Детский сад;;5;8;Почтовое отделение;Детский сад;100
53;;Город Лесосибирск;718;Исходный;Укажи, сколько супермаркетов находятся внутри радиуса 150 м от театра, чтобы определить торговую привлекательность.;В отображаемом слое для проекта Город Лесосибирск показаны объекты типа «Супермаркет», расположенные в радиусе 150 м от объектов типа «Театр».;1 - слой с объектами «Супермаркет», 2 - слой с объектами «Театр», учитывающий буфер 150 м вокруг каждого объекта.;;954;Театр, Супермаркет;;5;9;Театр;Супермаркет;150
54;;Город Лесосибирск;718;Исходный;Найди кафе внутри радиуса 500 м от стоматологической клиники, чтобы оценить доступность услуг для жителей.;В отображаемом слое для проекта Город Лесосибирск показаны объекты типа «Кафе», расположенные в радиусе 500 м от объектов типа «Стоматологическая клиника».;1 - слой с объектами «Кафе», 2 - слой с объектами «Стоматологическая клиника», учитывающий буфер 500 м вокруг каждого объекта.;;954;Стоматологическая клиника, Кафе;;6;1;Стоматологическая клиника;Кафе;500
55;;Город Лесосибирск;718;Исходный;Проверь наличие остановки наземного транспорта в пределах 500 м от среднего специального учебного заведения, чтобы обеспечить удобство студентов.;В отображаемом слое для проекта Город Лесосибирск показаны объекты типа «Остановка наземного транспорта», расположенные в радиусе 500 м от объектов типа «Среднее специальное учебное заведение».;1 - слой с объектами «Остановка наземного транспорта», 2 - слой с объектами «Среднее специальное учебное заведение», учитывающий буфер 500 м вокруг каждого объекта.;;954;Среднее специальное учебное заведение;Остановка наземного транспорта;6;2;Среднее специальное учебное заведение;Остановка наземного транспорта;500
56;;Город Лесосибирск;718;Исходный;Определи сколько аптек находится внутри радиуса 100 м от жилого дома, чтобы проверить доступность медицинских услуг.;В отображаемом слое для проекта Город Лесосибирск показаны объекты типа «Аптека», расположенные в радиусе 100 м от объектов типа «Жилой дом».;1 - слой с объектами «Аптека», 2 - слой с объектами «Жилой дом», учитывающий буфер 100 м вокруг каждого объекта.;;954;Аптека;Жилой дом;6;3;Жилой дом;Аптека;100
57;;Город Лесосибирск;718;Исходный;Выведи количество книжных магазинов, находящихся в пределах 300 м от детского сада, чтобы оценить культурную инфраструктуру.;В отображаемом слое для проекта Город Лесосибирск показаны объекты типа «Книжный магазин», расположенные в радиусе 300 м от объектов типа «Детский сад».;1 - слой с объектами «Книжный магазин», 2 - слой с объектами «Детский сад», учитывающий буфер 300 м вокруг каждого объекта.;;954;Детский сад, Книжный магазин;;6;4;Детский сад;Книжный магазин;300
58;;Город Лесосибирск;718;Исходный;Считай стоматологические клиники в радиусе 500 м от ресторана, чтобы понять, насколько близко к общественным местам.;В отображаемом слое для проекта Город Лесосибирск показаны объекты типа «Стоматологическая клиника», расположенные в радиусе 500 м от объектов типа «Ресторан».;1 - слой с объектами «Стоматологическая клиника», 2 - слой с объектами «Ресторан», учитывающий буфер 500 м вокруг каждого объекта.;;954;Ресторан, Стоматологическая клиника;;6;5;Ресторан;Стоматологическая клиника;500
59;;Город Лесосибирск;718;Исходный;Покажи супермаркеты внутри радиуса 200 м от продуктов (магазин у дома), чтобы оценить возможности покупки в зоне.;В отображаемом слое для проекта Город Лесосибирск показаны объекты типа «Супермаркет», расположенные в радиусе 200 м от объектов типа «Продукты (магазин у дома)».;1 - слой с объектами «Супермаркет», 2 - слой с объектами «Продукты (магазин у дома)», учитывающий буфер 200 м вокруг каждого объекта.;;954;Продукты (магазин у дома), Супермаркет;;6;6;Продукты (магазин у дома);Супермаркет;200
60;;Город Лесосибирск;718;Исходный;Определи автозаправки, расположенные внутри 50 м от супермаркета, чтобы проверить наличие топливных ресурсов рядом.;В отображаемом слое для проекта Город Лесосибирск показаны объекты типа «Автозаправка», расположенные в радиусе 50 м от объектов типа «Супермаркет».;1 - слой с объектами «Автозаправка», 2 - слой с объектами «Супермаркет», учитывающий буфер 50 м вокруг каждого объекта.;;954;Супермаркет, Автозаправка;;6;7;Супермаркет;Автозаправка;50
61;;Город Лесосибирск;718;Исходный;Найди гостиницы в пределах 500 м от супермаркета, чтобы убедиться, что туристы находятся рядом с торговой точкой.;В отображаемом слое для проекта Город Лесосибирск показаны объекты типа «Гостиница», расположенные в радиусе 500 м от объектов типа «Супермаркет».;1 - слой с объектами «Гостиница», 2 - слой с объектами «Супермаркет», учитывающий буфер 500 м вокруг каждого объекта.;;954;Супермаркет, Гостиница;;6;8;Супермаркет;Гостиница;500
62;;Город Лесосибирск;718;Исходный;Проверь полицейские участки внутри радиуса 500 м от книжного магазина, чтобы оценить безопасность района.;В отображаемом слое для проекта Город Лесосибирск показаны объекты типа «Полицейский участок», расположенные в радиусе 500 м от объектов типа «Книжный магазин».;1 - слой с объектами «Полицейский участок», 2 - слой с объектами «Книжный магазин», учитывающий буфер 500 м вокруг каждого объекта.;;954;Книжный магазин, Полицейский участок;;6;9;Книжный магазин;Полицейский участок;500
63;;Город Лесосибирск;718;Исходный;Определи, сколько пожарных станций находятся внутри радиуса 300 м от школы, чтобы оценить доступность спасательных служб.;В отображаемом слое для проекта Город Лесосибирск показаны объекты типа «Пожарная станция», расположенные в радиусе 300 м от объектов типа «Школа».;1 - слой с объектами «Пожарная станция», 2 - слой с объектами «Школа», учитывающий буфер 300 м вокруг каждого объекта.;;954;Школа, Пожарная станция;;7;1;Школа;Пожарная станция;300
64;;Город Лесосибирск;718;Исходный;Покажи магазины продуктов у дома, расположенные в пределах 200 м от дворца культуры, чтобы убедиться в удобстве питания для посетителей.;В отображаемом слое для проекта Город Лесосибирск показаны объекты типа «Продукты (магазин у дома)», расположенные в радиусе 200 м от объектов типа «Дворец культуры».;1 - слой с объектами «Продукты (магазин у дома)», 2 - слой с объектами «Дворец культуры», учитывающий буфер 200 м вокруг каждого объекта.;;954;Дворец культуры, Продукты (магазин у дома);;7;2;Дворец культуры;Продукты (магазин у дома);200
65;;Город Лесосибирск;718;Исходный;Найди железнодорожные станции, находящиеся не далее 150 м от леса, чтобы оценить транспортную доступность природных зон.;В отображаемом слое для проекта Город Лесосибирск показаны объекты типа «Железнодорожная станция», расположенные в радиусе 150 м от объектов типа «Лес».;1 - слой с объектами «Железнодорожная станция», 2 - слой с объектами «Лес», учитывающий буфер 150 м вокруг каждого объекта.;;954;Железнодорожная станция;Лес;7;3;Лес;Железнодорожная станция;150
66;;Город Лесосибирск;718;Исходный;Сколько театров находятся внутри радиуса 200 м от бара/паба, чтобы проверить культурную насыщенность района.;В отображаемом слое для проекта Город Лесосибирск показаны объекты типа «Театр», расположенные в радиусе 200 м от объектов типа «Бар/Паб».;1 - слой с объектами «Театр», 2 - слой с объектами «Бар/Паб», учитывающий буфер 200 м вокруг каждого объекта.;;954;Бар/Паб, Театр;;7;4;Бар/Паб;Театр;200
67;;Город Лесосибирск;718;Исходный;Проверь, есть ли почтовые отделения в пределах 500 м от больницы, чтобы улучшить коммуникацию для пациентов.;В отображаемом слое для проекта Город Лесосибирск показаны объекты типа «Почтовое отделение», расположенные в радиусе 500 м от объектов типа «Больница».;1 - слой с объектами «Почтовое отделение», 2 - слой с объектами «Больница», учитывающий буфер 500 м вокруг каждого объекта.;;954;Больница, Почтовое отделение;;7;5;Больница;Почтовое отделение;500
68;;Город Лесосибирск;718;Исходный;Выведи нежилые здания, расположенные в пределах 500 м от кафе, чтобы понять плотность использования пространства.;В отображаемом слое для проекта Город Лесосибирск показаны объекты типа «Нежилое здание», расположенные в радиусе 500 м от объектов типа «Кафе».;1 - слой с объектами «Нежилое здание», 2 - слой с объектами «Кафе», учитывающий буфер 500 м вокруг каждого объекта.;;954;Кафе;Нежилое здание;7;6;Кафе;Нежилое здание;500
69;;Город Лесосибирск;718;Исходный;Уточни, сколько библиотек находятся в радиусе 100 м от супермаркета, чтобы анализировать доступ к информации.;В отображаемом слое для проекта Город Лесосибирск показаны объекты типа «Библиотека», расположенные в радиусе 100 м от объектов типа «Супермаркет».;1 - слой с объектами «Библиотека», 2 - слой с объектами «Супермаркет», учитывающий буфер 100 м вокруг каждого объекта.;;954;Супермаркет, Библиотека;;7;7;Супермаркет;Библиотека;100
70;;Город Лесосибирск;718;Исходный;Опиши бары/пабы, которые находятся внутри радиуса 500 м от парковки, чтобы оценить удобство отдыха после поездки.;В отображаемом слое для проекта Город Лесосибирск показаны объекты типа «Бар/Паб», расположенные в радиусе 500 м от объектов типа «Парковка».;1 - слой с объектами «Бар/Паб», 2 - слой с объектами «Парковка», учитывающий буфер 500 м вокруг каждого объекта.;;954;Парковка, Бар/Паб;;7;8;Парковка;Бар/Паб;500
71;;Город Лесосибирск;718;Исходный;Проверь, находятся ли пожарные станции в пределах 200 м от музея, чтобы убедиться в пожарной безопасности.;В отображаемом слое для проекта Город Лесосибирск показаны объекты типа «Пожарная станция», расположенные в радиусе 200 м от объектов типа «Музей».;1 - слой с объектами «Пожарная станция», 2 - слой с объектами «Музей», учитывающий буфер 200 м вокруг каждого объекта.;;954;Музей, Пожарная станция;;7;9;Музей;Пожарная станция;200
72;;Город Лесосибирск;718;Исходный;Покажи количество библиотек, находящихся в пределах 200 м от спортивного магазина, чтобы оценить доступность информации.;В отображаемом слое для проекта Город Лесосибирск показаны объекты типа «Библиотека», расположенные в радиусе 200 м от объектов типа «Спортивный магазин».;1 - слой с объектами «Библиотека», 2 - слой с объектами «Спортивный магазин», учитывающий буфер 200 м вокруг каждого объекта.;;954;Спортивный магазин, Библиотека;;8;1;Спортивный магазин;Библиотека;200
73;;Город Лесосибирск;718;Исходный;Определи, сколько пожарных станций расположены внутри радиуса 150 м от стоматологической клиники, чтобы оценить безопасность.;В отображаемом слое для проекта Город Лесосибирск показаны объекты типа «Пожарная станция», расположенные в радиусе 150 м от объектов типа «Стоматологическая клиника».;1 - слой с объектами «Пожарная станция», 2 - слой с объектами «Стоматологическая клиника», учитывающий буфер 150 м вокруг каждого объекта.;;954;Стоматологическая клиника, Пожарная станция;;8;2;Стоматологическая клиника;Пожарная станция;150
74;;Город Лесосибирск;718;Исходный;Найди число полицейских участков, находящихся не далее чем 200 м от автозаправки, чтобы оценить безопасность.;В отображаемом слое для проекта Город Лесосибирск показаны объекты типа «Полицейский участок», расположенные в радиусе 200 м от объектов типа «Автозаправка».;1 - слой с объектами «Полицейский участок», 2 - слой с объектами «Автозаправка», учитывающий буфер 200 м вокруг каждого объекта.;;954;Автозаправка, Полицейский участок;;8;3;Автозаправка;Полицейский участок;200
75;;Город Лесосибирск;718;Исходный;Выведи, сколько железнодорожных станций находится внутри радиуса 100 м от леса, чтобы понять транспортную доступность.;В отображаемом слое для проекта Город Лесосибирск показаны объекты типа «Железнодорожная станция», расположенные в радиусе 100 м от объектов типа «Лес».;1 - слой с объектами «Железнодорожная станция», 2 - слой с объектами «Лес», учитывающий буфер 100 м вокруг каждого объекта.;;954;Железнодорожная станция;Лес;8;4;Лес;Железнодорожная станция;100
76;;Город Лесосибирск;718;Исходный;Проверь, сколько остановок наземного транспорта расположены в пределах 300 м от промышленной территории, чтобы оценить транспортную интеграцию.;В отображаемом слое для проекта Город Лесосибирск показаны объекты типа «Остановка наземного транспорта», расположенные в радиусе 300 м от объектов типа «Промышленная территория».;1 - слой с объектами «Остановка наземного транспорта», 2 - слой с объектами «Промышленная территория», учитывающий буфер 300 м вокруг каждого объекта.;;954;;Промышленная территория, Остановка наземного транспорта;8;5;Промышленная территория;Остановка наземного транспорта;300
77;;Город Лесосибирск;718;Исходный;Сравни, сколько лесных участков находится не далее чем 50 м от железнодорожной станции, чтобы оценить экологический риск.;В отображаемом слое для проекта Город Лесосибирск показаны объекты типа «Лес», расположенные в радиусе 50 м от объектов типа «Железнодорожная станция».;1 - слой с объектами «Лес», 2 - слой с объектами «Железнодорожная станция», учитывающий буфер 50 м вокруг каждого объекта.;;954;Железнодорожная станция;Лес;8;6;Железнодорожная станция;Лес;50
78;;Город Лесосибирск;718;Исходный;Узнай долю зеленой зоны, расположенной в пределах 150 м от среднего специального учебного заведения, чтобы оценить уровень благоустройства.;В отображаемом слое для проекта Город Лесосибирск показаны объекты типа «Зеленая зона», расположенные в радиусе 150 м от объектов типа «Среднее специальное учебное заведение».;1 - слой с объектами «Зеленая зона», 2 - слой с объектами «Среднее специальное учебное заведение», учитывающий буфер 150 м вокруг каждого объекта.;;954;Среднее специальное учебное заведение;Зеленая зона;8;7;Среднее специальное учебное заведение;Зеленая зона;150
79;;Город Лесосибирск;718;Исходный;Оцени, сколько спортивных магазинов находятся внутри радиуса 50 м от библиотеки, чтобы узнать о коммерческой активности.;В отображаемом слое для проекта Город Лесосибирск показаны объекты типа «Спортивный магазин», расположенные в радиусе 50 м от объектов типа «Библиотека».;1 - слой с объектами «Спортивный магазин», 2 - слой с объектами «Библиотека», учитывающий буфер 50 м вокруг каждого объекта.;;954;Библиотека, Спортивный магазин;;8;8;Библиотека;Спортивный магазин;50
80;;Город Лесосибирск;718;Исходный;Считай, сколько рекреационных зон расположенных в пределах 200 м от школы, чтобы оценить возможности для отдыха учеников.;В отображаемом слое для проекта Город Лесосибирск показаны объекты типа «Рекреационная зона», расположенные в радиусе 200 м от объектов типа «Школа».;1 - слой с объектами «Рекреационная зона», 2 - слой с объектами «Школа», учитывающий буфер 200 м вокруг каждого объекта.;;954;Школа;Рекреационная зона;8;9;Школа;Рекреационная зона;200
81;;Город Лесосибирск;718;Исходный;Покажи количество баров/пабов, находящихся внутри радиуса 150 м от жилого дома, чтобы оценить удобство досуга.;В отображаемом слое для проекта Город Лесосибирск показаны объекты типа «Бар/Паб», расположенные в радиусе 150 м от объектов типа «Жилой дом».;1 - слой с объектами «Бар/Паб», 2 - слой с объектами «Жилой дом», учитывающий буфер 150 м вокруг каждого объекта.;;954;Бар/Паб;Жилой дом;9;1;Жилой дом;Бар/Паб;150
82;;Город Лесосибирск;718;Исходный;Найди количество железнодорожных станций, расположенных в пределах 50 м от парковки, чтобы понять транспортную доступность.;В отображаемом слое для проекта Город Лесосибирск показаны объекты типа «Железнодорожная станция», расположенные в радиусе 50 м от объектов типа «Парковка».;1 - слой с объектами «Железнодорожная станция», 2 - слой с объектами «Парковка», учитывающий буфер 50 м вокруг каждого объекта.;;954;Парковка, Железнодорожная станция;;9;2;Парковка;Железнодорожная станция;50
83;;Город Лесосибирск;718;Исходный;Определи долю школ, расположенных не далее чем 150 м от книжного магазина, для оценки образовательного комфорта.;В отображаемом слое для проекта Город Лесосибирск показаны объекты типа «Школа», расположенные в радиусе 150 м от объектов типа «Книжный магазин».;1 - слой с объектами «Школа», 2 - слой с объектами «Книжный магазин», учитывающий буфер 150 м вокруг каждого объекта.;;954;Книжный магазин, Школа;;9;3;Книжный магазин;Школа;150
84;;Город Лесосибирск;718;Исходный;Сколько продуктов (магазин у дома) находится внутри радиуса 100 м от детского сада, чтобы оценить доступность продовольствия.;В отображаемом слое для проекта Город Лесосибирск показаны объекты типа «Продукты (магазин у дома)», расположенные в радиусе 100 м от объектов типа «Детский сад».;1 - слой с объектами «Продукты (магазин у дома)», 2 - слой с объектами «Детский сад», учитывающий буфер 100 м вокруг каждого объекта.;;954;Детский сад, Продукты (магазин у дома);;9;4;Детский сад;Продукты (магазин у дома);100
85;;Город Лесосибирск;718;Исходный;Проверь наличие рек в пределах 100 м от заправочной станции, чтобы проверить экологические риски.;В отображаемом слое для проекта Город Лесосибирск показаны объекты типа «Река», расположенные в радиусе 100 м от объектов типа «Заправочная станция».;1 - слой с объектами «Река», 2 - слой с объектами «Заправочная станция», учитывающий буфер 100 м вокруг каждого объекта.;;954;;Заправочная станция, Река;9;5;Заправочная станция;Река;100
86;;Город Лесосибирск;718;Исходный;Выведи список нежилых зданий, расположенных не далее чем 150 м от поликлиники, чтобы оценить здравоохранительную инфраструктуру.;В отображаемом слое для проекта Город Лесосибирск показаны объекты типа «Нежилое здание», расположенные в радиусе 150 м от объектов типа «Поликлиника».;1 - слой с объектами «Нежилое здание», 2 - слой с объектами «Поликлиника», учитывающий буфер 150 м вокруг каждого объекта.;;954;Поликлиника;Нежилое здание;9;6;Поликлиника;Нежилое здание;150
87;;Город Лесосибирск;718;Исходный;Сравни, сколько лесных участков находятся внутри радиуса 150 м от супермаркета, чтобы оценить зелёные зоны.;В отображаемом слое для проекта Город Лесосибирск показаны объекты типа «Лес», расположенные в радиусе 150 м от объектов типа «Супермаркет».;1 - слой с объектами «Лес», 2 - слой с объектами «Супермаркет», учитывающий буфер 150 м вокруг каждого объекта.;;954;Супермаркет;Лес;9;7;Супермаркет;Лес;150
88;;Город Лесосибирск;718;Исходный;Установи количество остановок наземного транспорта, расположенных в пределах 200 м от дворца культуры, чтобы понять транспортную доступность.;В отображаемом слое для проекта Город Лесосибирск показаны объекты типа «Остановка наземного транспорта», расположенные в радиусе 200 м от объектов типа «Дворец культуры».;1 - слой с объектами «Остановка наземного транспорта», 2 - слой с объектами «Дворец культуры», учитывающий буфер 200 м вокруг каждого объекта.;;954;Дворец культуры;Остановка наземного транспорта;9;8;Дворец культуры;Остановка наземного транспорта;200
89;;Город Лесосибирск;718;Исходный;Считай процент кафе, находящихся в пределах 100 м от остановки наземного транспорта, чтобы оценить местную экономику.;В отображаемом слое для проекта Город Лесосибирск показаны объекты типа «Кафе», расположенные в радиусе 100 м от объектов типа «Остановка наземного транспорта».;1 - слой с объектами «Кафе», 2 - слой с объектами «Остановка наземного транспорта», учитывающий буфер 100 м вокруг каждого объекта.;;954;Кафе;Остановка наземного транспорта;9;9;Остановка наземного транспорта;Кафе;100
90;;город Светогорск;604;Исходный;Покажи, сколько парков находятся в радиусе 300 м от местной дороги, чтобы оценить доступность зеленых зон.;В отображаемом слое для проекта город Светогорск показаны объекты типа «Парк», расположенные в радиусе 300 м от объектов типа «Местная дорога».;1 - слой с объектами «Парк», 2 - слой с объектами «Местная дорога», учитывающий буфер 300 м вокруг каждого объекта.;;772;Парк;Местная дорога;10;1;Местная дорога;Парк;300
91;;город Светогорск;604;Исходный;Найди, сколько травяных покрытий расположены в пределах 150 м от площадки, чтобы понять покрытие зелени.;В отображаемом слое для проекта город Светогорск показаны объекты типа «Травяное покрытие», расположенные в радиусе 150 м от объектов типа «Площадка».;1 - слой с объектами «Травяное покрытие», 2 - слой с объектами «Площадка», учитывающий буфер 150 м вокруг каждого объекта.;;772;;Площадка, Травяное покрытие;10;2;Площадка;Травяное покрытие;150
92;;город Светогорск;604;Исходный;Определи, сколько нежилых зданий расположены не далее 300 м от почтового отделения, чтобы оценить доступность сервисов.;В отображаемом слое для проекта город Светогорск показаны объекты типа «Нежилое здание», расположенные в радиусе 300 м от объектов типа «Почтовое отделение».;1 - слой с объектами «Нежилое здание», 2 - слой с объектами «Почтовое отделение», учитывающий буфер 300 м вокруг каждого объекта.;;772;Почтовое отделение;Нежилое здание;10;3;Почтовое отделение;Нежилое здание;300
93;;город Светогорск;604;Исходный;Выведи количество промышленных территорий в радиусе 100 м от спортивной площадки, чтобы оценить влияние индустриальных зон.;В отображаемом слое для проекта город Светогорск показаны объекты типа «Промышленная территория», расположенные в радиусе 100 м от объектов типа «Спортивная площадка».;1 - слой с объектами «Промышленная территория», 2 - слой с объектами «Спортивная площадка», учитывающий буфер 100 м вокруг каждого объекта.;;772;Спортивная площадка;Промышленная территория;10;4;Спортивная площадка;Промышленная территория;100
94;;город Светогорск;604;Исходный;Проверь, сколько салонов красоты находятся в пределах 100 м от бытовой техники, чтобы проверить размещение сервисов красоты.;В отображаемом слое для проекта город Светогорск показаны объекты типа «Салон красоты», расположенные в радиусе 100 м от объектов типа «Бытовая техника».;1 - слой с объектами «Салон красоты», 2 - слой с объектами «Бытовая техника», учитывающий буфер 100 м вокруг каждого объекта.;;772;Бытовая техника, Салон красоты;;10;5;Бытовая техника;Салон красоты;100
95;;город Светогорск;604;Исходный;Сколько жилых домов находятся в радиусе 200 м от травяного покрытия, чтобы оценить доступность жилья.;В отображаемом слое для проекта город Светогорск показаны объекты типа «Жилой дом», расположенные в радиусе 200 м от объектов типа «Травяное покрытие».;1 - слой с объектами «Жилой дом», 2 - слой с объектами «Травяное покрытие», учитывающий буфер 200 м вокруг каждого объекта.;;772;;Травяное покрытие, Жилой дом;10;6;Травяное покрытие;Жилой дом;200
96;;город Светогорск;604;Исходный;Уточни, сколько площадок расположены в пределах 500 м от детской площадки, чтобы оценить доступность игровых площадок.;В отображаемом слое для проекта город Светогорск показаны объекты типа «Площадка», расположенные в радиусе 500 м от объектов типа «Детская площадка».;1 - слой с объектами «Площадка», 2 - слой с объектами «Детская площадка», учитывающий буфер 500 м вокруг каждого объекта.;;772;Детская площадка;Площадка;10;7;Детская площадка;Площадка;500
97;;город Светогорск;604;Исходный;Считай количество рекреационных зон, находящихся не далее 100 м от многофункциональных центров предоставления государственных и муниципальных услуг, чтобы оценить доступность государственных услуг.;В отображаемом слое для проекта город Светогорск показаны объекты типа «Рекреационная зона», расположенные в радиусе 100 м от объектов типа «Многофункциональные центры предоставления государственных и муниципальных услуг».;1 - слой с объектами «Рекреационная зона», 2 - слой с объектами «Многофункциональные центры предоставления государственных и муниципальных услуг», учитывающий буфер 100 м вокруг каждого объекта.;;772;Многофункциональные центры предоставления государственных и муниципальных услуг;Рекреационная зона;10;8;Многофункциональные центры предоставления государственных и муниципальных услуг;Рекреационная зона;100
98;;город Светогорск;604;Исходный;Считай, сколько региональных дорог находятся в радиусе 150 м от супермаркета, чтобы определить близость дорог.;В отображаемом слое для проекта город Светогорск показаны объекты типа «Региональная дорога», расположенные в радиусе 150 м от объектов типа «Супермаркет».;1 - слой с объектами «Региональная дорога», 2 - слой с объектами «Супермаркет», учитывающий буфер 150 м вокруг каждого объекта.;;772;Супермаркет;Региональная дорога;10;9;Супермаркет;Региональная дорога;150
99;;город Светогорск;604;Исходный;Покажи, сколько салонов красоты находится в пределах детского сада радиус 300 м.;В отображаемом слое для проекта город Светогорск показаны объекты типа «Салон красоты», расположенные в радиусе 300 м от объектов типа «Детский сад».;1 - слой с объектами «Салон красоты», 2 - слой с объектами «Детский сад», учитывающий буфер 300 м вокруг каждого объекта.;;772;Детский сад, Салон красоты;;11;1;Детский сад;Салон красоты;300
100;;город Светогорск;604;Исходный;Найди местные дороги, расположенные не далее 300 м от реки.;В отображаемом слое для проекта город Светогорск показаны объекты типа «Местная дорога», расположенные в радиусе 300 м от объектов типа «Река».;1 - слой с объектами «Местная дорога», 2 - слой с объектами «Река», учитывающий буфер 300 м вокруг каждого объекта.;;772;;Река, Местная дорога;11;2;Река;Местная дорога;300
101;;город Светогорск;604;Исходный;Определи, сколько библиотек находятся внутри радиуса 500 м от нежилого здания.;В отображаемом слое для проекта город Светогорск показаны объекты типа «Библиотека», расположенные в радиусе 500 м от объектов типа «Нежилое здание».;1 - слой с объектами «Библиотека», 2 - слой с объектами «Нежилое здание», учитывающий буфер 500 м вокруг каждого объекта.;;772;Библиотека;Нежилое здание;11;3;Нежилое здание;Библиотека;500
102;;город Светогорск;604;Исходный;Сколько пунктов одежды и обуви можно увидеть в пределах 300 м от почтового отделения?;В отображаемом слое для проекта город Светогорск показаны объекты типа «Одежда и обувь», расположенные в радиусе 300 м от объектов типа «Почтовое отделение».;1 - слой с объектами «Одежда и обувь», 2 - слой с объектами «Почтовое отделение», учитывающий буфер 300 м вокруг каждого объекта.;;772;Почтовое отделение, Одежда и обувь;;11;4;Почтовое отделение;Одежда и обувь;300
103;;город Светогорск;604;Исходный;Проверь, есть ли парикмахерские в пределах 500 м от жилого дома.;В отображаемом слое для проекта город Светогорск показаны объекты типа «Парикмахер», расположенные в радиусе 500 м от объектов типа «Жилой дом».;1 - слой с объектами «Парикмахер», 2 - слой с объектами «Жилой дом», учитывающий буфер 500 м вокруг каждого объекта.;;772;Парикмахер;Жилой дом;11;5;Жилой дом;Парикмахер;500
104;;город Светогорск;604;Исходный;Определи, находятся ли супермаркеты не далее чем 150 м от многофункциональных центров предоставления государственных и муниципальных услуг.;В отображаемом слое для проекта город Светогорск показаны объекты типа «Супермаркет», расположенные в радиусе 150 м от объектов типа «Многофункциональные центры предоставления государственных и муниципальных услуг».;1 - слой с объектами «Супермаркет», 2 - слой с объектами «Многофункциональные центры предоставления государственных и муниципальных услуг», учитывающий буфер 150 м вокруг каждого объекта.;;772;Многофункциональные центры предоставления государственных и муниципальных услуг, Супермаркет;;11;6;Многофункциональные центры предоставления государственных и муниципальных услуг;Супермаркет;150
105;;город Светогорск;604;Исходный;Расчитай, какие водные объекты находятся в пределах 150 м от остановки наземного транспорта.;В отображаемом слое для проекта город Светогорск показаны объекты типа «Водный объект», расположенные в радиусе 150 м от объектов типа «Остановка наземного транспорта».;1 - слой с объектами «Водный объект», 2 - слой с объектами «Остановка наземного транспорта», учитывающий буфер 150 м вокруг каждого объекта.;;772;;Остановка наземного транспорта, Водный объект;11;7;Остановка наземного транспорта;Водный объект;150
106;;город Светогорск;604;Исходный;Опиши, сколько салонов красоты находится внутри радиуса 100 м от нежилого здания.;В отображаемом слое для проекта город Светогорск показаны объекты типа «Салон красоты», расположенные в радиусе 100 м от объектов типа «Нежилое здание».;1 - слой с объектами «Салон красоты», 2 - слой с объектами «Нежилое здание», учитывающий буфер 100 м вокруг каждого объекта.;;772;Салон красоты;Нежилое здание;11;8;Нежилое здание;Салон красоты;100
107;;город Светогорск;604;Исходный;Сравни, сколько нежилых зданий можно найти в пределах 200 м от супермаркета.;В отображаемом слое для проекта город Светогорск показаны объекты типа «Нежилое здание», расположенные в радиусе 200 м от объектов типа «Супермаркет».;1 - слой с объектами «Нежилое здание», 2 - слой с объектами «Супермаркет», учитывающий буфер 200 м вокруг каждого объекта.;;772;Супермаркет;Нежилое здание;11;9;Супермаркет;Нежилое здание;200
108;;город Светогорск;604;Исходный;Покажи, сколько Региональных дорог находятся в пределах радиуса 150 м от Супермаркета.;В отображаемом слое для проекта город Светогорск показаны объекты типа «Региональная дорога», расположенные в радиусе 150 м от объектов типа «Супермаркет».;1 - слой с объектами «Региональная дорога», 2 - слой с объектами «Супермаркет», учитывающий буфер 150 м вокруг каждого объекта.;;772;Супермаркет;Региональная дорога;12;1;Супермаркет;Региональная дорога;150
109;;город Светогорск;604;Исходный;Найди среднее специальное учебное заведение, расположенное не далее 300 м от Аптеки.;В отображаемом слое для проекта город Светогорск показаны объекты типа «Среднее специальное учебное заведение», расположенные в радиусе 300 м от объектов типа «Аптека».;1 - слой с объектами «Среднее специальное учебное заведение», 2 - слой с объектами «Аптека», учитывающий буфер 300 м вокруг каждого объекта.;;772;Аптека, Среднее специальное учебное заведение;;12;2;Аптека;Среднее специальное учебное заведение;300
110;;город Светогорск;604;Исходный;Определи, сколько Остановок наземного общественного транспорта находятся в пределах радиуса 300 м от Пожарной станции.;В отображаемом слое для проекта город Светогорск показаны объекты типа «Остановка наземного общественного транспорта», расположенные в радиусе 300 м от объектов типа «Пожарная станция».;1 - слой с объектами «Остановка наземного общественного транспорта», 2 - слой с объектами «Пожарная станция», учитывающий буфер 300 м вокруг каждого объекта.;;772;Пожарная станция, Остановка наземного общественного транспорта;;12;3;Пожарная станция;Остановка наземного общественного транспорта;300
111;;город Светогорск;604;Исходный;Выведи количество Торговых центров, расположенных в пределах 50 м от Парка.;В отображаемом слое для проекта город Светогорск показаны объекты типа «Торговый центр», расположенные в радиусе 50 м от объектов типа «Парк».;1 - слой с объектами «Торговый центр», 2 - слой с объектами «Парк», учитывающий буфер 50 м вокруг каждого объекта.;;772;Парк, Торговый центр;;12;4;Парк;Торговый центр;50
112;;город Светогорск;604;Исходный;Проверь, сколько Стоматологических клиник находятся в радиусе 300 м от Нежилого здания.;В отображаемом слое для проекта город Светогорск показаны объекты типа «Стоматологическая клиника», расположенные в радиусе 300 м от объектов типа «Нежилое здание».;1 - слой с объектами «Стоматологическая клиника», 2 - слой с объектами «Нежилое здание», учитывающий буфер 300 м вокруг каждого объекта.;;772;Стоматологическая клиника;Нежилое здание;12;5;Нежилое здание;Стоматологическая клиника;300
113;;город Светогорск;604;Исходный;Подсчитай Аптеки, расположенные не далее 150 м от Реки.;В отображаемом слое для проекта город Светогорск показаны объекты типа «Аптека», расположенные в радиусе 150 м от объектов типа «Река».;1 - слой с объектами «Аптека», 2 - слой с объектами «Река», учитывающий буфер 150 м вокруг каждого объекта.;;772;Аптека;Река;12;6;Река;Аптека;150
114;;город Светогорск;604;Исходный;Считай, сколько Парикмахеров находятся в пределах 150 м от Банкомата.;В отображаемом слое для проекта город Светогорск показаны объекты типа «Парикмахер», расположенные в радиусе 150 м от объектов типа «Банкомат».;1 - слой с объектами «Парикмахер», 2 - слой с объектами «Банкомат», учитывающий буфер 150 м вокруг каждого объекта.;;772;Банкомат, Парикмахер;;12;7;Банкомат;Парикмахер;150
115;;город Светогорск;604;Исходный;Расчитай, сколько Парикмахеров находятся в радиусе 150 м от Зеленой зоны.;В отображаемом слое для проекта город Светогорск показаны объекты типа «Парикмахер», расположенные в радиусе 150 м от объектов типа «Зеленая зона».;1 - слой с объектами «Парикмахер», 2 - слой с объектами «Зеленая зона», учитывающий буфер 150 м вокруг каждого объекта.;;772;Парикмахер;Зеленая зона;12;8;Зеленая зона;Парикмахер;150
116;;город Светогорск;604;Исходный;Покажи, сколько Банкоматов находятся в пределах 150 м от Почтового отделения.;В отображаемом слое для проекта город Светогорск показаны объекты типа «Банкомат», расположенные в радиусе 150 м от объектов типа «Почтовое отделение».;1 - слой с объектами «Банкомат», 2 - слой с объектами «Почтовое отделение», учитывающий буфер 150 м вокруг каждого объекта.;;772;Почтовое отделение, Банкомат;;12;9;Почтовое отделение;Банкомат;150
117;;город Светогорск;604;Исходный;Покажи, какие школы находятся внутри радиуса 300 м от салона красоты.;В отображаемом слое для проекта город Светогорск показаны объекты типа «Школа», расположенные в радиусе 300 м от объектов типа «Салон красоты».;1 - слой с объектами «Школа», 2 - слой с объектами «Салон красоты», учитывающий буфер 300 м вокруг каждого объекта.;;772;Салон красоты, Школа;;13;1;Салон красоты;Школа;300
118;;город Светогорск;604;Исходный;Найди отделения банка, расположенные в пределах 50 м от пункта выдачи.;В отображаемом слое для проекта город Светогорск показаны объекты типа «Отделение банка», расположенные в радиусе 50 м от объектов типа «Пункт выдачи».;1 - слой с объектами «Отделение банка», 2 - слой с объектами «Пункт выдачи», учитывающий буфер 50 м вокруг каждого объекта.;;772;Пункт выдачи, Отделение банка;;13;2;Пункт выдачи;Отделение банка;50
119;;город Светогорск;604;Исходный;Определи, какие полицейские участки находятся не далее чем 300 м от почтового отделения.;В отображаемом слое для проекта город Светогорск показаны объекты типа «Полицейский участок», расположенные в радиусе 300 м от объектов типа «Почтовое отделение».;1 - слой с объектами «Полицейский участок», 2 - слой с объектами «Почтовое отделение», учитывающий буфер 300 м вокруг каждого объекта.;;772;Почтовое отделение, Полицейский участок;;13;3;Почтовое отделение;Полицейский участок;300
120;;город Светогорск;604;Исходный;Считай, сколько рек проходит в пределах 300 м от супермаркета.;В отображаемом слое для проекта город Светогорск показаны объекты типа «Река», расположенные в радиусе 300 м от объектов типа «Супермаркет».;1 - слой с объектами «Река», 2 - слой с объектами «Супермаркет», учитывающий буфер 300 м вокруг каждого объекта.;;772;Супермаркет;Река;13;4;Супермаркет;Река;300
121;;город Светогорск;604;Исходный;Выведи количество аптек, расположенных не далее чем 150 м от озера.;В отображаемом слое для проекта город Светогорск показаны объекты типа «Аптека», расположенные в радиусе 150 м от объектов типа «Озеро».;1 - слой с объектами «Аптека», 2 - слой с объектами «Озеро», учитывающий буфер 150 м вокруг каждого объекта.;;772;Аптека;Озеро;13;5;Озеро;Аптека;150
122;;город Светогорск;604;Исходный;Проверь, находятся ли аптеки в пределах 50 м от торгового центра.;В отображаемом слое для проекта город Светогорск показаны объекты типа «Аптека», расположенные в радиусе 50 м от объектов типа «Торговый центр».;1 - слой с объектами «Аптека», 2 - слой с объектами «Торговый центр», учитывающий буфер 50 м вокруг каждого объекта.;;772;Торговый центр, Аптека;;13;6;Торговый центр;Аптека;50
123;;город Светогорск;604;Исходный;Составь список супермаркетов, расположенных в пределах 200 м от жилого дома.;В отображаемом слое для проекта город Светогорск показаны объекты типа «Супермаркет», расположенные в радиусе 200 м от объектов типа «Жилой дом».;1 - слой с объектами «Супермаркет», 2 - слой с объектами «Жилой дом», учитывающий буфер 200 м вокруг каждого объекта.;;772;Супермаркет;Жилой дом;13;7;Жилой дом;Супермаркет;200
124;;город Светогорск;604;Исходный;Расчитай количество зеленых зон, находящихся не далее чем 200 м от торгового центра.;В отображаемом слое для проекта город Светогорск показаны объекты типа «Зеленая зона», расположенные в радиусе 200 м от объектов типа «Торговый центр».;1 - слой с объектами «Зеленая зона», 2 - слой с объектами «Торговый центр», учитывающий буфер 200 м вокруг каждого объекта.;;772;Торговый центр;Зеленая зона;13;8;Торговый центр;Зеленая зона;200
125;;город Светогорск;604;Исходный;Перечисли нежилые здания, расположенные в пределах 500 м от местной дороги.;В отображаемом слое для проекта город Светогорск показаны объекты типа «Нежилое здание», расположенные в радиусе 500 м от объектов типа «Местная дорога».;1 - слой с объектами «Нежилое здание», 2 - слой с объектами «Местная дорога», учитывающий буфер 500 м вокруг каждого объекта.;;772;;Местная дорога, Нежилое здание;13;9;Местная дорога;Нежилое здание;500
126;;город Светогорск;604;Исходный;Подсчитай объекты Одежда и обувь, которые находятся в радиусе 200 м от Парка, чтобы оценить доступность магазинов.;В отображаемом слое для проекта город Светогорск показаны объекты типа «Одежда и обувь», расположенные в радиусе 200 м от объектов типа «Парк».;1 - слой с объектами «Одежда и обувь», 2 - слой с объектами «Парк», учитывающий буфер 200 м вокруг каждого объекта.;;772;Парк, Одежда и обувь;;14;1;Парк;Одежда и обувь;200
127;;город Светогорск;604;Исходный;Покажи, сколько школ расположено в пределах 300 м от Водного объекта, чтобы понять образовательный потенциал.;В отображаемом слое для проекта город Светогорск показаны объекты типа «Школа», расположенные в радиусе 300 м от объектов типа «Водный объект».;1 - слой с объектами «Школа», 2 - слой с объектами «Водный объект», учитывающий буфер 300 м вокруг каждого объекта.;;772;Школа;Водный объект;14;2;Водный объект;Школа;300
128;;город Светогорск;604;Исходный;Определи промышленные территории, находящиеся в 500 м от остановки наземного транспорта, чтобы оценить промышленное развитие.;В отображаемом слое для проекта город Светогорск показаны объекты типа «Промышленная территория», расположенные в радиусе 500 м от объектов типа «Остановка наземного транспорта».;1 - слой с объектами «Промышленная территория», 2 - слой с объектами «Остановка наземного транспорта», учитывающий буфер 500 м вокруг каждого объекта.;;772;;Остановка наземного транспорта, Промышленная территория;14;3;Остановка наземного транспорта;Промышленная территория;500
129;;город Светогорск;604;Исходный;Найди остановки наземного общественного транспорта, расположенные в 50 м от Супермаркета, чтобы проверить доступность общественного транспорта.;В отображаемом слое для проекта город Светогорск показаны объекты типа «Остановка наземного общественного транспорта», расположенные в радиусе 50 м от объектов типа «Супермаркет».;1 - слой с объектами «Остановка наземного общественного транспорта», 2 - слой с объектами «Супермаркет», учитывающий буфер 50 м вокруг каждого объекта.;;772;Супермаркет, Остановка наземного общественного транспорта;;14;4;Супермаркет;Остановка наземного общественного транспорта;50
130;;город Светогорск;604;Исходный;Проверь, сколько детских садов находятся в радиусе 500 м от спортивной площадки, чтобы оценить детскую инфраструктуру.;В отображаемом слое для проекта город Светогорск показаны объекты типа «Детский сад», расположенные в радиусе 500 м от объектов типа «Спортивная площадка».;1 - слой с объектами «Детский сад», 2 - слой с объектами «Спортивная площадка», учитывающий буфер 500 м вокруг каждого объекта.;;772;Спортивная площадка, Детский сад;;14;5;Спортивная площадка;Детский сад;500
131;;город Светогорск;604;Исходный;Узнай, сколько травяных покрытий можно обнаружить в 200 м от Одежды и обуви, чтобы оценить зелёные зоны.;В отображаемом слое для проекта город Светогорск показаны объекты типа «Травяное покрытие», расположенные в радиусе 200 м от объектов типа «Одежда и обувь».;1 - слой с объектами «Травяное покрытие», 2 - слой с объектами «Одежда и обувь», учитывающий буфер 200 м вокруг каждого объекта.;;772;Одежда и обувь;Травяное покрытие;14;6;Одежда и обувь;Травяное покрытие;200
132;;город Светогорск;604;Исходный;Выведи количество зеленых зон, которые находятся в радиусе 300 м от Продуктов (магазин у дома), чтобы оценить экологическую доступность.;В отображаемом слое для проекта город Светогорск показаны объекты типа «Зеленая зона», расположенные в радиусе 300 м от объектов типа «Продукты (магазин у дома)».;1 - слой с объектами «Зеленая зона», 2 - слой с объектами «Продукты (магазин у дома)», учитывающий буфер 300 м вокруг каждого объекта.;;772;Продукты (магазин у дома);Зеленая зона;14;7;Продукты (магазин у дома);Зеленая зона;300
133;;город Светогорск;604;Исходный;Считай полицейские участки, которые находятся в радиусе 100 м от Местной дороги, чтобы оценить безопасность.;В отображаемом слое для проекта город Светогорск показаны объекты типа «Полицейский участок», расположенные в радиусе 100 м от объектов типа «Местная дорога».;1 - слой с объектами «Полицейский участок», 2 - слой с объектами «Местная дорога», учитывающий буфер 100 м вокруг каждого объекта.;;772;Полицейский участок;Местная дорога;14;8;Местная дорога;Полицейский участок;100
134;;город Светогорск;604;Исходный;Уточни, сколько почтовых отделений находятся в пределах 100 м от Одежды и обуви, чтобы оценить доступность почтовых услуг.;В отображаемом слое для проекта город Светогорск показаны объекты типа «Почтовое отделение», расположенные в радиусе 100 м от объектов типа «Одежда и обувь».;1 - слой с объектами «Почтовое отделение», 2 - слой с объектами «Одежда и обувь», учитывающий буфер 100 м вокруг каждого объекта.;;772;Одежда и обувь, Почтовое отделение;;14;9;Одежда и обувь;Почтовое отделение;100
135;;Город Тюмень;714;Исходный;Покажи, сколько супермаркетов находятся внутри радиуса 50 м от пункта выдачи, чтобы оценить доступность.;В отображаемом слое для проекта Город Тюмень показаны объекты типа «Супермаркет», расположенные в радиусе 50 м от объектов типа «Пункт выдачи».;1 - слой с объектами «Супермаркет», 2 - слой с объектами «Пункт выдачи», учитывающий буфер 50 м вокруг каждого объекта.;;950;Пункт выдачи, Супермаркет;;15;1;Пункт выдачи;Супермаркет;50
136;;Город Тюмень;714;Исходный;Найди парковки, расположенные в пределах 300 м от площадки для выгула собак, чтобы проверить удобство.;В отображаемом слое для проекта Город Тюмень показаны объекты типа «Парковка», расположенные в радиусе 300 м от объектов типа «Площадка для выгула собак».;1 - слой с объектами «Парковка», 2 - слой с объектами «Площадка для выгула собак», учитывающий буфер 300 м вокруг каждого объекта.;;950;Площадка для выгула собак;Парковка;15;2;Площадка для выгула собак;Парковка;300
137;;Город Тюмень;714;Исходный;Определи, какие площадки находятся внутри 100 м от больницы.;В отображаемом слое для проекта Город Тюмень показаны объекты типа «Площадка», расположенные в радиусе 100 м от объектов типа «Больница».;1 - слой с объектами «Площадка», 2 - слой с объектами «Больница», учитывающий буфер 100 м вокруг каждого объекта.;;950;Больница;Площадка;15;3;Больница;Площадка;100
138;;Город Тюмень;714;Исходный;Выведи озёра, которые находятся внутри радиуса 150 м от катка, чтобы оценить соседние объекты.;В отображаемом слое для проекта Город Тюмень показаны объекты типа «Озеро», расположенные в радиусе 150 м от объектов типа «Каток».;1 - слой с объектами «Озеро», 2 - слой с объектами «Каток», учитывающий буфер 150 м вокруг каждого объекта.;;950;Каток;Озеро;15;4;Каток;Озеро;150
139;;Город Тюмень;714;Исходный;Сколько парковок расположены в пределах 500 м от дома детского творчества, чтобы оценить транспортную доступность?;В отображаемом слое для проекта Город Тюмень показаны объекты типа «Парковка», расположенные в радиусе 500 м от объектов типа «Дом детского творчества».;1 - слой с объектами «Парковка», 2 - слой с объектами «Дом детского творчества», учитывающий буфер 500 м вокруг каждого объекта.;;950;Дом детского творчества;Парковка;15;5;Дом детского творчества;Парковка;500
140;;Город Тюмень;714;Исходный;Проверь, есть ли бытовая техника в пределах 50 м от музея, чтобы убедиться в наличии необходимых ресурсов.;В отображаемом слое для проекта Город Тюмень показаны объекты типа «Бытовая техника», расположенные в радиусе 50 м от объектов типа «Музей».;1 - слой с объектами «Бытовая техника», 2 - слой с объектами «Музей», учитывающий буфер 50 м вокруг каждого объекта.;;950;Музей, Бытовая техника;;15;6;Музей;Бытовая техника;50
141;;Город Тюмень;714;Исходный;Определи, какие электрические подстанции находятся в пределах 50 м от ветеринарной клиники.;В отображаемом слое для проекта Город Тюмень показаны объекты типа «Электрическая подстанция», расположенные в радиусе 50 м от объектов типа «Ветеринарная клиника».;1 - слой с объектами «Электрическая подстанция», 2 - слой с объектами «Ветеринарная клиника», учитывающий буфер 50 м вокруг каждого объекта.;;950;Ветеринарная клиника;Электрическая подстанция;15;7;Ветеринарная клиника;Электрическая подстанция;50
142;;Город Тюмень;714;Исходный;Сравни расположение домов детского творчества, находящихся внутри радиуса 300 м от памятника, чтобы оценить культурную близость.;В отображаемом слое для проекта Город Тюмень показаны объекты типа «Дом детского творчества», расположенные в радиусе 300 м от объектов типа «Памятник».;1 - слой с объектами «Дом детского творчества», 2 - слой с объектами «Памятник», учитывающий буфер 300 м вокруг каждого объекта.;;950;Дом детского творчества;Памятник;15;8;Памятник;Дом детского творчества;300
143;;Город Тюмень;714;Исходный;Проверь, сколько домов детского творчества находятся в пределах 150 м от супермаркета.;В отображаемом слое для проекта Город Тюмень показаны объекты типа «Дом детского творчества», расположенные в радиусе 150 м от объектов типа «Супермаркет».;1 - слой с объектами «Дом детского творчества», 2 - слой с объектами «Супермаркет», учитывающий буфер 150 м вокруг каждого объекта.;;950;Супермаркет, Дом детского творчества;;15;9;Супермаркет;Дом детского творчества;150
144;;Город Тюмень;714;Исходный;Покажи полигон ТБО, находящийся внутри радиуса 100 м от поликлиники.;В отображаемом слое для проекта Город Тюмень показаны объекты типа «Полигон ТБО», расположенные в радиусе 100 м от объектов типа «Поликлиника».;1 - слой с объектами «Полигон ТБО», 2 - слой с объектами «Поликлиника», учитывающий буфер 100 м вокруг каждого объекта.;;950;Поликлиника;Полигон ТБО;16;1;Поликлиника;Полигон ТБО;100
145;;Город Тюмень;714;Исходный;Найди школы, расположенные в пределах 50 м от ресторана.;В отображаемом слое для проекта Город Тюмень показаны объекты типа «Школа», расположенные в радиусе 50 м от объектов типа «Ресторан».;1 - слой с объектами «Школа», 2 - слой с объектами «Ресторан», учитывающий буфер 50 м вокруг каждого объекта.;;950;Ресторан, Школа;;16;2;Ресторан;Школа;50
146;;Город Тюмень;714;Исходный;Определи, какие больницы находятся не далее чем 50 м от станции скорой медицинской помощи.;В отображаемом слое для проекта Город Тюмень показаны объекты типа «Больница», расположенные в радиусе 50 м от объектов типа «Станция скорой медицинской помощи».;1 - слой с объектами «Больница», 2 - слой с объектами «Станция скорой медицинской помощи», учитывающий буфер 50 м вокруг каждого объекта.;;950;Станция скорой медицинской помощи, Больница;;16;3;Станция скорой медицинской помощи;Больница;50
147;;Город Тюмень;714;Исходный;Выведи булочные, которые находятся в пределах 50 м от парковки.;В отображаемом слое для проекта Город Тюмень показаны объекты типа «Булочная», расположенные в радиусе 50 м от объектов типа «Парковка».;1 - слой с объектами «Булочная», 2 - слой с объектами «Парковка», учитывающий буфер 50 м вокруг каждого объекта.;;950;Булочная;Парковка;16;4;Парковка;Булочная;50
148;;Город Тюмень;714;Исходный;Сколько детских товаров находятся внутри радиуса 100 м от бытовой техники?;В отображаемом слое для проекта Город Тюмень показаны объекты типа «Детские товары», расположенные в радиусе 100 м от объектов типа «Бытовая техника».;1 - слой с объектами «Детские товары», 2 - слой с объектами «Бытовая техника», учитывающий буфер 100 м вокруг каждого объекта.;;950;Бытовая техника, Детские товары;;16;5;Бытовая техника;Детские товары;100
149;;Город Тюмень;714;Исходный;Проверь, какие стадионы расположены не далее чем 500 м от водозаборного сооружения.;В отображаемом слое для проекта Город Тюмень показаны объекты типа «Стадион», расположенные в радиусе 500 м от объектов типа «Водозаборное сооружение».;1 - слой с объектами «Стадион», 2 - слой с объектами «Водозаборное сооружение», учитывающий буфер 500 м вокруг каждого объекта.;;950;Стадион;Водозаборное сооружение;16;6;Водозаборное сооружение;Стадион;500
150;;Город Тюмень;714;Исходный;Определи промышленные территории, находящиеся в пределах 200 м от спортивной площадки.;В отображаемом слое для проекта Город Тюмень показаны объекты типа «Промышленная территория», расположенные в радиусе 200 м от объектов типа «Спортивная площадка».;1 - слой с объектами «Промышленная территория», 2 - слой с объектами «Спортивная площадка», учитывающий буфер 200 м вокруг каждого объекта.;;950;Спортивная площадка;Промышленная территория;16;7;Спортивная площадка;Промышленная территория;200
151;;Город Тюмень;714;Исходный;Сколько библиотек находятся внутри радиуса 300 м от спортивного зала?;В отображаемом слое для проекта Город Тюмень показаны объекты типа «Библиотека», расположенные в радиусе 300 м от объектов типа «Спортивный зал».;1 - слой с объектами «Библиотека», 2 - слой с объектами «Спортивный зал», учитывающий буфер 300 м вокруг каждого объекта.;;950;Спортивный зал, Библиотека;;16;8;Спортивный зал;Библиотека;300
152;;Город Тюмень;714;Исходный;Выведи распределительные трубопроводы для транспортировки газа, расположенные в пределах 200 м от пляжа.;В отображаемом слое для проекта Город Тюмень показаны объекты типа «Распределительный трубопровод для транспортировки газа», расположенные в радиусе 200 м от объектов типа «Пляж».;1 - слой с объектами «Распределительный трубопровод для транспортировки газа», 2 - слой с объектами «Пляж», учитывающий буфер 200 м вокруг каждого объекта.;;950;;Пляж, Распределительный трубопровод для транспортировки газа;16;9;Пляж;Распределительный трубопровод для транспортировки газа;200
153;;Город Тюмень;714;Исходный;Покажи количество многофункциональных центров предоставления государственных и муниципальных услуг, находящихся внутри радиуса 500 м от рекреационной зоны.;В отображаемом слое для проекта Город Тюмень показаны объекты типа «Многофункциональные центры предоставления государственных и муниципальных услуг», расположенные в радиусе 500 м от объектов типа «Рекреационная зона».;1 - слой с объектами «Многофункциональные центры предоставления государственных и муниципальных услуг», 2 - слой с объектами «Рекреационная зона», учитывающий буфер 500 м вокруг каждого объекта.;;950;Многофункциональные центры предоставления государственных и муниципальных услуг;Рекреационная зона;17;1;Рекреационная зона;Многофункциональные центры предоставления государственных и муниципальных услуг;500
154;;Город Тюмень;714;Исходный;Найди количество катков, расположенных в пределах 100 м от водонапорной башни.;В отображаемом слое для проекта Город Тюмень показаны объекты типа «Каток», расположенные в радиусе 100 м от объектов типа «Водонапорная башня».;1 - слой с объектами «Каток», 2 - слой с объектами «Водонапорная башня», учитывающий буфер 100 м вокруг каждого объекта.;;950;Каток;Водонапорная башня;17;2;Водонапорная башня;Каток;100
155;;Город Тюмень;714;Исходный;Определи число музеев, не далее чем 300 м от федеральной дороги.;В отображаемом слое для проекта Город Тюмень показаны объекты типа «Музей», расположенные в радиусе 300 м от объектов типа «Федеральная дорога».;1 - слой с объектами «Музей», 2 - слой с объектами «Федеральная дорога», учитывающий буфер 300 м вокруг каждого объекта.;;950;Музей;Федеральная дорога;17;3;Федеральная дорога;Музей;300
156;;Город Тюмень;714;Исходный;Выведи, сколько спортивных площадок находятся внутри радиуса 500 м от отделения банка.;В отображаемом слое для проекта Город Тюмень показаны объекты типа «Спортивная площадка», расположенные в радиусе 500 м от объектов типа «Отделение банка».;1 - слой с объектами «Спортивная площадка», 2 - слой с объектами «Отделение банка», учитывающий буфер 500 м вокруг каждого объекта.;;950;Отделение банка, Спортивная площадка;;17;4;Отделение банка;Спортивная площадка;500
157;;Город Тюмень;714;Исходный;Проверь наличие железнодорожных станций, которые находятся в пределах 300 м от библиотеки.;В отображаемом слое для проекта Город Тюмень показаны объекты типа «Железнодорожная станция», расположенные в радиусе 300 м от объектов типа «Библиотека».;1 - слой с объектами «Железнодорожная станция», 2 - слой с объектами «Библиотека», учитывающий буфер 300 м вокруг каждого объекта.;;950;Библиотека;Железнодорожная станция;17;5;Библиотека;Железнодорожная станция;300
158;;Город Тюмень;714;Исходный;Сколько религиозных объектов располагаются в пределах 50 м от склада?;В отображаемом слое для проекта Город Тюмень показаны объекты типа «Религиозный объект», расположенные в радиусе 50 м от объектов типа «Склад».;1 - слой с объектами «Религиозный объект», 2 - слой с объектами «Склад», учитывающий буфер 50 м вокруг каждого объекта.;;950;Религиозный объект;Склад;17;6;Склад;Религиозный объект;50
159;;Город Тюмень;714;Исходный;Уточни количество остановок наземного транспорта, не более 200 м от памятника.;В отображаемом слое для проекта Город Тюмень показаны объекты типа «Остановка наземного транспорта», расположенные в радиусе 200 м от объектов типа «Памятник».;1 - слой с объектами «Остановка наземного транспорта», 2 - слой с объектами «Памятник», учитывающий буфер 200 м вокруг каждого объекта.;;950;;Памятник, Остановка наземного транспорта;17;7;Памятник;Остановка наземного транспорта;200
160;;Город Тюмень;714;Исходный;Считай, сколько насосных станций водоснабжения находятся внутри радиуса 100 м от пляжа.;В отображаемом слое для проекта Город Тюмень показаны объекты типа «Насосная станция водоснабжения», расположенные в радиусе 100 м от объектов типа «Пляж».;1 - слой с объектами «Насосная станция водоснабжения», 2 - слой с объектами «Пляж», учитывающий буфер 100 м вокруг каждого объекта.;;950;;Пляж, Насосная станция водоснабжения;17;8;Пляж;Насосная станция водоснабжения;100
161;;Город Тюмень;714;Исходный;Укажи, сколько баз отдыха расположены в пределах 100 м от федеральной дороги.;В отображаемом слое для проекта Город Тюмень показаны объекты типа «База отдыха», расположенные в радиусе 100 м от объектов типа «Федеральная дорога».;1 - слой с объектами «База отдыха», 2 - слой с объектами «Федеральная дорога», учитывающий буфер 100 м вокруг каждого объекта.;;950;База отдыха;Федеральная дорога;17;9;Федеральная дорога;База отдыха;100
162;;Город Тюмень;714;Исходный;Покажи сколько линий электропередачи находятся внутри радиуса 100 м от ветеринарной клиники.;В отображаемом слое для проекта Город Тюмень показаны объекты типа «Линия электропередачи», расположенные в радиусе 100 м от объектов типа «Ветеринарная клиника».;1 - слой с объектами «Линия электропередачи», 2 - слой с объектами «Ветеринарная клиника», учитывающий буфер 100 м вокруг каждого объекта.;;950;Ветеринарная клиника;Линия электропередачи;18;1;Ветеринарная клиника;Линия электропередачи;100
163;;Город Тюмень;714;Исходный;Найди стадионы, расположенные в пределах 200 м от парковки.;В отображаемом слое для проекта Город Тюмень показаны объекты типа «Стадион», расположенные в радиусе 200 м от объектов типа «Парковка».;1 - слой с объектами «Стадион», 2 - слой с объектами «Парковка», учитывающий буфер 200 м вокруг каждого объекта.;;950;Стадион;Парковка;18;2;Парковка;Стадион;200
164;;Город Тюмень;714;Исходный;Определи количество булочных, которые находятся не далее 100 м от торгового центра.;В отображаемом слое для проекта Город Тюмень показаны объекты типа «Булочная», расположенные в радиусе 100 м от объектов типа «Торговый центр».;1 - слой с объектами «Булочная», 2 - слой с объектами «Торговый центр», учитывающий буфер 100 м вокруг каждого объекта.;;950;Торговый центр, Булочная;;18;3;Торговый центр;Булочная;100
165;;Город Тюмень;714;Исходный;Сколько почтовых отделений находятся внутри радиуса 100 м от рынка?;В отображаемом слое для проекта Город Тюмень показаны объекты типа «Почтовое отделение», расположенные в радиусе 100 м от объектов типа «Рынок».;1 - слой с объектами «Почтовое отделение», 2 - слой с объектами «Рынок», учитывающий буфер 100 м вокруг каждого объекта.;;950;Рынок, Почтовое отделение;;18;4;Рынок;Почтовое отделение;100
166;;Город Тюмень;714;Исходный;Проверь, сколько библиотек расположены в пределах 150 м от бассейна.;В отображаемом слое для проекта Город Тюмень показаны объекты типа «Библиотека», расположенные в радиусе 150 м от объектов типа «Бассейн».;1 - слой с объектами «Библиотека», 2 - слой с объектами «Бассейн», учитывающий буфер 150 м вокруг каждого объекта.;;950;Бассейн, Библиотека;;18;5;Бассейн;Библиотека;150
167;;Город Тюмень;714;Исходный;Выведи количество музеев, находящихся не далее 50 м от сети теплоснабжения.;В отображаемом слое для проекта Город Тюмень показаны объекты типа «Музей», расположенные в радиусе 50 м от объектов типа «Сеть теплоснабжения».;1 - слой с объектами «Музей», 2 - слой с объектами «Сеть теплоснабжения», учитывающий буфер 50 м вокруг каждого объекта.;;950;Музей;Сеть теплоснабжения;18;6;Сеть теплоснабжения;Музей;50
168;;Город Тюмень;714;Исходный;Посчитай количество аквапарков, расположенных в пределах 50 м от базы отдыха.;В отображаемом слое для проекта Город Тюмень показаны объекты типа «Аквапарк», расположенные в радиусе 50 м от объектов типа «База отдыха».;1 - слой с объектами «Аквапарк», 2 - слой с объектами «База отдыха», учитывающий буфер 50 м вокруг каждого объекта.;;950;База отдыха, Аквапарк;;18;7;База отдыха;Аквапарк;50
169;;Город Тюмень;714;Исходный;Подсчитай количество водозаборных сооружений, находящихся внутри радиуса 500 м от парка атракционов.;В отображаемом слое для проекта Город Тюмень показаны объекты типа «Водозаборное сооружение», расположенные в радиусе 500 м от объектов типа «Парк атракционов».;1 - слой с объектами «Водозаборное сооружение», 2 - слой с объектами «Парк атракционов», учитывающий буфер 500 м вокруг каждого объекта.;;950;Парк атракционов;Водозаборное сооружение;18;8;Парк атракционов;Водозаборное сооружение;500
170;;Город Тюмень;714;Исходный;Узнай, сколько кладбищ расположены в пределах 500 м от озера.;В отображаемом слое для проекта Город Тюмень показаны объекты типа «Кладбище», расположенные в радиусе 500 м от объектов типа «Озеро».;1 - слой с объектами «Кладбище», 2 - слой с объектами «Озеро», учитывающий буфер 500 м вокруг каждого объекта.;;950;Кладбище;Озеро;18;9;Озеро;Кладбище;500
171;;Город Шуя;838;Исходный;Покажи, какие салон красоты находятся внутри радиуса 300 м от банкомата.;В отображаемом слое для проекта Город Шуя показаны объекты типа «Салон красоты», расположенные в радиусе 300 м от объектов типа «Банкомат».;1 - слой с объектами «Салон красоты», 2 - слой с объектами «Банкомат», учитывающий буфер 300 м вокруг каждого объекта.;;1244;Банкомат, Салон красоты;;19;1;Банкомат;Салон красоты;300
172;;Город Шуя;838;Исходный;Найди водные объекты, расположенные не далее чем 100 м от заправочной станции.;В отображаемом слое для проекта Город Шуя показаны объекты типа «Водный объект», расположенные в радиусе 100 м от объектов типа «Заправочная станция».;1 - слой с объектами «Водный объект», 2 - слой с объектами «Заправочная станция», учитывающий буфер 100 м вокруг каждого объекта.;;1244;;Заправочная станция, Водный объект;19;2;Заправочная станция;Водный объект;100
173;;Город Шуя;838;Исходный;Определи банкоматы, находящиеся внутри радиуса 500 м от школы.;В отображаемом слое для проекта Город Шуя показаны объекты типа «Банкомат», расположенные в радиусе 500 м от объектов типа «Школа».;1 - слой с объектами «Банкомат», 2 - слой с объектами «Школа», учитывающий буфер 500 м вокруг каждого объекта.;;1244;Школа, Банкомат;;19;3;Школа;Банкомат;500
174;;Город Шуя;838;Исходный;Сколько школ находятся в пределах 500 м от религиозного объекта?;В отображаемом слое для проекта Город Шуя показаны объекты типа «Школа», расположенные в радиусе 500 м от объектов типа «Религиозный объект».;1 - слой с объектами «Школа», 2 - слой с объектами «Религиозный объект», учитывающий буфер 500 м вокруг каждого объекта.;;1244;Религиозный объект, Школа;;19;4;Религиозный объект;Школа;500
175;;Город Шуя;838;Исходный;Проверь, находятся ли высшие учебные заведения не далее чем 200 м от ресторана.;В отображаемом слое для проекта Город Шуя показаны объекты типа «Высшее учебное заведение», расположенные в радиусе 200 м от объектов типа «Ресторан».;1 - слой с объектами «Высшее учебное заведение», 2 - слой с объектами «Ресторан», учитывающий буфер 200 м вокруг каждого объекта.;;1244;Ресторан, Высшее учебное заведение;;19;5;Ресторан;Высшее учебное заведение;200
176;;Город Шуя;838;Исходный;Выведи торговые центры, расположенные внутри радиуса 150 м от гостиницы.;В отображаемом слое для проекта Город Шуя показаны объекты типа «Торговый центр», расположенные в радиусе 150 м от объектов типа «Гостиница».;1 - слой с объектами «Торговый центр», 2 - слой с объектами «Гостиница», учитывающий буфер 150 м вокруг каждого объекта.;;1244;Гостиница, Торговый центр;;19;6;Гостиница;Торговый центр;150
177;;Город Шуя;838;Исходный;Сколько пунктов выдачи находятся в пределах 200 м от магазинов одежды и обуви?;В отображаемом слое для проекта Город Шуя показаны объекты типа «Пункт выдачи», расположенные в радиусе 200 м от объектов типа «Одежда и обувь».;1 - слой с объектами «Пункт выдачи», 2 - слой с объектами «Одежда и обувь», учитывающий буфер 200 м вокруг каждого объекта.;;1244;Одежда и обувь, Пункт выдачи;;19;7;Одежда и обувь;Пункт выдачи;200
178;;Город Шуя;838;Исходный;Найди пункты выдачи, расположенные не далее чем 500 м от кинотеатра.;В отображаемом слое для проекта Город Шуя показаны объекты типа «Пункт выдачи», расположенные в радиусе 500 м от объектов типа «Кинотеатр».;1 - слой с объектами «Пункт выдачи», 2 - слой с объектами «Кинотеатр», учитывающий буфер 500 м вокруг каждого объекта.;;1244;Кинотеатр, Пункт выдачи;;19;8;Кинотеатр;Пункт выдачи;500
179;;Город Шуя;838;Исходный;Определи памятники, находящиеся внутри радиуса 300 м от школы.;В отображаемом слое для проекта Город Шуя показаны объекты типа «Памятник», расположенные в радиусе 300 м от объектов типа «Школа».;1 - слой с объектами «Памятник», 2 - слой с объектами «Школа», учитывающий буфер 300 м вокруг каждого объекта.;;1244;Школа;Памятник;19;9;Школа;Памятник;300
180;;Город Шуя;838;Исходный;Покажи, сколько торговых центров находятся внутри радиуса 150 м от пожарной станции.;В отображаемом слое для проекта Город Шуя показаны объекты типа «Торговый центр», расположенные в радиусе 150 м от объектов типа «Пожарная станция».;1 - слой с объектами «Торговый центр», 2 - слой с объектами «Пожарная станция», учитывающий буфер 150 м вокруг каждого объекта.;;1244;Пожарная станция, Торговый центр;;20;1;Пожарная станция;Торговый центр;150
181;;Город Шуя;838;Исходный;Найди объекты необрабатываемого поля, расположенные в пределах 50 м от железнодорожной станции.;В отображаемом слое для проекта Город Шуя показаны объекты типа «Необрабатываемое поле», расположенные в радиусе 50 м от объектов типа «Железнодорожная станция».;1 - слой с объектами «Необрабатываемое поле», 2 - слой с объектами «Железнодорожная станция», учитывающий буфер 50 м вокруг каждого объекта.;;1244;;Железнодорожная станция, Необрабатываемое поле;20;2;Железнодорожная станция;Необрабатываемое поле;50
182;;Город Шуя;838;Исходный;Покажи автозаправки, расположенные не далее чем 500 м от полицейского участка.;В отображаемом слое для проекта Город Шуя показаны объекты типа «Автозаправка», расположенные в радиусе 500 м от объектов типа «Полицейский участок».;1 - слой с объектами «Автозаправка», 2 - слой с объектами «Полицейский участок», учитывающий буфер 500 м вокруг каждого объекта.;;1244;Полицейский участок, Автозаправка;;20;3;Полицейский участок;Автозаправка;500
183;;Город Шуя;838;Исходный;Проверь, есть ли памятники в радиусе 150 м от салона красоты.;В отображаемом слое для проекта Город Шуя показаны объекты типа «Памятник», расположенные в радиусе 150 м от объектов типа «Салон красоты».;1 - слой с объектами «Памятник», 2 - слой с объектами «Салон красоты», учитывающий буфер 150 м вокруг каждого объекта.;;1244;Салон красоты;Памятник;20;4;Салон красоты;Памятник;150
184;;Город Шуя;838;Исходный;Выведи количество кинотеатров, расположенных в пределах 200 м от стадиона.;В отображаемом слое для проекта Город Шуя показаны объекты типа «Кинотеатр», расположенные в радиусе 200 м от объектов типа «Стадион».;1 - слой с объектами «Кинотеатр», 2 - слой с объектами «Стадион», учитывающий буфер 200 м вокруг каждого объекта.;;1244;Стадион, Кинотеатр;;20;5;Стадион;Кинотеатр;200
185;;Город Шуя;838;Исходный;Покажи, сколько водонапорных башен находится внутри 50 м от музея.;В отображаемом слое для проекта Город Шуя показаны объекты типа «Водонапорная башня», расположенные в радиусе 50 м от объектов типа «Музей».;1 - слой с объектами «Водонапорная башня», 2 - слой с объектами «Музей», учитывающий буфер 50 м вокруг каждого объекта.;;1244;Музей;Водонапорная башня;20;6;Музей;Водонапорная башня;50
186;;Город Шуя;838;Исходный;Найди зеленые зоны, которые находятся не далее чем 150 м от полицейского участка.;В отображаемом слое для проекта Город Шуя показаны объекты типа «Зеленая зона», расположенные в радиусе 150 м от объектов типа «Полицейский участок».;1 - слой с объектами «Зеленая зона», 2 - слой с объектами «Полицейский участок», учитывающий буфер 150 м вокруг каждого объекта.;;1244;Полицейский участок;Зеленая зона;20;7;Полицейский участок;Зеленая зона;150
187;;Город Шуя;838;Исходный;Определи, сколько супермаркетов находятся в радиусе 50 м от нежилого здания.;В отображаемом слое для проекта Город Шуя показаны объекты типа «Супермаркет», расположенные в радиусе 50 м от объектов типа «Нежилое здание».;1 - слой с объектами «Супермаркет», 2 - слой с объектами «Нежилое здание», учитывающий буфер 50 м вокруг каждого объекта.;;1244;Супермаркет;Нежилое здание;20;8;Нежилое здание;Супермаркет;50
188;;Город Шуя;838;Исходный;Проверь, сколько кинотеатров расположены в пределах 500 м от одежды и обуви.;В отображаемом слое для проекта Город Шуя показаны объекты типа «Кинотеатр», расположенные в радиусе 500 м от объектов типа «Одежда и обувь».;1 - слой с объектами «Кинотеатр», 2 - слой с объектами «Одежда и обувь», учитывающий буфер 500 м вокруг каждого объекта.;;1244;Одежда и обувь, Кинотеатр;;20;9;Одежда и обувь;Кинотеатр;500
189;;Город Шуя;838;Исходный;Покажи количество парковок, находящихся внутри радиуса 100 м от необрабатываемых полей, чтобы оценить доступность транспортных узлов.;В отображаемом слое для проекта Город Шуя показаны объекты типа «Парковка», расположенные в радиусе 100 м от объектов типа «Необрабатываемое поле».;1 - слой с объектами «Парковка», 2 - слой с объектами «Необрабатываемое поле», учитывающий буфер 100 м вокруг каждого объекта.;;1244;;Необрабатываемое поле, Парковка;21;1;Необрабатываемое поле;Парковка;100
190;;Город Шуя;838;Исходный;Найди салон красоты, расположенные в пределах 200 м от супермаркетов, чтобы определить зоны услуг.;В отображаемом слое для проекта Город Шуя показаны объекты типа «Салон красоты», расположенные в радиусе 200 м от объектов типа «Супермаркет».;1 - слой с объектами «Салон красоты», 2 - слой с объектами «Супермаркет», учитывающий буфер 200 м вокруг каждого объекта.;;1244;Супермаркет, Салон красоты;;21;2;Супермаркет;Салон красоты;200
191;;Город Шуя;838;Исходный;Определи промышленные территории, которые находятся не далее 500 м от стадионов, чтобы оценить влияние на инфраструктуру.;В отображаемом слое для проекта Город Шуя показаны объекты типа «Промышленная территория», расположенные в радиусе 500 м от объектов типа «Стадион».;1 - слой с объектами «Промышленная территория», 2 - слой с объектами «Стадион», учитывающий буфер 500 м вокруг каждого объекта.;;1244;Стадион;Промышленная территория;21;3;Стадион;Промышленная территория;500
192;;Город Шуя;838;Исходный;Сколько салонов красоты находятся внутри радиуса 150 м от железнодорожных станций, чтобы понять доступность транспорта.;В отображаемом слое для проекта Город Шуя показаны объекты типа «Салон красоты», расположенные в радиусе 150 м от объектов типа «Железнодорожная станция».;1 - слой с объектами «Салон красоты», 2 - слой с объектами «Железнодорожная станция», учитывающий буфер 150 м вокруг каждого объекта.;;1244;Салон красоты;Железнодорожная станция;21;4;Железнодорожная станция;Салон красоты;150
193;;Город Шуя;838;Исходный;Проверь, есть ли почтовые отделения в пределах 150 м от средних специальных учебных заведений, чтобы оценить доступность услуг.;В отображаемом слое для проекта Город Шуя показаны объекты типа «Почтовое отделение», расположенные в радиусе 150 м от объектов типа «Среднее специальное учебное заведение».;1 - слой с объектами «Почтовое отделение», 2 - слой с объектами «Среднее специальное учебное заведение», учитывающий буфер 150 м вокруг каждого объекта.;;1244;Среднее специальное учебное заведение, Почтовое отделение;;21;5;Среднее специальное учебное заведение;Почтовое отделение;150
194;;Город Шуя;838;Исходный;Выведи супермаркеты, расположенные не далее 100 м от торговых центров, для анализа коммерческой плотности.;В отображаемом слое для проекта Город Шуя показаны объекты типа «Супермаркет», расположенные в радиусе 100 м от объектов типа «Торговый центр».;1 - слой с объектами «Супермаркет», 2 - слой с объектами «Торговый центр», учитывающий буфер 100 м вокруг каждого объекта.;;1244;Торговый центр, Супермаркет;;21;6;Торговый центр;Супермаркет;100
195;;Город Шуя;838;Исходный;Считай пункты выдачи, находящиеся внутри радиуса 200 м от кинотеатров, чтобы оценить удобство доступа.;В отображаемом слое для проекта Город Шуя показаны объекты типа «Пункт выдачи», расположенные в радиусе 200 м от объектов типа «Кинотеатр».;1 - слой с объектами «Пункт выдачи», 2 - слой с объектами «Кинотеатр», учитывающий буфер 200 м вокруг каждого объекта.;;1244;Кинотеатр, Пункт выдачи;;21;7;Кинотеатр;Пункт выдачи;200
196;;Город Шуя;838;Исходный;Выясни, находятся ли кладбища внутри радиуса 150 м от пожарных станций, чтобы оценить безопасность.;В отображаемом слое для проекта Город Шуя показаны объекты типа «Кладбище», расположенные в радиусе 150 м от объектов типа «Пожарная станция».;1 - слой с объектами «Кладбище», 2 - слой с объектами «Пожарная станция», учитывающий буфер 150 м вокруг каждого объекта.;;1244;Пожарная станция, Кладбище;;21;8;Пожарная станция;Кладбище;150
197;;Город Шуя;838;Исходный;Узнай больницы, расположенные не далее 500 м от бытовой техники, чтобы понять влияние на здоровье населения.;В отображаемом слое для проекта Город Шуя показаны объекты типа «Больница», расположенные в радиусе 500 м от объектов типа «Бытовая техника».;1 - слой с объектами «Больница», 2 - слой с объектами «Бытовая техника», учитывающий буфер 500 м вокруг каждого объекта.;;1244;Бытовая техника, Больница;;21;9;Бытовая техника;Больница;500
198;;Город Шуя;838;Исходный;Покажи, сколько школ находятся внутри радиуса 300 м от нежилого здания, чтобы оценить образовательную доступность.;В отображаемом слое для проекта Город Шуя показаны объекты типа «Школа», расположенные в радиусе 300 м от объектов типа «Нежилое здание».;1 - слой с объектами «Школа», 2 - слой с объектами «Нежилое здание», учитывающий буфер 300 м вокруг каждого объекта.;;1244;Школа;Нежилое здание;22;1;Нежилое здание;Школа;300
199;;Город Шуя;838;Исходный;Найди промышленные территории, расположенные не далее 300 м от автозаправки, чтобы понять влияние.;В отображаемом слое для проекта Город Шуя показаны объекты типа «Промышленная территория», расположенные в радиусе 300 м от объектов типа «Автозаправка».;1 - слой с объектами «Промышленная территория», 2 - слой с объектами «Автозаправка», учитывающий буфер 300 м вокруг каждого объекта.;;1244;Автозаправка;Промышленная территория;22;2;Автозаправка;Промышленная территория;300
200;;Город Шуя;838;Исходный;Определи, сколько почтовых отделений находятся в пределах 150 м от полицейского участка, чтобы улучшить логистику.;В отображаемом слое для проекта Город Шуя показаны объекты типа «Почтовое отделение», расположенные в радиусе 150 м от объектов типа «Полицейский участок».;1 - слой с объектами «Почтовое отделение», 2 - слой с объектами «Полицейский участок», учитывающий буфер 150 м вокруг каждого объекта.;;1244;Полицейский участок, Почтовое отделение;;22;3;Полицейский участок;Почтовое отделение;150
201;;Город Шуя;838;Исходный;Расчитай, сколько рынков находятся внутри радиуса 100 м от банкомата, чтобы анализировать торговую активность.;В отображаемом слое для проекта Город Шуя показаны объекты типа «Рынок», расположенные в радиусе 100 м от объектов типа «Банкомат».;1 - слой с объектами «Рынок», 2 - слой с объектами «Банкомат», учитывающий буфер 100 м вокруг каждого объекта.;;1244;Банкомат, Рынок;;22;4;Банкомат;Рынок;100
202;;Город Шуя;838;Исходный;Выведи, сколько площадок находятся в пределах 150 м от магазина одежды и обуви, чтобы оценить доступность досуга.;В отображаемом слое для проекта Город Шуя показаны объекты типа «Площадка», расположенные в радиусе 150 м от объектов типа «Одежда и обувь».;1 - слой с объектами «Площадка», 2 - слой с объектами «Одежда и обувь», учитывающий буфер 150 м вокруг каждого объекта.;;1244;Одежда и обувь;Площадка;22;5;Одежда и обувь;Площадка;150
203;;Город Шуя;838;Исходный;Проверь, какие кладбища находятся не далее 150 м от почтового отделения, чтобы уточнить территориальное планирование.;В отображаемом слое для проекта Город Шуя показаны объекты типа «Кладбище», расположенные в радиусе 150 м от объектов типа «Почтовое отделение».;1 - слой с объектами «Кладбище», 2 - слой с объектами «Почтовое отделение», учитывающий буфер 150 м вокруг каждого объекта.;;1244;Почтовое отделение, Кладбище;;22;6;Почтовое отделение;Кладбище;150
204;;Город Шуя;838;Исходный;Считай, сколько зеленых зон находится внутри радиуса 500 м от музея, чтобы оценить экологический баланс.;В отображаемом слое для проекта Город Шуя показаны объекты типа «Зеленая зона», расположенные в радиусе 500 м от объектов типа «Музей».;1 - слой с объектами «Зеленая зона», 2 - слой с объектами «Музей», учитывающий буфер 500 м вокруг каждого объекта.;;1244;Музей;Зеленая зона;22;7;Музей;Зеленая зона;500
205;;Город Шуя;838;Исходный;Узнай, сколько гостиниц находятся в пределах 50 м от религиозного объекта, чтобы планировать гостеприимную инфраструктуру.;В отображаемом слое для проекта Город Шуя показаны объекты типа «Гостиница», расположенные в радиусе 50 м от объектов типа «Религиозный объект».;1 - слой с объектами «Гостиница», 2 - слой с объектами «Религиозный объект», учитывающий буфер 50 м вокруг каждого объекта.;;1244;Религиозный объект, Гостиница;;22;8;Религиозный объект;Гостиница;50
206;;Город Шуя;838;Исходный;Получи, сколько стадионов находятся не далее 300 м от бытовой техники, чтобы оценить спортивную инфраструктуру.;В отображаемом слое для проекта Город Шуя показаны объекты типа «Стадион», расположенные в радиусе 300 м от объектов типа «Бытовая техника».;1 - слой с объектами «Стадион», 2 - слой с объектами «Бытовая техника», учитывающий буфер 300 м вокруг каждого объекта.;;1244;Бытовая техника, Стадион;;22;9;Бытовая техника;Стадион;300
207;;ДПО Шуя;863;Исходный;Покажи торговые центры, расположенные внутри радиуса 100 м от памятника.;В отображаемом слое для проекта ДПО Шуя показаны объекты типа «Торговый центр», расположенные в радиусе 100 м от объектов типа «Памятник».;1 - слой с объектами «Торговый центр», 2 - слой с объектами «Памятник», учитывающий буфер 100 м вокруг каждого объекта.;;1269;Торговый центр;Памятник;23;1;Памятник;Торговый центр;100
208;;ДПО Шуя;863;Исходный;Найди железнодорожную станцию, которая находится в пределах 500 м от нежилого здания.;В отображаемом слое для проекта ДПО Шуя показаны объекты типа «Железнодорожная станция», расположенные в радиусе 500 м от объектов типа «Нежилое здание».;1 - слой с объектами «Железнодорожная станция», 2 - слой с объектами «Нежилое здание», учитывающий буфер 500 м вокруг каждого объекта.;;1269;;Нежилое здание, Железнодорожная станция;23;2;Нежилое здание;Железнодорожная станция;500
209;;ДПО Шуя;863;Исходный;Определи количество ресторанов, расположенных не далее чем 300 м от промышленной территории.;В отображаемом слое для проекта ДПО Шуя показаны объекты типа «Ресторан», расположенные в радиусе 300 м от объектов типа «Промышленная территория».;1 - слой с объектами «Ресторан», 2 - слой с объектами «Промышленная территория», учитывающий буфер 300 м вокруг каждого объекта.;;1269;Ресторан;Промышленная территория;23;3;Промышленная территория;Ресторан;300
210;;ДПО Шуя;863;Исходный;Сколько высших учебных заведений находятся в пределах 100 м от парка?;В отображаемом слое для проекта ДПО Шуя показаны объекты типа «Высшее учебное заведение», расположенные в радиусе 100 м от объектов типа «Парк».;1 - слой с объектами «Высшее учебное заведение», 2 - слой с объектами «Парк», учитывающий буфер 100 м вокруг каждого объекта.;;1269;Парк, Высшее учебное заведение;;23;4;Парк;Высшее учебное заведение;100
211;;ДПО Шуя;863;Исходный;Проверь памятники, находящиеся в пределах 300 м от одежды и обуви.;В отображаемом слое для проекта ДПО Шуя показаны объекты типа «Памятник», расположенные в радиусе 300 м от объектов типа «Одежда и обувь».;1 - слой с объектами «Памятник», 2 - слой с объектами «Одежда и обувь», учитывающий буфер 300 м вокруг каждого объекта.;;1269;Одежда и обувь;Памятник;23;5;Одежда и обувь;Памятник;300
212;;ДПО Шуя;863;Исходный;Выведи рынки, расположенные внутри радиуса 150 м от рекреационной зоны.;В отображаемом слое для проекта ДПО Шуя показаны объекты типа «Рынок», расположенные в радиусе 150 м от объектов типа «Рекреационная зона».;1 - слой с объектами «Рынок», 2 - слой с объектами «Рекреационная зона», учитывающий буфер 150 м вокруг каждого объекта.;;1269;Рынок;Рекреационная зона;23;6;Рекреационная зона;Рынок;150
213;;ДПО Шуя;863;Исходный;Уточни, сколько нежилых зданий находятся в пределах 150 м от среднего специального учебного заведения.;В отображаемом слое для проекта ДПО Шуя показаны объекты типа «Нежилое здание», расположенные в радиусе 150 м от объектов типа «Среднее специальное учебное заведение».;1 - слой с объектами «Нежилое здание», 2 - слой с объектами «Среднее специальное учебное заведение», учитывающий буфер 150 м вокруг каждого объекта.;;1269;Среднее специальное учебное заведение;Нежилое здание;23;7;Среднее специальное учебное заведение;Нежилое здание;150
214;;ДПО Шуя;863;Исходный;Ищи железнодорожную станцию, которая находится не далее чем 300 м от кладбища.;В отображаемом слое для проекта ДПО Шуя показаны объекты типа «Железнодорожная станция», расположенные в радиусе 300 м от объектов типа «Кладбище».;1 - слой с объектами «Железнодорожная станция», 2 - слой с объектами «Кладбище», учитывающий буфер 300 м вокруг каждого объекта.;;1269;Кладбище;Железнодорожная станция;23;8;Кладбище;Железнодорожная станция;300
215;;ДПО Шуя;863;Исходный;Считай парковки, расположенные в пределах 500 м от заправочной станции.;В отображаемом слое для проекта ДПО Шуя показаны объекты типа «Парковка», расположенные в радиусе 500 м от объектов типа «Заправочная станция».;1 - слой с объектами «Парковка», 2 - слой с объектами «Заправочная станция», учитывающий буфер 500 м вокруг каждого объекта.;;1269;;Заправочная станция, Парковка;23;9;Заправочная станция;Парковка;500
216;;ДПО Шуя;863;Исходный;Найди все федеральные дороги, которые находятся в пределах 200 м от Среднего специального учебного заведения.;В отображаемом слое для проекта ДПО Шуя показаны объекты типа «Федеральная дорога», расположенные в радиусе 200 м от объектов типа «Среднее специальное учебное заведение».;1 - слой с объектами «Федеральная дорога», 2 - слой с объектами «Среднее специальное учебное заведение», учитывающий буфер 200 м вокруг каждого объекта.;;1269;Среднее специальное учебное заведение;Федеральная дорога;24;1;Среднее специальное учебное заведение;Федеральная дорога;200
217;;ДПО Шуя;863;Исходный;Проверь наличие музеев в радиусе 100 м от кладбища, чтобы убедиться в их доступности.;В отображаемом слое для проекта ДПО Шуя показаны объекты типа «Музей», расположенные в радиусе 100 м от объектов типа «Кладбище».;1 - слой с объектами «Музей», 2 - слой с объектами «Кладбище», учитывающий буфер 100 м вокруг каждого объекта.;;1269;Кладбище, Музей;;24;2;Кладбище;Музей;100
218;;ДПО Шуя;863;Исходный;Определи, сколько рекреационных зон размещается не далее чем 300 м от пожарной станции, поскольку это важный фактор безопасности.;В отображаемом слое для проекта ДПО Шуя показаны объекты типа «Рекреационная зона», расположенные в радиусе 300 м от объектов типа «Пожарная станция».;1 - слой с объектами «Рекреационная зона», 2 - слой с объектами «Пожарная станция», учитывающий буфер 300 м вокруг каждого объекта.;;1269;Пожарная станция;Рекреационная зона;24;3;Пожарная станция;Рекреационная зона;300
219;;ДПО Шуя;863;Исходный;Выведи список памятников, расположенных в пределах 500 м от супермаркета, чтобы оценить культурное значение района.;В отображаемом слое для проекта ДПО Шуя показаны объекты типа «Памятник», расположенные в радиусе 500 м от объектов типа «Супермаркет».;1 - слой с объектами «Памятник», 2 - слой с объектами «Супермаркет», учитывающий буфер 500 м вокруг каждого объекта.;;1269;Супермаркет;Памятник;24;4;Супермаркет;Памятник;500
220;;ДПО Шуя;863;Исходный;Покажи, сколько школ находится в пределах 300 м от стадиона, так как это показатель развития инфраструктуры.;В отображаемом слое для проекта ДПО Шуя показаны объекты типа «Школа», расположенные в радиусе 300 м от объектов типа «Стадион».;1 - слой с объектами «Школа», 2 - слой с объектами «Стадион», учитывающий буфер 300 м вокруг каждого объекта.;;1269;Стадион, Школа;;24;5;Стадион;Школа;300
221;;ДПО Шуя;863;Исходный;Сколько торговых центров расположено в радиусе 50 м от детского сада, чтобы оценить доступность для семей.;В отображаемом слое для проекта ДПО Шуя показаны объекты типа «Торговый центр», расположенные в радиусе 50 м от объектов типа «Детский сад».;1 - слой с объектами «Торговый центр», 2 - слой с объектами «Детский сад», учитывающий буфер 50 м вокруг каждого объекта.;;1269;Детский сад, Торговый центр;;24;6;Детский сад;Торговый центр;50
222;;ДПО Шуя;863;Исходный;Определи, сколько банкоматов находится в пределах 150 м от больницы, так как это важно для удобства пациентов.;В отображаемом слое для проекта ДПО Шуя показаны объекты типа «Банкомат», расположенные в радиусе 150 м от объектов типа «Больница».;1 - слой с объектами «Банкомат», 2 - слой с объектами «Больница», учитывающий буфер 150 м вокруг каждого объекта.;;1269;Больница, Банкомат;;24;7;Больница;Банкомат;150
223;;ДПО Шуя;863;Исходный;Проверь, сколько жилых домов находятся в радиусе 100 м от школы, чтобы оценить плотность населения.;В отображаемом слое для проекта ДПО Шуя показаны объекты типа «Жилой дом», расположенные в радиусе 100 м от объектов типа «Школа».;1 - слой с объектами «Жилой дом», 2 - слой с объектами «Школа», учитывающий буфер 100 м вокруг каждого объекта.;;1269;Школа;Жилой дом;24;8;Школа;Жилой дом;100
224;;ДПО Шуя;863;Исходный;Выведи список высших учебных заведений, расположенных не далее чем 500 м от автозаправки, чтобы проверить наличие образовательных объектов рядом с топливными пунктами.;В отображаемом слое для проекта ДПО Шуя показаны объекты типа «Высшее учебное заведение», расположенные в радиусе 500 м от объектов типа «Автозаправка».;1 - слой с объектами «Высшее учебное заведение», 2 - слой с объектами «Автозаправка», учитывающий буфер 500 м вокруг каждого объекта.;;1269;Автозаправка, Высшее учебное заведение;;24;9;Автозаправка;Высшее учебное заведение;500
225;;ДПО Шуя;863;Исходный;Проверь, сколько полицейских участков находится внутри радиуса 100 м от водонапорной башни, чтобы оценить охранную доступность.;В отображаемом слое для проекта ДПО Шуя показаны объекты типа «Полицейский участок», расположенные в радиусе 100 м от объектов типа «Водонапорная башня».;1 - слой с объектами «Полицейский участок», 2 - слой с объектами «Водонапорная башня», учитывающий буфер 100 м вокруг каждого объекта.;;1269;Полицейский участок;Водонапорная башня;25;1;Водонапорная башня;Полицейский участок;100
226;;ДПО Шуя;863;Исходный;Определи процент зеленой зоны в пределах 200 м от высшего учебного заведения для планирования учебно-общественных пространств.;В отображаемом слое для проекта ДПО Шуя показаны объекты типа «Зеленая зона», расположенные в радиусе 200 м от объектов типа «Высшее учебное заведение».;1 - слой с объектами «Зеленая зона», 2 - слой с объектами «Высшее учебное заведение», учитывающий буфер 200 м вокруг каждого объекта.;;1269;Высшее учебное заведение;Зеленая зона;25;2;Высшее учебное заведение;Зеленая зона;200
227;;ДПО Шуя;863;Исходный;Выведи список площадок, размещенных не далее 300 м от парковки, чтобы оценить зоны отдыха рядом с транспортными узлами.;В отображаемом слое для проекта ДПО Шуя показаны объекты типа «Площадка», расположенные в радиусе 300 м от объектов типа «Парковка».;1 - слой с объектами «Площадка», 2 - слой с объектами «Парковка», учитывающий буфер 300 м вокруг каждого объекта.;;1269;;Парковка, Площадка;25;3;Парковка;Площадка;300
228;;ДПО Шуя;863;Исходный;Покажи количество линий электропередачи, находящихся внутри радиуса 150 м от салона красоты, чтобы проверить электроснабжение для коммерческих объектов.;В отображаемом слое для проекта ДПО Шуя показаны объекты типа «Линия электропередачи», расположенные в радиусе 150 м от объектов типа «Салон красоты».;1 - слой с объектами «Линия электропередачи», 2 - слой с объектами «Салон красоты», учитывающий буфер 150 м вокруг каждого объекта.;;1269;Салон красоты;Линия электропередачи;25;4;Салон красоты;Линия электропередачи;150
229;;ДПО Шуя;863;Исходный;Покажи количество гостиниц в пределах 500 м от парка, чтобы оценить туристическую привлекательность.;В отображаемом слое для проекта ДПО Шуя показаны объекты типа «Гостиница», расположенные в радиусе 500 м от объектов типа «Парк».;1 - слой с объектами «Гостиница», 2 - слой с объектами «Парк», учитывающий буфер 500 м вокруг каждого объекта.;;1269;Парк, Гостиница;;25;5;Парк;Гостиница;500
230;;ДПО Шуя;863;Исходный;Определи количество федеральных дорог, находящихся внутри 100 м от местной дороги для анализа транспортной сети.;В отображаемом слое для проекта ДПО Шуя показаны объекты типа «Федеральная дорога», расположенные в радиусе 100 м от объектов типа «Местная дорога».;1 - слой с объектами «Федеральная дорога», 2 - слой с объектами «Местная дорога», учитывающий буфер 100 м вокруг каждого объекта.;;1269;;Местная дорога, Федеральная дорога;25;6;Местная дорога;Федеральная дорога;100
231;;ДПО Шуя;863;Исходный;Найди железнодорожные станции, находящиеся внутри радиуса 100 м от зеленой зоны, чтобы понять доступность транспортных узлов.;В отображаемом слое для проекта ДПО Шуя показаны объекты типа «Железнодорожная станция», расположенные в радиусе 100 м от объектов типа «Зеленая зона».;1 - слой с объектами «Железнодорожная станция», 2 - слой с объектами «Зеленая зона», учитывающий буфер 100 м вокруг каждого объекта.;;1269;;Зеленая зона, Железнодорожная станция;25;7;Зеленая зона;Железнодорожная станция;100
232;;ДПО Шуя;863;Исходный;Выведи список торговых центров, находящихся не далее 200 м от автозаправки, чтобы оценить коммерческую активность.;В отображаемом слое для проекта ДПО Шуя показаны объекты типа «Торговый центр», расположенные в радиусе 200 м от объектов типа «Автозаправка».;1 - слой с объектами «Торговый центр», 2 - слой с объектами «Автозаправка», учитывающий буфер 200 м вокруг каждого объекта.;;1269;Автозаправка, Торговый центр;;25;8;Автозаправка;Торговый центр;200
233;;ДПО Шуя;863;Исходный;Проверь, сколько промышленных территорий расположены внутри радиуса 500 м от рекреационной зоны, чтобы оценить смешение использования земли.;В отображаемом слое для проекта ДПО Шуя показаны объекты типа «Промышленная территория», расположенные в радиусе 500 м от объектов типа «Рекреационная зона».;1 - слой с объектами «Промышленная территория», 2 - слой с объектами «Рекреационная зона», учитывающий буфер 500 м вокруг каждого объекта.;;1269;;Рекреационная зона, Промышленная территория;25;9;Рекреационная зона;Промышленная территория;500
234;;ДПО Шуя;863;Исходный;Найди промышленные территории, находящиеся внутри радиуса 200 м от парковки.;В отображаемом слое для проекта ДПО Шуя показаны объекты типа «Промышленная территория», расположенные в радиусе 200 м от объектов типа «Парковка».;1 - слой с объектами «Промышленная территория», 2 - слой с объектами «Парковка», учитывающий буфер 200 м вокруг каждого объекта.;;1269;;Парковка, Промышленная территория;26;1;Парковка;Промышленная территория;200
235;;ДПО Шуя;863;Исходный;Определи больницы, расположенные в пределах 100 м от торгового центра.;В отображаемом слое для проекта ДПО Шуя показаны объекты типа «Больница», расположенные в радиусе 100 м от объектов типа «Торговый центр».;1 - слой с объектами «Больница», 2 - слой с объектами «Торговый центр», учитывающий буфер 100 м вокруг каждого объекта.;;1269;Торговый центр, Больница;;26;2;Торговый центр;Больница;100
236;;ДПО Шуя;863;Исходный;Проверь наличие салонов красоты, не далее чем 200 м от полицейского участка.;В отображаемом слое для проекта ДПО Шуя показаны объекты типа «Салон красоты», расположенные в радиусе 200 м от объектов типа «Полицейский участок».;1 - слой с объектами «Салон красоты», 2 - слой с объектами «Полицейский участок», учитывающий буфер 200 м вокруг каждого объекта.;;1269;Полицейский участок, Салон красоты;;26;3;Полицейский участок;Салон красоты;200
237;;ДПО Шуя;863;Исходный;Выведи федеральные дороги, находящиеся внутри радиуса 100 м от водонапорной башни.;В отображаемом слое для проекта ДПО Шуя показаны объекты типа «Федеральная дорога», расположенные в радиусе 100 м от объектов типа «Водонапорная башня».;1 - слой с объектами «Федеральная дорога», 2 - слой с объектами «Водонапорная башня», учитывающий буфер 100 м вокруг каждого объекта.;;1269;;Водонапорная башня, Федеральная дорога;26;4;Водонапорная башня;Федеральная дорога;100
238;;ДПО Шуя;863;Исходный;Покажи промышленные территории, которые находятся в пределах 200 м от кинотеатра.;В отображаемом слое для проекта ДПО Шуя показаны объекты типа «Промышленная территория», расположенные в радиусе 200 м от объектов типа «Кинотеатр».;1 - слой с объектами «Промышленная территория», 2 - слой с объектами «Кинотеатр», учитывающий буфер 200 м вокруг каждого объекта.;;1269;Кинотеатр;Промышленная территория;26;5;Кинотеатр;Промышленная территория;200
239;;ДПО Шуя;863;Исходный;Считай детские сады, расположенные не далее чем 50 м от спортивной площадки.;В отображаемом слое для проекта ДПО Шуя показаны объекты типа «Детский сад», расположенные в радиусе 50 м от объектов типа «Спортивная площадка».;1 - слой с объектами «Детский сад», 2 - слой с объектами «Спортивная площадка», учитывающий буфер 50 м вокруг каждого объекта.;;1269;Спортивная площадка, Детский сад;;26;6;Спортивная площадка;Детский сад;50
240;;ДПО Шуя;863;Исходный;Определи рекреационные зоны, находящиеся внутри радиуса 50 м от почтового отделения.;В отображаемом слое для проекта ДПО Шуя показаны объекты типа «Рекреационная зона», расположенные в радиусе 50 м от объектов типа «Почтовое отделение».;1 - слой с объектами «Рекреационная зона», 2 - слой с объектами «Почтовое отделение», учитывающий буфер 50 м вокруг каждого объекта.;;1269;Почтовое отделение;Рекреационная зона;26;7;Почтовое отделение;Рекреационная зона;50
241;;ДПО Шуя;863;Исходный;Проверь детские сады, расположенные в пределах 50 м от региональной дороги.;В отображаемом слое для проекта ДПО Шуя показаны объекты типа «Детский сад», расположенные в радиусе 50 м от объектов типа «Региональная дорога».;1 - слой с объектами «Детский сад», 2 - слой с объектами «Региональная дорога», учитывающий буфер 50 м вокруг каждого объекта.;;1269;Детский сад;Региональная дорога;26;8;Региональная дорога;Детский сад;50
242;;ДПО Шуя;863;Исходный;Покажи религиозные объекты, которые находятся не далее чем 500 м от супермаркета.;В отображаемом слое для проекта ДПО Шуя показаны объекты типа «Религиозный объект», расположенные в радиусе 500 м от объектов типа «Супермаркет».;1 - слой с объектами «Религиозный объект», 2 - слой с объектами «Супермаркет», учитывающий буфер 500 м вокруг каждого объекта.;;1269;Супермаркет, Религиозный объект;;26;9;Супермаркет;Религиозный объект;500
243;;Параллельные решения - Приморский край;737;Исходный;Подсчитай водонапорные башни, находящиеся внутри радиуса 50 м от зеленой зоны.;В отображаемом слое для проекта Параллельные решения - Приморский край показаны объекты типа «Водонапорная башня», расположенные в радиусе 50 м от объектов типа «Зеленая зона».;1 - слой с объектами «Водонапорная башня», 2 - слой с объектами «Зеленая зона», учитывающий буфер 50 м вокруг каждого объекта.;;1046;;Зеленая зона, Водонапорная башня;27;1;Зеленая зона;Водонапорная башня;50
244;;Параллельные решения - Приморский край;737;Исходный;Проверь наличие необрабатываемых полей в пределах 500 м от бассейна.;В отображаемом слое для проекта Параллельные решения - Приморский край показаны объекты типа «Необрабатываемое поле», расположенные в радиусе 500 м от объектов типа «Бассейн».;1 - слой с объектами «Необрабатываемое поле», 2 - слой с объектами «Бассейн», учитывающий буфер 500 м вокруг каждого объекта.;;1046;Бассейн;Необрабатываемое поле;27;2;Бассейн;Необрабатываемое поле;500
245;;Параллельные решения - Приморский край;737;Исходный;Найди водонапорные башни, расположенные не далее чем 100 м от травяного покрытия.;В отображаемом слое для проекта Параллельные решения - Приморский край показаны объекты типа «Водонапорная башня», расположенные в радиусе 100 м от объектов типа «Травяное покрытие».;1 - слой с объектами «Водонапорная башня», 2 - слой с объектами «Травяное покрытие», учитывающий буфер 100 м вокруг каждого объекта.;;1046;;Травяное покрытие, Водонапорная башня;27;3;Травяное покрытие;Водонапорная башня;100
246;;Параллельные решения - Приморский край;737;Исходный;Выведи аэропорты, которые находятся внутри радиуса 200 м от травяного покрытия.;В отображаемом слое для проекта Параллельные решения - Приморский край показаны объекты типа «Аэропорт», расположенные в радиусе 200 м от объектов типа «Травяное покрытие».;1 - слой с объектами «Аэропорт», 2 - слой с объектами «Травяное покрытие», учитывающий буфер 200 м вокруг каждого объекта.;;1046;Аэропорт;Травяное покрытие;27;4;Травяное покрытие;Аэропорт;200
247;;Параллельные решения - Приморский край;737;Исходный;Определи железнодорожные станции, расположенные в пределах 300 м от жилого дома.;В отображаемом слое для проекта Параллельные решения - Приморский край показаны объекты типа «Железнодорожная станция», расположенные в радиусе 300 м от объектов типа «Жилой дом».;1 - слой с объектами «Железнодорожная станция», 2 - слой с объектами «Жилой дом», учитывающий буфер 300 м вокруг каждого объекта.;;1046;Железнодорожная станция;Жилой дом;27;5;Жилой дом;Железнодорожная станция;300
248;;Параллельные решения - Приморский край;737;Исходный;Оцени нежилые здания, находящиеся не далее чем 200 м от остановки наземного общественного транспорта.;В отображаемом слое для проекта Параллельные решения - Приморский край показаны объекты типа «Нежилое здание», расположенные в радиусе 200 м от объектов типа «Остановка наземного общественного транспорта».;1 - слой с объектами «Нежилое здание», 2 - слой с объектами «Остановка наземного общественного транспорта», учитывающий буфер 200 м вокруг каждого объекта.;;1046;Остановка наземного общественного транспорта;Нежилое здание;27;6;Остановка наземного общественного транспорта;Нежилое здание;200
249;;Параллельные решения - Приморский край;737;Исходный;Сколько аэропортов находятся внутри радиуса 100 м от промышленной территории?;В отображаемом слое для проекта Параллельные решения - Приморский край показаны объекты типа «Аэропорт», расположенные в радиусе 100 м от объектов типа «Промышленная территория».;1 - слой с объектами «Аэропорт», 2 - слой с объектами «Промышленная территория», учитывающий буфер 100 м вокруг каждого объекта.;;1046;Аэропорт;Промышленная территория;27;7;Промышленная территория;Аэропорт;100
250;;Параллельные решения - Приморский край;737;Исходный;Узнай парковки, расположенные в пределах 300 м от бассейна.;В отображаемом слое для проекта Параллельные решения - Приморский край показаны объекты типа «Парковка», расположенные в радиусе 300 м от объектов типа «Бассейн».;1 - слой с объектами «Парковка», 2 - слой с объектами «Бассейн», учитывающий буфер 300 м вокруг каждого объекта.;;1046;Бассейн, Парковка;;27;8;Бассейн;Парковка;300
251;;Параллельные решения - Приморский край;737;Исходный;Покажи леса, которые находятся не далее чем 150 м от Продукты (магазин у дома).;В отображаемом слое для проекта Параллельные решения - Приморский край показаны объекты типа «Лес», расположенные в радиусе 150 м от объектов типа «Продукты (магазин у дома)».;1 - слой с объектами «Лес», 2 - слой с объектами «Продукты (магазин у дома)», учитывающий буфер 150 м вокруг каждого объекта.;;1046;Продукты (магазин у дома);Лес;27;9;Продукты (магазин у дома);Лес;150
252;;Параллельные решения - Приморский край;737;Исходный;Покажи промышленные территории внутри радиуса 50 м от бассейна для оценки безопасных зон.;В отображаемом слое для проекта Параллельные решения - Приморский край показаны объекты типа «Промышленная территория», расположенные в радиусе 50 м от объектов типа «Бассейн».;1 - слой с объектами «Промышленная территория», 2 - слой с объектами «Бассейн», учитывающий буфер 50 м вокруг каждого объекта.;;1046;Бассейн;Промышленная территория;28;1;Бассейн;Промышленная территория;50
253;;Параллельные решения - Приморский край;737;Исходный;Выведи данные о травяном покрытии, находящемся не далее чем 500 м от продуктов (магазин у дома).;В отображаемом слое для проекта Параллельные решения - Приморский край показаны объекты типа «Травяное покрытие», расположенные в радиусе 500 м от объектов типа «Продукты (магазин у дома)».;1 - слой с объектами «Травяное покрытие», 2 - слой с объектами «Продукты (магазин у дома)», учитывающий буфер 500 м вокруг каждого объекта.;;1046;Продукты (магазин у дома);Травяное покрытие;28;2;Продукты (магазин у дома);Травяное покрытие;500
254;;Параллельные решения - Приморский край;737;Исходный;Определи, сколько продуктов (магазин у дома) находятся внутри радиуса 150 м от остановки наземного общественного транспорта.;В отображаемом слое для проекта Параллельные решения - Приморский край показаны объекты типа «Продукты (магазин у дома)», расположенные в радиусе 150 м от объектов типа «Остановка наземного общественного транспорта».;1 - слой с объектами «Продукты (магазин у дома)», 2 - слой с объектами «Остановка наземного общественного транспорта», учитывающий буфер 150 м вокруг каждого объекта.;;1046;Остановка наземного общественного транспорта, Продукты (магазин у дома);;28;3;Остановка наземного общественного транспорта;Продукты (магазин у дома);150
255;;Параллельные решения - Приморский край;737;Исходный;Сколько остановок наземного общественного транспорта находятся внутри радиуса 500 м от супермаркета, чтобы проверить доступность.;В отображаемом слое для проекта Параллельные решения - Приморский край показаны объекты типа «Остановка наземного общественного транспорта», расположенные в радиусе 500 м от объектов типа «Супермаркет».;1 - слой с объектами «Остановка наземного общественного транспорта», 2 - слой с объектами «Супермаркет», учитывающий буфер 500 м вокруг каждого объекта.;;1046;Супермаркет, Остановка наземного общественного транспорта;;28;4;Супермаркет;Остановка наземного общественного транспорта;500
256;;Параллельные решения - Приморский край;737;Исходный;Проверь наличие кафе не далее чем 200 м от нежилого здания, чтобы оценить коммерческое развитие.;В отображаемом слое для проекта Параллельные решения - Приморский край показаны объекты типа «Кафе», расположенные в радиусе 200 м от объектов типа «Нежилое здание».;1 - слой с объектами «Кафе», 2 - слой с объектами «Нежилое здание», учитывающий буфер 200 м вокруг каждого объекта.;;1046;Кафе;Нежилое здание;28;5;Нежилое здание;Кафе;200
257;;Параллельные решения - Приморский край;737;Исходный;Выведи промышленные территории в пределах 50 м от жилого дома, чтобы проверить соблюдение зонирования.;В отображаемом слое для проекта Параллельные решения - Приморский край показаны объекты типа «Промышленная территория», расположенные в радиусе 50 м от объектов типа «Жилой дом».;1 - слой с объектами «Промышленная территория», 2 - слой с объектами «Жилой дом», учитывающий буфер 50 м вокруг каждого объекта.;;1046;;Жилой дом, Промышленная территория;28;6;Жилой дом;Промышленная территория;50
258;;Параллельные решения - Приморский край;737;Исходный;Укажи травяные покрытия внутри радиуса 50 м от промышленной территории, чтобы оценить зелёные зоны.;В отображаемом слое для проекта Параллельные решения - Приморский край показаны объекты типа «Травяное покрытие», расположенные в радиусе 50 м от объектов типа «Промышленная территория».;1 - слой с объектами «Травяное покрытие», 2 - слой с объектами «Промышленная территория», учитывающий буфер 50 м вокруг каждого объекта.;;1046;;Промышленная территория, Травяное покрытие;28;7;Промышленная территория;Травяное покрытие;50
259;;Параллельные решения - Приморский край;737;Исходный;Покажи реки не далее чем 500 м от супермаркета, чтобы изучить водные ресурсы.;В отображаемом слое для проекта Параллельные решения - Приморский край показаны объекты типа «Река», расположенные в радиусе 500 м от объектов типа «Супермаркет».;1 - слой с объектами «Река», 2 - слой с объектами «Супермаркет», учитывающий буфер 500 м вокруг каждого объекта.;;1046;Супермаркет;Река;28;8;Супермаркет;Река;500
260;;Параллельные решения - Приморский край;737;Исходный;Найди кладбища в пределах 150 м от кафе, чтобы оценить культурное наследие.;В отображаемом слое для проекта Параллельные решения - Приморский край показаны объекты типа «Кладбище», расположенные в радиусе 150 м от объектов типа «Кафе».;1 - слой с объектами «Кладбище», 2 - слой с объектами «Кафе», учитывающий буфер 150 м вокруг каждого объекта.;;1046;Кафе, Кладбище;;28;9;Кафе;Кладбище;150
261;;Параллельные решения - Приморский край;737;Исходный;Покажи железнодорожные станции внутри радиуса 100 м от продуктов (магазин у дома).;В отображаемом слое для проекта Параллельные решения - Приморский край показаны объекты типа «Железнодорожная станция», расположенные в радиусе 100 м от объектов типа «Продукты (магазин у дома)».;1 - слой с объектами «Железнодорожная станция», 2 - слой с объектами «Продукты (магазин у дома)», учитывающий буфер 100 м вокруг каждого объекта.;;1046;Продукты (магазин у дома), Железнодорожная станция;;29;1;Продукты (магазин у дома);Железнодорожная станция;100
262;;Параллельные решения - Приморский край;737;Исходный;Найди памятники, не далее чем 500 м от аэропорта.;В отображаемом слое для проекта Параллельные решения - Приморский край показаны объекты типа «Памятник», расположенные в радиусе 500 м от объектов типа «Аэропорт».;1 - слой с объектами «Памятник», 2 - слой с объектами «Аэропорт», учитывающий буфер 500 м вокруг каждого объекта.;;1046;Аэропорт, Памятник;;29;2;Аэропорт;Памятник;500
263;;Параллельные решения - Приморский край;737;Исходный;Определи, сколько необрабатываемых полей находится в пределах 300 м от леса.;В отображаемом слое для проекта Параллельные решения - Приморский край показаны объекты типа «Необрабатываемое поле», расположенные в радиусе 300 м от объектов типа «Лес».;1 - слой с объектами «Необрабатываемое поле», 2 - слой с объектами «Лес», учитывающий буфер 300 м вокруг каждого объекта.;;1046;;Лес, Необрабатываемое поле;29;3;Лес;Необрабатываемое поле;300
264;;Параллельные решения - Приморский край;737;Исходный;Сколько парковок находится внутри радиуса 500 м от кладбища?;В отображаемом слое для проекта Параллельные решения - Приморский край показаны объекты типа «Парковка», расположенные в радиусе 500 м от объектов типа «Кладбище».;1 - слой с объектами «Парковка», 2 - слой с объектами «Кладбище», учитывающий буфер 500 м вокруг каждого объекта.;;1046;Кладбище, Парковка;;29;4;Кладбище;Парковка;500
265;;Параллельные решения - Приморский край;737;Исходный;Выведи количество продуктов (магазин у дома) внутри радиуса 100 м от бассейна.;В отображаемом слое для проекта Параллельные решения - Приморский край показаны объекты типа «Продукты (магазин у дома)», расположенные в радиусе 100 м от объектов типа «Бассейн».;1 - слой с объектами «Продукты (магазин у дома)», 2 - слой с объектами «Бассейн», учитывающий буфер 100 м вокруг каждого объекта.;;1046;Бассейн, Продукты (магазин у дома);;29;5;Бассейн;Продукты (магазин у дома);100
266;;Параллельные решения - Приморский край;737;Исходный;Проверь, есть ли зеленая зона не далее чем 50 м от автозаправки.;В отображаемом слое для проекта Параллельные решения - Приморский край показаны объекты типа «Зеленая зона», расположенные в радиусе 50 м от объектов типа «Автозаправка».;1 - слой с объектами «Зеленая зона», 2 - слой с объектами «Автозаправка», учитывающий буфер 50 м вокруг каждого объекта.;;1046;Автозаправка;Зеленая зона;29;6;Автозаправка;Зеленая зона;50
267;;Параллельные решения - Приморский край;737;Исходный;Покажи жилые дома внутри радиуса 500 м от школы.;В отображаемом слое для проекта Параллельные решения - Приморский край показаны объекты типа «Жилой дом», расположенные в радиусе 500 м от объектов типа «Школа».;1 - слой с объектами «Жилой дом», 2 - слой с объектами «Школа», учитывающий буфер 500 м вокруг каждого объекта.;;1046;Школа;Жилой дом;29;7;Школа;Жилой дом;500
268;;Параллельные решения - Приморский край;737;Исходный;Найди промышленные территории внутри радиуса 100 м от остановки наземного общественного транспорта.;В отображаемом слое для проекта Параллельные решения - Приморский край показаны объекты типа «Промышленная территория», расположенные в радиусе 100 м от объектов типа «Остановка наземного общественного транспорта».;1 - слой с объектами «Промышленная территория», 2 - слой с объектами «Остановка наземного общественного транспорта», учитывающий буфер 100 м вокруг каждого объекта.;;1046;Остановка наземного общественного транспорта;Промышленная территория;29;8;Остановка наземного общественного транспорта;Промышленная территория;100
269;;Параллельные решения - Приморский край;737;Исходный;Определи, сколько травяных покрытий находится в пределах 200 м от остановки наземного общественного транспорта.;В отображаемом слое для проекта Параллельные решения - Приморский край показаны объекты типа «Травяное покрытие», расположенные в радиусе 200 м от объектов типа «Остановка наземного общественного транспорта».;1 - слой с объектами «Травяное покрытие», 2 - слой с объектами «Остановка наземного общественного транспорта», учитывающий буфер 200 м вокруг каждого объекта.;;1046;Остановка наземного общественного транспорта;Травяное покрытие;29;9;Остановка наземного общественного транспорта;Травяное покрытие;200
270;;Проект город Артём;676;Исходный;Покажи количество адвокатов в радиусе 200 м от аэропорта.;В отображаемом слое для проекта Проект город Артём показаны объекты типа «Адвокат», расположенные в радиусе 200 м от объектов типа «Аэропорт».;1 - слой с объектами «Адвокат», 2 - слой с объектами «Аэропорт», учитывающий буфер 200 м вокруг каждого объекта.;;898;Аэропорт, Адвокат;;30;1;Аэропорт;Адвокат;200
271;;Проект город Артём;676;Исходный;Найди заливы, находящиеся в пределах 200 м от кафе.;В отображаемом слое для проекта Проект город Артём показаны объекты типа «Залив», расположенные в радиусе 200 м от объектов типа «Кафе».;1 - слой с объектами «Залив», 2 - слой с объектами «Кафе», учитывающий буфер 200 м вокруг каждого объекта.;;898;Кафе;Залив;30;2;Кафе;Залив;200
272;;Проект город Артём;676;Исходный;Определи, сколько детских товаров расположено не далее 500 м от больницы.;В отображаемом слое для проекта Проект город Артём показаны объекты типа «Детские товары», расположенные в радиусе 500 м от объектов типа «Больница».;1 - слой с объектами «Детские товары», 2 - слой с объектами «Больница», учитывающий буфер 500 м вокруг каждого объекта.;;898;Больница, Детские товары;;30;3;Больница;Детские товары;500
273;;Проект город Артём;676;Исходный;Сколько промышленных территорий находится в радиусе 50 м от моря?;В отображаемом слое для проекта Проект город Артём показаны объекты типа «Промышленная территория», расположенные в радиусе 50 м от объектов типа «Море».;1 - слой с объектами «Промышленная территория», 2 - слой с объектами «Море», учитывающий буфер 50 м вокруг каждого объекта.;;898;;Море, Промышленная территория;30;4;Море;Промышленная территория;50
274;;Проект город Артём;676;Исходный;Выведи зеленые зоны, расположенные не далее 200 м от озера.;В отображаемом слое для проекта Проект город Артём показаны объекты типа «Зеленая зона», расположенные в радиусе 200 м от объектов типа «Озеро».;1 - слой с объектами «Зеленая зона», 2 - слой с объектами «Озеро», учитывающий буфер 200 м вокруг каждого объекта.;;898;;Озеро, Зеленая зона;30;5;Озеро;Зеленая зона;200
275;;Проект город Артём;676;Исходный;Проверь наличие аэропортов в пределах 300 м от кинотеатра.;В отображаемом слое для проекта Проект город Артём показаны объекты типа «Аэропорт», расположенные в радиусе 300 м от объектов типа «Кинотеатр».;1 - слой с объектами «Аэропорт», 2 - слой с объектами «Кинотеатр», учитывающий буфер 300 м вокруг каждого объекта.;;898;Кинотеатр, Аэропорт;;30;6;Кинотеатр;Аэропорт;300
276;;Проект город Артём;676;Исходный;Узнай, сколько больниц находится в радиусе 300 м от детских товаров.;В отображаемом слое для проекта Проект город Артём показаны объекты типа «Больница», расположенные в радиусе 300 м от объектов типа «Детские товары».;1 - слой с объектами «Больница», 2 - слой с объектами «Детские товары», учитывающий буфер 300 м вокруг каждого объекта.;;898;Детские товары, Больница;;30;7;Детские товары;Больница;300
277;;Проект город Артём;676;Исходный;Укажи парковки, расположенные в пределах 50 м от отделения банка.;В отображаемом слое для проекта Проект город Артём показаны объекты типа «Парковка», расположенные в радиусе 50 м от объектов типа «Отделение банка».;1 - слой с объектами «Парковка», 2 - слой с объектами «Отделение банка», учитывающий буфер 50 м вокруг каждого объекта.;;898;Отделение банка, Парковка;;30;8;Отделение банка;Парковка;50
278;;Проект город Артём;676;Исходный;Определи количество одежды и обуви в радиусе 500 м от кладбища.;В отображаемом слое для проекта Проект город Артём показаны объекты типа «Одежда и обувь», расположенные в радиусе 500 м от объектов типа «Кладбище».;1 - слой с объектами «Одежда и обувь», 2 - слой с объектами «Кладбище», учитывающий буфер 500 м вокруг каждого объекта.;;898;Кладбище, Одежда и обувь;;30;9;Кладбище;Одежда и обувь;500
279;;Проект город Артём;676;Исходный;Покажи детские площадки, находящиеся внутри радиуса 200 м от леса.;В отображаемом слое для проекта Проект город Артём показаны объекты типа «Детская площадка», расположенные в радиусе 200 м от объектов типа «Лес».;1 - слой с объектами «Детская площадка», 2 - слой с объектами «Лес», учитывающий буфер 200 м вокруг каждого объекта.;;898;Детская площадка;Лес;31;1;Лес;Детская площадка;200
280;;Проект город Артём;676;Исходный;Найди катки, расположенные внутри радиуса 200 м от нежилого здания.;В отображаемом слое для проекта Проект город Артём показаны объекты типа «Каток», расположенные в радиусе 200 м от объектов типа «Нежилое здание».;1 - слой с объектами «Каток», 2 - слой с объектами «Нежилое здание», учитывающий буфер 200 м вокруг каждого объекта.;;898;Каток;Нежилое здание;31;2;Нежилое здание;Каток;200
281;;Проект город Артём;676;Исходный;Определи, сколько кафе находится внутри радиуса 300 м от бар/паба.;В отображаемом слое для проекта Проект город Артём показаны объекты типа «Кафе», расположенные в радиусе 300 м от объектов типа «Бар/Паб».;1 - слой с объектами «Кафе», 2 - слой с объектами «Бар/Паб», учитывающий буфер 300 м вокруг каждого объекта.;;898;Бар/Паб, Кафе;;31;3;Бар/Паб;Кафе;300
282;;Проект город Артём;676;Исходный;Выведи насосные станции водоснабжения, которые находятся внутри радиуса 300 м от булочной.;В отображаемом слое для проекта Проект город Артём показаны объекты типа «Насосная станция водоснабжения», расположенные в радиусе 300 м от объектов типа «Булочная».;1 - слой с объектами «Насосная станция водоснабжения», 2 - слой с объектами «Булочная», учитывающий буфер 300 м вокруг каждого объекта.;;898;Булочная;Насосная станция водоснабжения;31;4;Булочная;Насосная станция водоснабжения;300
283;;Проект город Артём;676;Исходный;Проверь, есть ли школа в пределах радиуса 100 м от банкомата.;В отображаемом слое для проекта Проект город Артём показаны объекты типа «Школа», расположенные в радиусе 100 м от объектов типа «Банкомат».;1 - слой с объектами «Школа», 2 - слой с объектами «Банкомат», учитывающий буфер 100 м вокруг каждого объекта.;;898;Банкомат, Школа;;31;5;Банкомат;Школа;100
284;;Проект город Артём;676;Исходный;Считай, сколько парков находится не далее чем 100 м от железнодорожной станции.;В отображаемом слое для проекта Проект город Артём показаны объекты типа «Парк», расположенные в радиусе 100 м от объектов типа «Железнодорожная станция».;1 - слой с объектами «Парк», 2 - слой с объектами «Железнодорожная станция», учитывающий буфер 100 м вокруг каждого объекта.;;898;Железнодорожная станция, Парк;;31;6;Железнодорожная станция;Парк;100
285;;Проект город Артём;676;Исходный;Укажи кафе, расположенные внутри радиуса 100 м от больницы.;В отображаемом слое для проекта Проект город Артём показаны объекты типа «Кафе», расположенные в радиусе 100 м от объектов типа «Больница».;1 - слой с объектами «Кафе», 2 - слой с объектами «Больница», учитывающий буфер 100 м вокруг каждого объекта.;;898;Больница, Кафе;;31;7;Больница;Кафе;100
286;;Проект город Артём;676;Исходный;Оцените, сколько лесов находится внутри радиуса 100 м от озера.;В отображаемом слое для проекта Проект город Артём показаны объекты типа «Лес», расположенные в радиусе 100 м от объектов типа «Озеро».;1 - слой с объектами «Лес», 2 - слой с объектами «Озеро», учитывающий буфер 100 м вокруг каждого объекта.;;898;;Озеро, Лес;31;8;Озеро;Лес;100
287;;Проект город Артём;676;Исходный;Расчитайте библиотеки, которые находятся в пределах радиуса 500 м от кафе.;В отображаемом слое для проекта Проект город Артём показаны объекты типа «Библиотека», расположенные в радиусе 500 м от объектов типа «Кафе».;1 - слой с объектами «Библиотека», 2 - слой с объектами «Кафе», учитывающий буфер 500 м вокруг каждого объекта.;;898;Кафе, Библиотека;;31;9;Кафе;Библиотека;500
288;;Проект город Артём;676;Исходный;Определи, сколько спортивных магазинов находится внутри радиуса 200 м от остановки наземного транспорта.;В отображаемом слое для проекта Проект город Артём показаны объекты типа «Спортивный магазин», расположенные в радиусе 200 м от объектов типа «Остановка наземного транспорта».;1 - слой с объектами «Спортивный магазин», 2 - слой с объектами «Остановка наземного транспорта», учитывающий буфер 200 м вокруг каждого объекта.;;898;Спортивный магазин;Остановка наземного транспорта;32;1;Остановка наземного транспорта;Спортивный магазин;200
289;;Проект город Артём;676;Исходный;Покажи, какие кинотеатры находятся в пределах 500 м от аптеки.;В отображаемом слое для проекта Проект город Артём показаны объекты типа «Кинотеатр», расположенные в радиусе 500 м от объектов типа «Аптека».;1 - слой с объектами «Кинотеатр», 2 - слой с объектами «Аптека», учитывающий буфер 500 м вокруг каждого объекта.;;898;Аптека, Кинотеатр;;32;2;Аптека;Кинотеатр;500
290;;Проект город Артём;676;Исходный;Найди, какие автозаправки расположены не далее 150 м от пожарной станции.;В отображаемом слое для проекта Проект город Артём показаны объекты типа «Автозаправка», расположенные в радиусе 150 м от объектов типа «Пожарная станция».;1 - слой с объектами «Автозаправка», 2 - слой с объектами «Пожарная станция», учитывающий буфер 150 м вокруг каждого объекта.;;898;Пожарная станция, Автозаправка;;32;3;Пожарная станция;Автозаправка;150
291;;Проект город Артём;676;Исходный;Выведи, какие бары/пабы находятся в пределах 200 м от парикмахера.;В отображаемом слое для проекта Проект город Артём показаны объекты типа «Бар/Паб», расположенные в радиусе 200 м от объектов типа «Парикмахер».;1 - слой с объектами «Бар/Паб», 2 - слой с объектами «Парикмахер», учитывающий буфер 200 м вокруг каждого объекта.;;898;Парикмахер, Бар/Паб;;32;4;Парикмахер;Бар/Паб;200
292;;Проект город Артём;676;Исходный;Сколько лесов можно увидеть внутри радиуса 500 м от торгового центра.;В отображаемом слое для проекта Проект город Артём показаны объекты типа «Лес», расположенные в радиусе 500 м от объектов типа «Торговый центр».;1 - слой с объектами «Лес», 2 - слой с объектами «Торговый центр», учитывающий буфер 500 м вокруг каждого объекта.;;898;Торговый центр;Лес;32;5;Торговый центр;Лес;500
293;;Проект город Артём;676;Исходный;Проверь, сколько парикмахеров находится не далее 300 м от зеленой зоны.;В отображаемом слое для проекта Проект город Артём показаны объекты типа «Парикмахер», расположенные в радиусе 300 м от объектов типа «Зеленая зона».;1 - слой с объектами «Парикмахер», 2 - слой с объектами «Зеленая зона», учитывающий буфер 300 м вокруг каждого объекта.;;898;Парикмахер;Зеленая зона;32;6;Зеленая зона;Парикмахер;300
294;;Проект город Артём;676;Исходный;Уточни, какие булочные находятся внутри радиуса 500 м от нежилого здания.;В отображаемом слое для проекта Проект город Артём показаны объекты типа «Булочная», расположенные в радиусе 500 м от объектов типа «Нежилое здание».;1 - слой с объектами «Булочная», 2 - слой с объектами «Нежилое здание», учитывающий буфер 500 м вокруг каждого объекта.;;898;Булочная;Нежилое здание;32;7;Нежилое здание;Булочная;500
295;;Проект город Артём;676;Исходный;Узнай, какие автозаправки находятся в пределах 300 м от детской площадки.;В отображаемом слое для проекта Проект город Артём показаны объекты типа «Автозаправка», расположенные в радиусе 300 м от объектов типа «Детская площадка».;1 - слой с объектами «Автозаправка», 2 - слой с объектами «Детская площадка», учитывающий буфер 300 м вокруг каждого объекта.;;898;Детская площадка, Автозаправка;;32;8;Детская площадка;Автозаправка;300
296;;Проект город Артём;676;Исходный;Сравни, какие салоны красоты находятся не далее 150 м от автозаправки.;В отображаемом слое для проекта Проект город Артём показаны объекты типа «Салон красоты», расположенные в радиусе 150 м от объектов типа «Автозаправка».;1 - слой с объектами «Салон красоты», 2 - слой с объектами «Автозаправка», учитывающий буфер 150 м вокруг каждого объекта.;;898;Автозаправка, Салон красоты;;32;9;Автозаправка;Салон красоты;150
297;;Проект город Артём;676;Исходный;Проверь, сколько лесов находится в пределах 500 м от базы отдыха.;В отображаемом слое для проекта Проект город Артём показаны объекты типа «Лес», расположенные в радиусе 500 м от объектов типа «База отдыха».;1 - слой с объектами «Лес», 2 - слой с объектами «База отдыха», учитывающий буфер 500 м вокруг каждого объекта.;;898;База отдыха;Лес;33;1;База отдыха;Лес;500
298;;Проект город Артём;676;Исходный;Выведи список кафе, расположенных не далее чем 150 м от жилого дома.;В отображаемом слое для проекта Проект город Артём показаны объекты типа «Кафе», расположенные в радиусе 150 м от объектов типа «Жилой дом».;1 - слой с объектами «Кафе», 2 - слой с объектами «Жилой дом», учитывающий буфер 150 м вокруг каждого объекта.;;898;Кафе;Жилой дом;33;2;Жилой дом;Кафе;150
299;;Проект город Артём;676;Исходный;Найди базы отдыха, которые находятся внутри радиуса 500 м от больницы.;В отображаемом слое для проекта Проект город Артём показаны объекты типа «База отдыха», расположенные в радиусе 500 м от объектов типа «Больница».;1 - слой с объектами «База отдыха», 2 - слой с объектами «Больница», учитывающий буфер 500 м вокруг каждого объекта.;;898;Больница, База отдыха;;33;3;Больница;База отдыха;500
300;;Проект город Артём;676;Исходный;Определи, сколько объектов «Море» находятся в пределах 150 м от рекреационной зоны.;В отображаемом слое для проекта Проект город Артём показаны объекты типа «Море», расположенные в радиусе 150 м от объектов типа «Рекреационная зона».;1 - слой с объектами «Море», 2 - слой с объектами «Рекреационная зона», учитывающий буфер 150 м вокруг каждого объекта.;;898;;Рекреационная зона, Море;33;4;Рекреационная зона;Море;150
301;;Проект город Артём;676;Исходный;Считай, сколько катков расположены не далее чем 200 м от ресторана.;В отображаемом слое для проекта Проект город Артём показаны объекты типа «Каток», расположенные в радиусе 200 м от объектов типа «Ресторан».;1 - слой с объектами «Каток», 2 - слой с объектами «Ресторан», учитывающий буфер 200 м вокруг каждого объекта.;;898;Ресторан, Каток;;33;5;Ресторан;Каток;200
302;;Проект город Артём;676;Исходный;Покажи нежилые здания, находящиеся в пределах 50 м от катка.;В отображаемом слое для проекта Проект город Артём показаны объекты типа «Нежилое здание», расположенные в радиусе 50 м от объектов типа «Каток».;1 - слой с объектами «Нежилое здание», 2 - слой с объектами «Каток», учитывающий буфер 50 м вокруг каждого объекта.;;898;Каток;Нежилое здание;33;6;Каток;Нежилое здание;50
303;;Проект город Артём;676;Исходный;Уточни, какие салоны красоты находятся внутри радиуса 500 м от булочной.;В отображаемом слое для проекта Проект город Артём показаны объекты типа «Салон красоты», расположенные в радиусе 500 м от объектов типа «Булочная».;1 - слой с объектами «Салон красоты», 2 - слой с объектами «Булочная», учитывающий буфер 500 м вокруг каждого объекта.;;898;Булочная, Салон красоты;;33;7;Булочная;Салон красоты;500
304;;Проект город Артём;676;Исходный;Сравни, сколько хозяйственных товаров расположены не далее чем 200 м от отделения банка.;В отображаемом слое для проекта Проект город Артём показаны объекты типа «Хозяйственные товары», расположенные в радиусе 200 м от объектов типа «Отделение банка».;1 - слой с объектами «Хозяйственные товары», 2 - слой с объектами «Отделение банка», учитывающий буфер 200 м вокруг каждого объекта.;;898;Отделение банка, Хозяйственные товары;;33;8;Отделение банка;Хозяйственные товары;200
305;;Проект город Артём;676;Исходный;Проведи, какие зоомагазины находятся в пределах 50 м от поликлиники.;В отображаемом слое для проекта Проект город Артём показаны объекты типа «Зоомагазин», расположенные в радиусе 50 м от объектов типа «Поликлиника».;1 - слой с объектами «Зоомагазин», 2 - слой с объектами «Поликлиника», учитывающий буфер 50 м вокруг каждого объекта.;;898;Поликлиника, Зоомагазин;;33;9;Поликлиника;Зоомагазин;50
306;;Проект город Артём;676;Исходный;Покажи автозаправки внутри радиуса 300 м от торгового центра, чтобы оценить доступность.;В отображаемом слое для проекта Проект город Артём показаны объекты типа «Автозаправка», расположенные в радиусе 300 м от объектов типа «Торговый центр».;1 - слой с объектами «Автозаправка», 2 - слой с объектами «Торговый центр», учитывающий буфер 300 м вокруг каждого объекта.;;898;Торговый центр, Автозаправка;;34;1;Торговый центр;Автозаправка;300
307;;Проект город Артём;676;Исходный;Найди катки внутри радиуса 500 м от кафе, чтобы проверить наличие развлечений.;В отображаемом слое для проекта Проект город Артём показаны объекты типа «Каток», расположенные в радиусе 500 м от объектов типа «Кафе».;1 - слой с объектами «Каток», 2 - слой с объектами «Кафе», учитывающий буфер 500 м вокруг каждого объекта.;;898;Кафе, Каток;;34;2;Кафе;Каток;500
308;;Проект город Артём;676;Исходный;Определи жилые дома внутри радиуса 500 м от среднего специального учебного заведения, чтобы планировать безопасный маршрут.;В отображаемом слое для проекта Проект город Артём показаны объекты типа «Жилой дом», расположенные в радиусе 500 м от объектов типа «Среднее специальное учебное заведение».;1 - слой с объектами «Жилой дом», 2 - слой с объектами «Среднее специальное учебное заведение», учитывающий буфер 500 м вокруг каждого объекта.;;898;Среднее специальное учебное заведение;Жилой дом;34;3;Среднее специальное учебное заведение;Жилой дом;500
309;;Проект город Артём;676;Исходный;Сколько зеленых зон находятся внутри радиуса 100 м от парикмахера, чтобы понять доступность общественных пространств.;В отображаемом слое для проекта Проект город Артём показаны объекты типа «Зеленая зона», расположенные в радиусе 100 м от объектов типа «Парикмахер».;1 - слой с объектами «Зеленая зона», 2 - слой с объектами «Парикмахер», учитывающий буфер 100 м вокруг каждого объекта.;;898;Парикмахер;Зеленая зона;34;4;Парикмахер;Зеленая зона;100
310;;Проект город Артём;676;Исходный;Проверь заливы внутри радиуса 300 м от полигона ТБО, чтобы оценить экологический риск.;В отображаемом слое для проекта Проект город Артём показаны объекты типа «Залив», расположенные в радиусе 300 м от объектов типа «Полигон ТБО».;1 - слой с объектами «Залив», 2 - слой с объектами «Полигон ТБО», учитывающий буфер 300 м вокруг каждого объекта.;;898;;Полигон ТБО, Залив;34;5;Полигон ТБО;Залив;300
311;;Проект город Артём;676;Исходный;Выведи памятники внутри радиуса 50 м от хозяйственных товаров, чтобы учесть культурные объекты.;В отображаемом слое для проекта Проект город Артём показаны объекты типа «Памятник», расположенные в радиусе 50 м от объектов типа «Хозяйственные товары».;1 - слой с объектами «Памятник», 2 - слой с объектами «Хозяйственные товары», учитывающий буфер 50 м вокруг каждого объекта.;;898;Хозяйственные товары, Памятник;;34;6;Хозяйственные товары;Памятник;50
312;;Проект город Артём;676;Исходный;Получи бары/пабы внутри радиуса 500 м от торгового центра, чтобы понять развлекательную инфраструктуру.;В отображаемом слое для проекта Проект город Артём показаны объекты типа «Бар/Паб», расположенные в радиусе 500 м от объектов типа «Торговый центр».;1 - слой с объектами «Бар/Паб», 2 - слой с объектами «Торговый центр», учитывающий буфер 500 м вокруг каждого объекта.;;898;Торговый центр, Бар/Паб;;34;7;Торговый центр;Бар/Паб;500
313;;Проект город Артём;676;Исходный;Расчитай памятники внутри радиуса 500 м от реки, чтобы оценить туристический потенциал.;В отображаемом слое для проекта Проект город Артём показаны объекты типа «Памятник», расположенные в радиусе 500 м от объектов типа «Река».;1 - слой с объектами «Памятник», 2 - слой с объектами «Река», учитывающий буфер 500 м вокруг каждого объекта.;;898;Памятник;Река;34;8;Река;Памятник;500
314;;Проект город Артём;676;Исходный;Узнай, сколько травяных покрытий находятся внутри радиуса 50 м от магазинов одежды и обуви, чтобы планировать озеленение.;В отображаемом слое для проекта Проект город Артём показаны объекты типа «Травяное покрытие», расположенные в радиусе 50 м от объектов типа «Одежда и обувь».;1 - слой с объектами «Травяное покрытие», 2 - слой с объектами «Одежда и обувь», учитывающий буфер 50 м вокруг каждого объекта.;;898;Одежда и обувь;Травяное покрытие;34;9;Одежда и обувь;Травяное покрытие;50
315;;Г. Уфа, Советский район;1041;Исходный;Покажи количество спортивных площадок внутри радиуса 100 м от школы, чтобы оценить спортивную инфраструктуру района.;В отображаемом слое для проекта Г. Уфа, Советский район показаны объекты типа «Спортивная площадка», расположенные в радиусе 100 м от объектов типа «Школа».;1 - слой с объектами «Спортивная площадка», 2 - слой с объектами «Школа», учитывающий буфер 100 м вокруг каждого объекта.;;1640;Школа, Спортивная площадка;;35;1;Школа;Спортивная площадка;100
316;;Г. Уфа, Советский район;1041;Исходный;Найди торговые центры, находящиеся в пределах радиуса 300 м от площадки, чтобы понять коммерческое предложение.;В отображаемом слое для проекта Г. Уфа, Советский район показаны объекты типа «Торговый центр», расположенные в радиусе 300 м от объектов типа «Площадка».;1 - слой с объектами «Торговый центр», 2 - слой с объектами «Площадка», учитывающий буфер 300 м вокруг каждого объекта.;;1640;Торговый центр;Площадка;35;2;Площадка;Торговый центр;300
317;;Г. Уфа, Советский район;1041;Исходный;Определи количество детских площадок внутри радиуса 100 м от адвоката, чтобы оценить доступность для семей.;В отображаемом слое для проекта Г. Уфа, Советский район показаны объекты типа «Детская площадка», расположенные в радиусе 100 м от объектов типа «Адвокат».;1 - слой с объектами «Детская площадка», 2 - слой с объектами «Адвокат», учитывающий буфер 100 м вокруг каждого объекта.;;1640;Адвокат, Детская площадка;;35;3;Адвокат;Детская площадка;100
318;;Г. Уфа, Советский район;1041;Исходный;Сколько площадок находится не далее чем 100 м от кафе, чтобы понять пространственное распределение.;В отображаемом слое для проекта Г. Уфа, Советский район показаны объекты типа «Площадка», расположенные в радиусе 100 м от объектов типа «Кафе».;1 - слой с объектами «Площадка», 2 - слой с объектами «Кафе», учитывающий буфер 100 м вокруг каждого объекта.;;1640;Кафе;Площадка;35;4;Кафе;Площадка;100
319;;Г. Уфа, Советский район;1041;Исходный;Проверь наличие хозяйственных товаров внутри радиуса 100 м от рынка, чтобы уточнить ассортимент.;В отображаемом слое для проекта Г. Уфа, Советский район показаны объекты типа «Хозяйственные товары», расположенные в радиусе 100 м от объектов типа «Рынок».;1 - слой с объектами «Хозяйственные товары», 2 - слой с объектами «Рынок», учитывающий буфер 100 м вокруг каждого объекта.;;1640;Рынок, Хозяйственные товары;;35;5;Рынок;Хозяйственные товары;100
320;;Г. Уфа, Советский район;1041;Исходный;Выведи рестораны, расположенные в пределах радиуса 500 м от детского сада, чтобы оценить питание.;В отображаемом слое для проекта Г. Уфа, Советский район показаны объекты типа «Ресторан», расположенные в радиусе 500 м от объектов типа «Детский сад».;1 - слой с объектами «Ресторан», 2 - слой с объектами «Детский сад», учитывающий буфер 500 м вокруг каждого объекта.;;1640;Детский сад, Ресторан;;35;6;Детский сад;Ресторан;500
321;;Г. Уфа, Советский район;1041;Исходный;Подсчитай детские товары, которые находятся внутри радиуса 300 м от ресторана, чтобы оценить коммерческое покрытие.;В отображаемом слое для проекта Г. Уфа, Советский район показаны объекты типа «Детские товары», расположенные в радиусе 300 м от объектов типа «Ресторан».;1 - слой с объектами «Детские товары», 2 - слой с объектами «Ресторан», учитывающий буфер 300 м вокруг каждого объекта.;;1640;Ресторан, Детские товары;;35;7;Ресторан;Детские товары;300
322;;Г. Уфа, Советский район;1041;Исходный;Уточни, сколько рек находится не далее чем 150 м от торгового центра, чтобы оценить природные ресурсы.;В отображаемом слое для проекта Г. Уфа, Советский район показаны объекты типа «Река», расположенные в радиусе 150 м от объектов типа «Торговый центр».;1 - слой с объектами «Река», 2 - слой с объектами «Торговый центр», учитывающий буфер 150 м вокруг каждого объекта.;;1640;Торговый центр;Река;35;8;Торговый центр;Река;150
323;;Г. Уфа, Советский район;1041;Исходный;Оцени количество хостелов, расположенных в пределах радиуса 150 м от спортивной площадки, чтобы понять размещение.;В отображаемом слое для проекта Г. Уфа, Советский район показаны объекты типа «Хостел», расположенные в радиусе 150 м от объектов типа «Спортивная площадка».;1 - слой с объектами «Хостел», 2 - слой с объектами «Спортивная площадка», учитывающий буфер 150 м вокруг каждого объекта.;;1640;Спортивная площадка, Хостел;;35;9;Спортивная площадка;Хостел;150
324;;Г. Уфа, Советский район;1041;Исходный;Определи поликлиники, расположенные внутри радиуса 500 м от водного объекта, чтобы оценить доступность медицинских услуг.;В отображаемом слое для проекта Г. Уфа, Советский район показаны объекты типа «Поликлиника», расположенные в радиусе 500 м от объектов типа «Водный объект».;1 - слой с объектами «Поликлиника», 2 - слой с объектами «Водный объект», учитывающий буфер 500 м вокруг каждого объекта.;;1640;Поликлиника;Водный объект;36;1;Водный объект;Поликлиника;500
325;;Г. Уфа, Советский район;1041;Исходный;Покажи, какие рекреационные зоны находятся внутри радиуса 100 м от больницы, чтобы проверить совместимость с зонами отдыха.;В отображаемом слое для проекта Г. Уфа, Советский район показаны объекты типа «Рекреационная зона», расположенные в радиусе 100 м от объектов типа «Больница».;1 - слой с объектами «Рекреационная зона», 2 - слой с объектами «Больница», учитывающий буфер 100 м вокруг каждого объекта.;;1640;Больница;Рекреационная зона;36;2;Больница;Рекреационная зона;100
326;;Г. Уфа, Советский район;1041;Исходный;"Найди детские площадки, которые находятся внутри радиуса 200 м от ветеринарной клиники; это важно для семейных сервисов.";В отображаемом слое для проекта Г. Уфа, Советский район показаны объекты типа «Детская площадка», расположенные в радиусе 200 м от объектов типа «Ветеринарная клиника».;1 - слой с объектами «Детская площадка», 2 - слой с объектами «Ветеринарная клиника», учитывающий буфер 200 м вокруг каждого объекта.;;1640;Ветеринарная клиника, Детская площадка;;36;3;Ветеринарная клиника;Детская площадка;200
327;;Г. Уфа, Советский район;1041;Исходный;Проверь наличие аптек внутри радиуса 200 м от зоомагазина, чтобы гарантировать доступ к медикаментам для животных.;В отображаемом слое для проекта Г. Уфа, Советский район показаны объекты типа «Аптека», расположенные в радиусе 200 м от объектов типа «Зоомагазин».;1 - слой с объектами «Аптека», 2 - слой с объектами «Зоомагазин», учитывающий буфер 200 м вокруг каждого объекта.;;1640;Зоомагазин, Аптека;;36;5;Зоомагазин;Аптека;200
328;;Г. Уфа, Советский район;1041;Исходный;Определи зоомагазины, находящиеся внутри радиуса 200 м от озера, учитывая возможное влияние на экологию.;В отображаемом слое для проекта Г. Уфа, Советский район показаны объекты типа «Зоомагазин», расположенные в радиусе 200 м от объектов типа «Озеро».;1 - слой с объектами «Зоомагазин», 2 - слой с объектами «Озеро», учитывающий буфер 200 м вокруг каждого объекта.;;1640;Зоомагазин;Озеро;36;6;Озеро;Зоомагазин;200
329;;Г. Уфа, Советский район;1041;Исходный;"Сколько бытовой техники можно обнаружить внутри радиуса 300 м от травяного покрытия; это поможет планировать размещение магазинов.";В отображаемом слое для проекта Г. Уфа, Советский район показаны объекты типа «Бытовая техника», расположенные в радиусе 300 м от объектов типа «Травяное покрытие».;1 - слой с объектами «Бытовая техника», 2 - слой с объектами «Травяное покрытие», учитывающий буфер 300 м вокруг каждого объекта.;;1640;Бытовая техника;Травяное покрытие;36;7;Травяное покрытие;Бытовая техника;300
330;;Г. Уфа, Советский район;1041;Исходный;Найди религиозные объекты, расположенные не далее чем 50 м от парка, чтобы оценить влияние на духовные места.;В отображаемом слое для проекта Г. Уфа, Советский район показаны объекты типа «Религиозный объект», расположенные в радиусе 50 м от объектов типа «Парк».;1 - слой с объектами «Религиозный объект», 2 - слой с объектами «Парк», учитывающий буфер 50 м вокруг каждого объекта.;;1640;Парк, Религиозный объект;;36;8;Парк;Религиозный объект;50
331;;Г. Уфа, Советский район;1041;Исходный;Покажи рекреационные зоны, которые находятся внутри радиуса 300 м от памятника, чтобы проверить доступность туристических объектов.;В отображаемом слое для проекта Г. Уфа, Советский район показаны объекты типа «Рекреационная зона», расположенные в радиусе 300 м от объектов типа «Памятник».;1 - слой с объектами «Рекреационная зона», 2 - слой с объектами «Памятник», учитывающий буфер 300 м вокруг каждого объекта.;;1640;Памятник;Рекреационная зона;36;9;Памятник;Рекреационная зона;300
332;;Г. Уфа, Советский район;1041;Исходный;Покажи, находятся ли нотариальные конторы в пределах 300 м от зеленой зоны.;В отображаемом слое для проекта Г. Уфа, Советский район показаны объекты типа «Нотариальная контора», расположенные в радиусе 300 м от объектов типа «Зеленая зона».;1 - слой с объектами «Нотариальная контора», 2 - слой с объектами «Зеленая зона», учитывающий буфер 300 м вокруг каждого объекта.;;1640;Нотариальная контора;Зеленая зона;37;1;Зеленая зона;Нотариальная контора;300
333;;Г. Уфа, Советский район;1041;Исходный;Определи, сколько школ расположены внутри радиуса 50 м от столовой.;В отображаемом слое для проекта Г. Уфа, Советский район показаны объекты типа «Школа», расположенные в радиусе 50 м от объектов типа «Столовая».;1 - слой с объектами «Школа», 2 - слой с объектами «Столовая», учитывающий буфер 50 м вокруг каждого объекта.;;1640;Столовая, Школа;;37;2;Столовая;Школа;50
334;;Г. Уфа, Советский район;1041;Исходный;Проверь, находятся ли отделения банков в пределах 500 м от железнодорожной станции.;В отображаемом слое для проекта Г. Уфа, Советский район показаны объекты типа «Отделение банка», расположенные в радиусе 500 м от объектов типа «Железнодорожная станция».;1 - слой с объектами «Отделение банка», 2 - слой с объектами «Железнодорожная станция», учитывающий буфер 500 м вокруг каждого объекта.;;1640;Железнодорожная станция, Отделение банка;;37;3;Железнодорожная станция;Отделение банка;500
335;;Г. Уфа, Советский район;1041;Исходный;Выведи религиозные объекты, расположенные внутри радиуса 50 м от железнодорожного вокзала.;В отображаемом слое для проекта Г. Уфа, Советский район показаны объекты типа «Религиозный объект», расположенные в радиусе 50 м от объектов типа «Железнодорожный вокзал».;1 - слой с объектами «Религиозный объект», 2 - слой с объектами «Железнодорожный вокзал», учитывающий буфер 50 м вокруг каждого объекта.;;1640;Железнодорожный вокзал, Религиозный объект;;37;4;Железнодорожный вокзал;Религиозный объект;50
336;;Г. Уфа, Советский район;1041;Исходный;Сколько полицейских участков находятся не далее 100 м от травяного покрытия.;В отображаемом слое для проекта Г. Уфа, Советский район показаны объекты типа «Полицейский участок», расположенные в радиусе 100 м от объектов типа «Травяное покрытие».;1 - слой с объектами «Полицейский участок», 2 - слой с объектами «Травяное покрытие», учитывающий буфер 100 м вокруг каждого объекта.;;1640;Полицейский участок;Травяное покрытие;37;5;Травяное покрытие;Полицейский участок;100
337;;Г. Уфа, Советский район;1041;Исходный;Найди зеленые зоны, которые находятся в пределах 50 м от рекреационной зоны.;В отображаемом слое для проекта Г. Уфа, Советский район показаны объекты типа «Зеленая зона», расположенные в радиусе 50 м от объектов типа «Рекреационная зона».;1 - слой с объектами «Зеленая зона», 2 - слой с объектами «Рекреационная зона», учитывающий буфер 50 м вокруг каждого объекта.;;1640;;Рекреационная зона, Зеленая зона;37;6;Рекреационная зона;Зеленая зона;50
338;;Г. Уфа, Советский район;1041;Исходный;Уточни, какие продуктовые магазины у дома находятся в пределах 500 м от Почтового отделения.;В отображаемом слое для проекта Г. Уфа, Советский район показаны объекты типа «Продукты (магазин у дома)», расположенные в радиусе 500 м от объектов типа «Почтовое отделение».;1 - слой с объектами «Продукты (магазин у дома)», 2 - слой с объектами «Почтовое отделение», учитывающий буфер 500 м вокруг каждого объекта.;;1640;Почтовое отделение, Продукты (магазин у дома);;37;7;Почтовое отделение;Продукты (магазин у дома);500
339;;Г. Уфа, Советский район;1041;Исходный;Сравни, сколько зоомагазинов расположены внутри радиуса 150 м от столовой.;В отображаемом слое для проекта Г. Уфа, Советский район показаны объекты типа «Зоомагазин», расположенные в радиусе 150 м от объектов типа «Столовая».;1 - слой с объектами «Зоомагазин», 2 - слой с объектами «Столовая», учитывающий буфер 150 м вокруг каждого объекта.;;1640;Столовая, Зоомагазин;;37;8;Столовая;Зоомагазин;150
340;;Г. Уфа, Советский район;1041;Исходный;Предложи, находятся ли магазины детских товаров в пределах 300 м от магазинов одежды и обуви.;В отображаемом слое для проекта Г. Уфа, Советский район показаны объекты типа «Детские товары», расположенные в радиусе 300 м от объектов типа «Одежда и обувь».;1 - слой с объектами «Детские товары», 2 - слой с объектами «Одежда и обувь», учитывающий буфер 300 м вокруг каждого объекта.;;1640;Одежда и обувь, Детские товары;;37;9;Одежда и обувь;Детские товары;300
341;;Г. Уфа, Советский район;1041;Исходный;Покажи рестораны, находящиеся в пределах 150 м от хостеля, чтобы оценить приток клиентов.;В отображаемом слое для проекта Г. Уфа, Советский район показаны объекты типа «Ресторан», расположенные в радиусе 150 м от объектов типа «Хостел».;1 - слой с объектами «Ресторан», 2 - слой с объектами «Хостел», учитывающий буфер 150 м вокруг каждого объекта.;;1640;Хостел, Ресторан;;38;1;Хостел;Ресторан;150
342;;Г. Уфа, Советский район;1041;Исходный;Найди рынки, расположенные не более 200 м от салона красоты, для анализа зон обслуживания.;В отображаемом слое для проекта Г. Уфа, Советский район показаны объекты типа «Рынок», расположенные в радиусе 200 м от объектов типа «Салон красоты».;1 - слой с объектами «Рынок», 2 - слой с объектами «Салон красоты», учитывающий буфер 200 м вокруг каждого объекта.;;1640;Салон красоты, Рынок;;38;2;Салон красоты;Рынок;200
343;;Г. Уфа, Советский район;1041;Исходный;Определи кафе, которые находятся в радиусе 100 м от рынка, чтобы понять доступность питания.;В отображаемом слое для проекта Г. Уфа, Советский район показаны объекты типа «Кафе», расположенные в радиусе 100 м от объектов типа «Рынок».;1 - слой с объектами «Кафе», 2 - слой с объектами «Рынок», учитывающий буфер 100 м вокруг каждого объекта.;;1640;Рынок, Кафе;;38;3;Рынок;Кафе;100
344;;Г. Уфа, Советский район;1041;Исходный;Сколько школ расположены в 500 м от салона красоты, чтобы оценить образовательный доступ.;В отображаемом слое для проекта Г. Уфа, Советский район показаны объекты типа «Школа», расположенные в радиусе 500 м от объектов типа «Салон красоты».;1 - слой с объектами «Школа», 2 - слой с объектами «Салон красоты», учитывающий буфер 500 м вокруг каждого объекта.;;1640;Салон красоты, Школа;;38;4;Салон красоты;Школа;500
345;;Г. Уфа, Советский район;1041;Исходный;Выведи число многофункциональных центров предоставления государственных и муниципальных услуг, расположенных в радиусе 300 м от отделения банка.;В отображаемом слое для проекта Г. Уфа, Советский район показаны объекты типа «Многофункциональные центры предоставления государственных и муниципальных услуг», расположенные в радиусе 300 м от объектов типа «Отделение банка».;1 - слой с объектами «Многофункциональные центры предоставления государственных и муниципальных услуг», 2 - слой с объектами «Отделение банка», учитывающий буфер 300 м вокруг каждого объекта.;;1640;Отделение банка, Многофункциональные центры предоставления государственных и муниципальных услуг;;38;5;Отделение банка;Многофункциональные центры предоставления государственных и муниципальных услуг;300
346;;Г. Уфа, Советский район;1041;Исходный;Выведи парикмахеров, расположенных в 200 м от продуктов магазина у дома, чтобы проанализировать сервисный спрос.;В отображаемом слое для проекта Г. Уфа, Советский район показаны объекты типа «Парикмахер», расположенные в радиусе 200 м от объектов типа «Продукты (магазин у дома)».;1 - слой с объектами «Парикмахер», 2 - слой с объектами «Продукты (магазин у дома)», учитывающий буфер 200 м вокруг каждого объекта.;;1640;Продукты (магазин у дома), Парикмахер;;38;6;Продукты (магазин у дома);Парикмахер;200
347;;Г. Уфа, Советский район;1041;Исходный;Сравни зеленые зоны, которые находятся в 150 м от банкомата, чтобы оценить экологический баланс.;В отображаемом слое для проекта Г. Уфа, Советский район показаны объекты типа «Зеленая зона», расположенные в радиусе 150 м от объектов типа «Банкомат».;1 - слой с объектами «Зеленая зона», 2 - слой с объектами «Банкомат», учитывающий буфер 150 м вокруг каждого объекта.;;1640;Банкомат;Зеленая зона;38;7;Банкомат;Зеленая зона;150
348;;Г. Уфа, Советский район;1041;Исходный;Опиши почтовые отделения, расположенные не более 50 м от ветеринарной клиники, для оценки логистики.;В отображаемом слое для проекта Г. Уфа, Советский район показаны объекты типа «Почтовое отделение», расположенные в радиусе 50 м от объектов типа «Ветеринарная клиника».;1 - слой с объектами «Почтовое отделение», 2 - слой с объектами «Ветеринарная клиника», учитывающий буфер 50 м вокруг каждого объекта.;;1640;Ветеринарная клиника, Почтовое отделение;;38;8;Ветеринарная клиника;Почтовое отделение;50
349;;Г. Уфа, Советский район;1041;Исходный;Выведи количество гостиниц, находящихся не далее 100 м от многофункциональных центров предоставления государственных и муниципальных услуг.;В отображаемом слое для проекта Г. Уфа, Советский район показаны объекты типа «Гостиница», расположенные в радиусе 100 м от объектов типа «Многофункциональные центры предоставления государственных и муниципальных услуг».;1 - слой с объектами «Гостиница», 2 - слой с объектами «Многофункциональные центры предоставления государственных и муниципальных услуг», учитывающий буфер 100 м вокруг каждого объекта.;;1640;Многофункциональные центры предоставления государственных и муниципальных услуг, Гостиница;;38;9;Многофункциональные центры предоставления государственных и муниципальных услуг;Гостиница;100
350;;Г. Уфа, Советский район;1041;Исходный;Покажи количество продуктов (магазин у дома) в радиусе 500 м от религиозного объекта, чтобы оценить доступность питания для верующих.;В отображаемом слое для проекта Г. Уфа, Советский район показаны объекты типа «Продукты (магазин у дома)», расположенные в радиусе 500 м от объектов типа «Религиозный объект».;1 - слой с объектами «Продукты (магазин у дома)», 2 - слой с объектами «Религиозный объект», учитывающий буфер 500 м вокруг каждого объекта.;;1640;Религиозный объект, Продукты (магазин у дома);;39;1;Религиозный объект;Продукты (магазин у дома);500
351;;Г. Уфа, Советский район;1041;Исходный;Найди сколько многофункциональных центров предоставления государственных и муниципальных услуг находятся в пределах 100 м от нежилого здания, чтобы проверить охват сервисов.;В отображаемом слое для проекта Г. Уфа, Советский район показаны объекты типа «Многофункциональные центры предоставления государственных и муниципальных услуг», расположенные в радиусе 100 м от объектов типа «Нежилое здание».;1 - слой с объектами «Многофункциональные центры предоставления государственных и муниципальных услуг», 2 - слой с объектами «Нежилое здание», учитывающий буфер 100 м вокруг каждого объекта.;;1640;Многофункциональные центры предоставления государственных и муниципальных услуг;Нежилое здание;39;2;Нежилое здание;Многофункциональные центры предоставления государственных и муниципальных услуг;100
352;;Г. Уфа, Советский район;1041;Исходный;Определи, сколько рынков расположены в радиусе 100 м от отделения банка, чтобы проанализировать коммерческую активность.;В отображаемом слое для проекта Г. Уфа, Советский район показаны объекты типа «Рынок», расположенные в радиусе 100 м от объектов типа «Отделение банка».;1 - слой с объектами «Рынок», 2 - слой с объектами «Отделение банка», учитывающий буфер 100 м вокруг каждого объекта.;;1640;Отделение банка, Рынок;;39;3;Отделение банка;Рынок;100
353;;Г. Уфа, Советский район;1041;Исходный;Сколько булочных находятся в пределах 150 м от озера, покажи, чтобы оценить туристическую инфраструктуру.;В отображаемом слое для проекта Г. Уфа, Советский район показаны объекты типа «Булочная», расположенные в радиусе 150 м от объектов типа «Озеро».;1 - слой с объектами «Булочная», 2 - слой с объектами «Озеро», учитывающий буфер 150 м вокруг каждого объекта.;;1640;Булочная;Озеро;39;4;Озеро;Булочная;150
354;;Г. Уфа, Советский район;1041;Исходный;Выведи количество магазинов бытовой техники в радиусе 50 м от нежилого здания, чтобы убедиться в наличии сервисов для жителей.;В отображаемом слое для проекта Г. Уфа, Советский район показаны объекты типа «Бытовая техника», расположенные в радиусе 50 м от объектов типа «Нежилое здание».;1 - слой с объектами «Бытовая техника», 2 - слой с объектами «Нежилое здание», учитывающий буфер 50 м вокруг каждого объекта.;;1640;Бытовая техника;Нежилое здание;39;5;Нежилое здание;Бытовая техника;50
355;;Г. Уфа, Советский район;1041;Исходный;Проверь, сколько точек продажи бытовой техники находятся не далее чем 150 м от хостела, чтобы оценить удобство для туристов.;В отображаемом слое для проекта Г. Уфа, Советский район показаны объекты типа «Бытовая техника», расположенные в радиусе 150 м от объектов типа «Хостел».;1 - слой с объектами «Бытовая техника», 2 - слой с объектами «Хостел», учитывающий буфер 150 м вокруг каждого объекта.;;1640;Хостел, Бытовая техника;;39;6;Хостел;Бытовая техника;150
356;;Г. Уфа, Советский район;1041;Исходный;Сколько рек находятся в пределах 50 м от заправочной станции, уточни, чтобы оценить экологические риски.;В отображаемом слое для проекта Г. Уфа, Советский район показаны объекты типа «Река», расположенные в радиусе 50 м от объектов типа «Заправочная станция».;1 - слой с объектами «Река», 2 - слой с объектами «Заправочная станция», учитывающий буфер 50 м вокруг каждого объекта.;;1640;;Заправочная станция, Река;39;7;Заправочная станция;Река;50
357;;Г. Уфа, Советский район;1041;Исходный;Определи, сколько отделений банка расположены в радиусе 150 м от спортивного магазина, чтобы понять финансовую доступность для покупателей.;В отображаемом слое для проекта Г. Уфа, Советский район показаны объекты типа «Отделение банка», расположенные в радиусе 150 м от объектов типа «Спортивный магазин».;1 - слой с объектами «Отделение банка», 2 - слой с объектами «Спортивный магазин», учитывающий буфер 150 м вокруг каждого объекта.;;1640;Спортивный магазин, Отделение банка;;39;8;Спортивный магазин;Отделение банка;150
358;;Г. Уфа, Советский район;1041;Исходный;Покажи количество ветеринарных клиник в пределах 150 м от заправочной станции, чтобы оценить сервисы для владельцев животных.;В отображаемом слое для проекта Г. Уфа, Советский район показаны объекты типа «Ветеринарная клиника», расположенные в радиусе 150 м от объектов типа «Заправочная станция».;1 - слой с объектами «Ветеринарная клиника», 2 - слой с объектами «Заправочная станция», учитывающий буфер 150 м вокруг каждого объекта.;;1640;Ветеринарная клиника;Заправочная станция;39;9;Заправочная станция;Ветеринарная клиника;150
359;;Гатчина (показ);938;Исходный;Покажи количество детских товаров, расположенных внутри радиуса 200 м от Среднего специального учебного заведения, чтобы оценить доступность детских товаров.;В отображаемом слое для проекта Гатчина (показ) показаны объекты типа «Детские товары», расположенные в радиусе 200 м от объектов типа «Среднее специальное учебное заведение».;1 - слой с объектами «Детские товары», 2 - слой с объектами «Среднее специальное учебное заведение», учитывающий буфер 200 м вокруг каждого объекта.;;1429;Среднее специальное учебное заведение, Детские товары;;40;1;Среднее специальное учебное заведение;Детские товары;200
360;;Гатчина (показ);938;Исходный;Найди заправочные станции, находящиеся в пределах 500 м от стоматологической клиники, чтобы понять инфраструктурный потенциал.;В отображаемом слое для проекта Гатчина (показ) показаны объекты типа «Заправочная станция», расположенные в радиусе 500 м от объектов типа «Стоматологическая клиника».;1 - слой с объектами «Заправочная станция», 2 - слой с объектами «Стоматологическая клиника», учитывающий буфер 500 м вокруг каждого объекта.;;1429;Стоматологическая клиника;Заправочная станция;40;2;Стоматологическая клиника;Заправочная станция;500
361;;Гатчина (показ);938;Исходный;Определи, сколько водоочистных сооружений находится внутри радиуса 50 м от травяного покрытия, чтобы понять влияние растительности на водоочистку.;В отображаемом слое для проекта Гатчина (показ) показаны объекты типа «Водоочистное сооружение», расположенные в радиусе 50 м от объектов типа «Травяное покрытие».;1 - слой с объектами «Водоочистное сооружение», 2 - слой с объектами «Травяное покрытие», учитывающий буфер 50 м вокруг каждого объекта.;;1429;;Травяное покрытие, Водоочистное сооружение;40;3;Травяное покрытие;Водоочистное сооружение;50
362;;Гатчина (показ);938;Исходный;Проверь наличие аптек, которые находятся не далее чем 50 м от нежилого здания, чтобы оценить доступность медикаментов.;В отображаемом слое для проекта Гатчина (показ) показаны объекты типа «Аптека», расположенные в радиусе 50 м от объектов типа «Нежилое здание».;1 - слой с объектами «Аптека», 2 - слой с объектами «Нежилое здание», учитывающий буфер 50 м вокруг каждого объекта.;;1429;Аптека;Нежилое здание;40;4;Нежилое здание;Аптека;50
363;;Гатчина (показ);938;Исходный;Выведи пункты выдачи, расположенные в пределах 100 м от сети водоотведения, чтобы оценить логистические возможности.;В отображаемом слое для проекта Гатчина (показ) показаны объекты типа «Пункт выдачи», расположенные в радиусе 100 м от объектов типа «Сеть водоотведения».;1 - слой с объектами «Пункт выдачи», 2 - слой с объектами «Сеть водоотведения», учитывающий буфер 100 м вокруг каждого объекта.;;1429;Пункт выдачи;Сеть водоотведения;40;5;Сеть водоотведения;Пункт выдачи;100
364;;Гатчина (показ);938;Исходный;Сколько промышленных территорий находится внутри радиуса 500 м от детского сада, чтобы оценить возможный риск загрязнения.;В отображаемом слое для проекта Гатчина (показ) показаны объекты типа «Промышленная территория», расположенные в радиусе 500 м от объектов типа «Детский сад».;1 - слой с объектами «Промышленная территория», 2 - слой с объектами «Детский сад», учитывающий буфер 500 м вокруг каждого объекта.;;1429;Детский сад;Промышленная территория;40;6;Детский сад;Промышленная территория;500
365;;Гатчина (показ);938;Исходный;Узнай количество детско-юношеских спортивных школ, расположенных внутри радиуса 50 м от водоочистного сооружения, чтобы оценить спортивную инфраструктуру.;В отображаемом слое для проекта Гатчина (показ) показаны объекты типа «Детско-юношеская спортивная школа», расположенные в радиусе 50 м от объектов типа «Водоочистное сооружение».;1 - слой с объектами «Детско-юношеская спортивная школа», 2 - слой с объектами «Водоочистное сооружение», учитывающий буфер 50 м вокруг каждого объекта.;;1429;Детско-юношеская спортивная школа;Водоочистное сооружение;40;7;Водоочистное сооружение;Детско-юношеская спортивная школа;50
366;;Гатчина (показ);938;Исходный;Выяви стоматологические клиники, находящиеся внутри радиуса 50 м от кладбища, чтобы понять доступность медицинских услуг.;В отображаемом слое для проекта Гатчина (показ) показаны объекты типа «Стоматологическая клиника», расположенные в радиусе 50 м от объектов типа «Кладбище».;1 - слой с объектами «Стоматологическая клиника», 2 - слой с объектами «Кладбище», учитывающий буфер 50 м вокруг каждого объекта.;;1429;Стоматологическая клиника;Кладбище;40;8;Кладбище;Стоматологическая клиника;50
367;;Гатчина (показ);938;Исходный;Считай торговые центры, расположенные внутри радиуса 500 м от спортивной площадки, чтобы оценить коммерческое развитие района.;В отображаемом слое для проекта Гатчина (показ) показаны объекты типа «Торговый центр», расположенные в радиусе 500 м от объектов типа «Спортивная площадка».;1 - слой с объектами «Торговый центр», 2 - слой с объектами «Спортивная площадка», учитывающий буфер 500 м вокруг каждого объекта.;;1429;Спортивная площадка, Торговый центр;;40;9;Спортивная площадка;Торговый центр;500
368;;Гатчина (показ);938;Исходный;Покажи водные объекты, находящиеся в пределах 200 м от Заправочной станции.;В отображаемом слое для проекта Гатчина (показ) показаны объекты типа «Водный объект», расположенные в радиусе 200 м от объектов типа «Заправочная станция».;1 - слой с объектами «Водный объект», 2 - слой с объектами «Заправочная станция», учитывающий буфер 200 м вокруг каждого объекта.;;1429;;Заправочная станция, Водный объект;41;1;Заправочная станция;Водный объект;200
369;;Гатчина (показ);938;Исходный;Найди бары и пабы, расположенные не далее 100 м от леса.;В отображаемом слое для проекта Гатчина (показ) показаны объекты типа «Бар/Паб», расположенные в радиусе 100 м от объектов типа «Лес».;1 - слой с объектами «Бар/Паб», 2 - слой с объектами «Лес», учитывающий буфер 100 м вокруг каждого объекта.;;1429;Бар/Паб;Лес;41;2;Лес;Бар/Паб;100
370;;Гатчина (показ);938;Исходный;Определи зоомагазины, которые находятся внутри 200 м от морга.;В отображаемом слое для проекта Гатчина (показ) показаны объекты типа «Зоомагазин», расположенные в радиусе 200 м от объектов типа «Морг».;1 - слой с объектами «Зоомагазин», 2 - слой с объектами «Морг», учитывающий буфер 200 м вокруг каждого объекта.;;1429;Морг, Зоомагазин;;41;3;Морг;Зоомагазин;200
371;;Гатчина (показ);938;Исходный;Выведи автозаправки, находящиеся в пределах 150 м от банкомата.;В отображаемом слое для проекта Гатчина (показ) показаны объекты типа «Автозаправка», расположенные в радиусе 150 м от объектов типа «Банкомат».;1 - слой с объектами «Автозаправка», 2 - слой с объектами «Банкомат», учитывающий буфер 150 м вокруг каждого объекта.;;1429;Банкомат, Автозаправка;;41;4;Банкомат;Автозаправка;150
372;;Гатчина (показ);938;Исходный;Проверь наличие аптек, расположенных не далее 100 м от морга.;В отображаемом слое для проекта Гатчина (показ) показаны объекты типа «Аптека», расположенные в радиусе 100 м от объектов типа «Морг».;1 - слой с объектами «Аптека», 2 - слой с объектами «Морг», учитывающий буфер 100 м вокруг каждого объекта.;;1429;Морг, Аптека;;41;5;Морг;Аптека;100
373;;Гатчина (показ);938;Исходный;Посчитай морги, расположенные внутри 300 м от адвоката.;В отображаемом слое для проекта Гатчина (показ) показаны объекты типа «Морг», расположенные в радиусе 300 м от объектов типа «Адвокат».;1 - слой с объектами «Морг», 2 - слой с объектами «Адвокат», учитывающий буфер 300 м вокруг каждого объекта.;;1429;Адвокат, Морг;;41;6;Адвокат;Морг;300
374;;Гатчина (показ);938;Исходный;Узнай, какие местные дороги проходят в пределах 50 м от супермаркета.;В отображаемом слое для проекта Гатчина (показ) показаны объекты типа «Местная дорога», расположенные в радиусе 50 м от объектов типа «Супермаркет».;1 - слой с объектами «Местная дорога», 2 - слой с объектами «Супермаркет», учитывающий буфер 50 м вокруг каждого объекта.;;1429;Супермаркет;Местная дорога;41;7;Супермаркет;Местная дорога;50
375;;Гатчина (показ);938;Исходный;Считай рынки, которые находятся не далее 100 м от морга.;В отображаемом слое для проекта Гатчина (показ) показаны объекты типа «Рынок», расположенные в радиусе 100 м от объектов типа «Морг».;1 - слой с объектами «Рынок», 2 - слой с объектами «Морг», учитывающий буфер 100 м вокруг каждого объекта.;;1429;Морг, Рынок;;41;8;Морг;Рынок;100
376;;Гатчина (показ);938;Исходный;Сколько парикмахерских находятся в пределах 200 м от булочной.;В отображаемом слое для проекта Гатчина (показ) показаны объекты типа «Парикмахер», расположенные в радиусе 200 м от объектов типа «Булочная».;1 - слой с объектами «Парикмахер», 2 - слой с объектами «Булочная», учитывающий буфер 200 м вокруг каждого объекта.;;1429;Булочная, Парикмахер;;41;9;Булочная;Парикмахер;200
377;;Гатчина (показ);938;Исходный;Покажи, сколько больниц находятся внутри радиуса 200 м от ресторана.;В отображаемом слое для проекта Гатчина (показ) показаны объекты типа «Больница», расположенные в радиусе 200 м от объектов типа «Ресторан».;1 - слой с объектами «Больница», 2 - слой с объектами «Ресторан», учитывающий буфер 200 м вокруг каждого объекта.;;1429;Ресторан, Больница;;42;1;Ресторан;Больница;200
378;;Гатчина (показ);938;Исходный;Определи, сколько заправочных станций находятся не далее чем 50 м от больницы.;В отображаемом слое для проекта Гатчина (показ) показаны объекты типа «Заправочная станция», расположенные в радиусе 50 м от объектов типа «Больница».;1 - слой с объектами «Заправочная станция», 2 - слой с объектами «Больница», учитывающий буфер 50 м вокруг каждого объекта.;;1429;Больница;Заправочная станция;42;2;Больница;Заправочная станция;50
379;;Гатчина (показ);938;Исходный;Сколько участков леса охватывает площадка в пределах 300 м?;В отображаемом слое для проекта Гатчина (показ) показаны объекты типа «Лес», расположенные в радиусе 300 м от объектов типа «Площадка».;1 - слой с объектами «Лес», 2 - слой с объектами «Площадка», учитывающий буфер 300 м вокруг каждого объекта.;;1429;;Площадка, Лес;42;3;Площадка;Лес;300
380;;Гатчина (показ);938;Исходный;Проверь, какие остановки наземного общественного транспорта расположены внутри радиуса 500 м от спортивного магазина.;В отображаемом слое для проекта Гатчина (показ) показаны объекты типа «Остановка наземного общественного транспорта», расположенные в радиусе 500 м от объектов типа «Спортивный магазин».;1 - слой с объектами «Остановка наземного общественного транспорта», 2 - слой с объектами «Спортивный магазин», учитывающий буфер 500 м вокруг каждого объекта.;;1429;Спортивный магазин, Остановка наземного общественного транспорта;;42;4;Спортивный магазин;Остановка наземного общественного транспорта;500
381;;Гатчина (показ);938;Исходный;Выведи, сколько спортивных магазинов находятся не далее чем 100 м от железнодорожной станции.;В отображаемом слое для проекта Гатчина (показ) показаны объекты типа «Спортивный магазин», расположенные в радиусе 100 м от объектов типа «Железнодорожная станция».;1 - слой с объектами «Спортивный магазин», 2 - слой с объектами «Железнодорожная станция», учитывающий буфер 100 м вокруг каждого объекта.;;1429;Железнодорожная станция, Спортивный магазин;;42;5;Железнодорожная станция;Спортивный магазин;100
382;;Гатчина (показ);938;Исходный;Подсчитай, сколько кинотеатров находятся в пределах 150 м от водного объекта.;В отображаемом слое для проекта Гатчина (показ) показаны объекты типа «Кинотеатр», расположенные в радиусе 150 м от объектов типа «Водный объект».;1 - слой с объектами «Кинотеатр», 2 - слой с объектами «Водный объект», учитывающий буфер 150 м вокруг каждого объекта.;;1429;Кинотеатр;Водный объект;42;6;Водный объект;Кинотеатр;150
383;;Гатчина (показ);938;Исходный;Составь список детских площадок, расположенных внутри радиуса 150 м от скейт‑парка.;В отображаемом слое для проекта Гатчина (показ) показаны объекты типа «Детская площадка», расположенные в радиусе 150 м от объектов типа «Скейт-парк».;1 - слой с объектами «Детская площадка», 2 - слой с объектами «Скейт-парк», учитывающий буфер 150 м вокруг каждого объекта.;;1429;Скейт-парк, Детская площадка;;42;7;Скейт-парк;Детская площадка;150
384;;Гатчина (показ);938;Исходный;Считай, сколько булочных находится внутри радиуса 100 м от автозаправки.;В отображаемом слое для проекта Гатчина (показ) показаны объекты типа «Булочная», расположенные в радиусе 100 м от объектов типа «Автозаправка».;1 - слой с объектами «Булочная», 2 - слой с объектами «Автозаправка», учитывающий буфер 100 м вокруг каждого объекта.;;1429;Автозаправка, Булочная;;42;8;Автозаправка;Булочная;100
385;;Гатчина (показ);938;Исходный;Найди, сколько жилых домов находятся в пределах 100 м от хостела.;В отображаемом слое для проекта Гатчина (показ) показаны объекты типа «Жилой дом», расположенные в радиусе 100 м от объектов типа «Хостел».;1 - слой с объектами «Жилой дом», 2 - слой с объектами «Хостел», учитывающий буфер 100 м вокруг каждого объекта.;;1429;Хостел;Жилой дом;42;9;Хостел;Жилой дом;100
386;;Гатчина (показ);938;Исходный;Покажи, сколько высших учебных заведений находится внутри радиуса 150 м от салона красоты, чтобы понять доступность образования.;В отображаемом слое для проекта Гатчина (показ) показаны объекты типа «Высшее учебное заведение», расположенные в радиусе 150 м от объектов типа «Салон красоты».;1 - слой с объектами «Высшее учебное заведение», 2 - слой с объектами «Салон красоты», учитывающий буфер 150 м вокруг каждого объекта.;;1429;Салон красоты, Высшее учебное заведение;;43;1;Салон красоты;Высшее учебное заведение;150
387;;Гатчина (показ);938;Исходный;Найди, сколько железнодорожных станций расположено внутри радиуса 50 м от электрической подстанции, чтобы проверить инфраструктурную близость.;В отображаемом слое для проекта Гатчина (показ) показаны объекты типа «Железнодорожная станция», расположенные в радиусе 50 м от объектов типа «Электрическая подстанция».;1 - слой с объектами «Железнодорожная станция», 2 - слой с объектами «Электрическая подстанция», учитывающий буфер 50 м вокруг каждого объекта.;;1429;Железнодорожная станция;Электрическая подстанция;43;2;Электрическая подстанция;Железнодорожная станция;50
388;;Гатчина (показ);938;Исходный;Определи, сколько баров/пабов находится внутри радиуса 200 м от торгового центра, чтобы оценить развлекательную насыщенность.;В отображаемом слое для проекта Гатчина (показ) показаны объекты типа «Бар/Паб», расположенные в радиусе 200 м от объектов типа «Торговый центр».;1 - слой с объектами «Бар/Паб», 2 - слой с объектами «Торговый центр», учитывающий буфер 200 м вокруг каждого объекта.;;1429;Торговый центр, Бар/Паб;;43;3;Торговый центр;Бар/Паб;200
389;;Гатчина (показ);938;Исходный;Сколько полицейских участков находится внутри радиуса 200 м от спортивной площадки, чтобы удостовериться в безопасности территории.;В отображаемом слое для проекта Гатчина (показ) показаны объекты типа «Полицейский участок», расположенные в радиусе 200 м от объектов типа «Спортивная площадка».;1 - слой с объектами «Полицейский участок», 2 - слой с объектами «Спортивная площадка», учитывающий буфер 200 м вокруг каждого объекта.;;1429;Спортивная площадка, Полицейский участок;;43;4;Спортивная площадка;Полицейский участок;200
390;;Гатчина (показ);938;Исходный;Проверь, сколько парикмахеров расположено внутри радиуса 300 м от промышленной территории, чтобы оценить доступность услуг.;В отображаемом слое для проекта Гатчина (показ) показаны объекты типа «Парикмахер», расположенные в радиусе 300 м от объектов типа «Промышленная территория».;1 - слой с объектами «Парикмахер», 2 - слой с объектами «Промышленная территория», учитывающий буфер 300 м вокруг каждого объекта.;;1429;Парикмахер;Промышленная территория;43;5;Промышленная территория;Парикмахер;300
391;;Гатчина (показ);938;Исходный;Выведи, сколько сетей теплоснабжения находится внутри радиуса 100 м от распределительного трубопровода для транспортировки газа, чтобы оценить тепловую связь.;В отображаемом слое для проекта Гатчина (показ) показаны объекты типа «Сеть теплоснабжения», расположенные в радиусе 100 м от объектов типа «Распределительный трубопровод для транспортировки газа».;1 - слой с объектами «Сеть теплоснабжения», 2 - слой с объектами «Распределительный трубопровод для транспортировки газа», учитывающий буфер 100 м вокруг каждого объекта.;;1429;;Распределительный трубопровод для транспортировки газа, Сеть теплоснабжения;43;6;Распределительный трубопровод для транспортировки газа;Сеть теплоснабжения;100
392;;Гатчина (показ);938;Исходный;Определи, сколько парков находится внутри радиуса 150 м от булочной, чтобы оценить доступность зеленых зон.;В отображаемом слое для проекта Гатчина (показ) показаны объекты типа «Парк», расположенные в радиусе 150 м от объектов типа «Булочная».;1 - слой с объектами «Парк», 2 - слой с объектами «Булочная», учитывающий буфер 150 м вокруг каждого объекта.;;1429;Булочная, Парк;;43;7;Булочная;Парк;150
393;;Гатчина (показ);938;Исходный;Найди, сколько библиотек находится внутри радиуса 300 м от продуктов (магазин у дома), чтобы оценить культурную инфраструктуру.;В отображаемом слое для проекта Гатчина (показ) показаны объекты типа «Библиотека», расположенные в радиусе 300 м от объектов типа «Продукты (магазин у дома)».;1 - слой с объектами «Библиотека», 2 - слой с объектами «Продукты (магазин у дома)», учитывающий буфер 300 м вокруг каждого объекта.;;1429;Продукты (магазин у дома), Библиотека;;43;8;Продукты (магазин у дома);Библиотека;300
394;;Гатчина (показ);938;Исходный;Покажи, сколько озер находится внутри радиуса 100 м от детского сада, чтобы понять природную доступность.;В отображаемом слое для проекта Гатчина (показ) показаны объекты типа «Озеро», расположенные в радиусе 100 м от объектов типа «Детский сад».;1 - слой с объектами «Озеро», 2 - слой с объектами «Детский сад», учитывающий буфер 100 м вокруг каждого объекта.;;1429;Детский сад;Озеро;43;9;Детский сад;Озеро;100
395;;Гатчина (показ);938;Исходный;Найди количество школ в пределах 200 м от Театра, чтобы оценить доступность образования.;В отображаемом слое для проекта Гатчина (показ) показаны объекты типа «Школа», расположенные в радиусе 200 м от объектов типа «Театр».;1 - слой с объектами «Школа», 2 - слой с объектами «Театр», учитывающий буфер 200 м вокруг каждого объекта.;;1429;Театр, Школа;;44;1;Театр;Школа;200
396;;Гатчина (показ);938;Исходный;Определи, сколько рынков находятся в радиусе 150 м от Электрической подстанции, чтобы проверить инфраструктурную плотность.;В отображаемом слое для проекта Гатчина (показ) показаны объекты типа «Рынок», расположенные в радиусе 150 м от объектов типа «Электрическая подстанция».;1 - слой с объектами «Рынок», 2 - слой с объектами «Электрическая подстанция», учитывающий буфер 150 м вокруг каждого объекта.;;1429;Рынок;Электрическая подстанция;44;2;Электрическая подстанция;Рынок;150
397;;Гатчина (показ);938;Исходный;Покажи число спортивных магазинов, расположенных не далее чем 300 м от Сети теплоснабжения, для анализа коммерческой активности.;В отображаемом слое для проекта Гатчина (показ) показаны объекты типа «Спортивный магазин», расположенные в радиусе 300 м от объектов типа «Сеть теплоснабжения».;1 - слой с объектами «Спортивный магазин», 2 - слой с объектами «Сеть теплоснабжения», учитывающий буфер 300 м вокруг каждого объекта.;;1429;Спортивный магазин;Сеть теплоснабжения;44;3;Сеть теплоснабжения;Спортивный магазин;300
398;;Гатчина (показ);938;Исходный;Выведи список лесных массивов в радиусе 200 м от Торгового центра, чтобы оценить экологический баланс.;В отображаемом слое для проекта Гатчина (показ) показаны объекты типа «Лес», расположенные в радиусе 200 м от объектов типа «Торговый центр».;1 - слой с объектами «Лес», 2 - слой с объектами «Торговый центр», учитывающий буфер 200 м вокруг каждого объекта.;;1429;Торговый центр;Лес;44;4;Торговый центр;Лес;200
399;;Гатчина (показ);938;Исходный;Посчитай, сколько театров находятся в пределах 50 м от Библиотеки, чтобы проверить культурную доступность.;В отображаемом слое для проекта Гатчина (показ) показаны объекты типа «Театр», расположенные в радиусе 50 м от объектов типа «Библиотека».;1 - слой с объектами «Театр», 2 - слой с объектами «Библиотека», учитывающий буфер 50 м вокруг каждого объекта.;;1429;Библиотека, Театр;;44;5;Библиотека;Театр;50
400;;Гатчина (показ);938;Исходный;Проверь наличие книжных магазинов в радиусе 100 м от Одежда и обувь, чтобы оценить сервисный доступ.;В отображаемом слое для проекта Гатчина (показ) показаны объекты типа «Книжный магазин», расположенные в радиусе 100 м от объектов типа «Одежда и обувь».;1 - слой с объектами «Книжный магазин», 2 - слой с объектами «Одежда и обувь», учитывающий буфер 100 м вокруг каждого объекта.;;1429;Одежда и обувь, Книжный магазин;;44;6;Одежда и обувь;Книжный магазин;100
401;;Гатчина (показ);938;Исходный;Оцени количество супермаркетов в пределах 50 м от Жилого дома, чтобы измерить удобство проживания.;В отображаемом слое для проекта Гатчина (показ) показаны объекты типа «Супермаркет», расположенные в радиусе 50 м от объектов типа «Жилой дом».;1 - слой с объектами «Супермаркет», 2 - слой с объектами «Жилой дом», учитывающий буфер 50 м вокруг каждого объекта.;;1429;Супермаркет;Жилой дом;44;7;Жилой дом;Супермаркет;50
402;;Гатчина (показ);938;Исходный;Выведи, какие сети водоотведения находятся в радиусе 500 м от Водозаборного сооружения, чтобы оценить водную инфраструктуру.;В отображаемом слое для проекта Гатчина (показ) показаны объекты типа «Сеть водоотведения», расположенные в радиусе 500 м от объектов типа «Водозаборное сооружение».;1 - слой с объектами «Сеть водоотведения», 2 - слой с объектами «Водозаборное сооружение», учитывающий буфер 500 м вокруг каждого объекта.;;1429;;Водозаборное сооружение, Сеть водоотведения;44;8;Водозаборное сооружение;Сеть водоотведения;500
403;;Гатчина (показ);938;Исходный;Проверь, сколько лесов находятся в радиусе 300 м от Нежилого здания, чтобы оценить природную безопасность.;В отображаемом слое для проекта Гатчина (показ) показаны объекты типа «Лес», расположенные в радиусе 300 м от объектов типа «Нежилое здание».;1 - слой с объектами «Лес», 2 - слой с объектами «Нежилое здание», учитывающий буфер 300 м вокруг каждого объекта.;;1429;;Нежилое здание, Лес;44;9;Нежилое здание;Лес;300
404;;"ЖК ""Домашний""";593;Исходный;Определи, сколько парковок находится внутри радиуса 150 м от детской площадки, поскольку это повышает безопасность детей.;"В отображаемом слое для проекта ЖК ""Домашний"" показаны объекты типа «Парковка», расположенные в радиусе 150 м от объектов типа «Детская площадка».";1 - слой с объектами «Парковка», 2 - слой с объектами «Детская площадка», учитывающий буфер 150 м вокруг каждого объекта.;;744;Детская площадка;Парковка;45;1;Детская площадка;Парковка;150
405;;"ЖК ""Домашний""";593;Исходный;Проверь, какие площадки расположены не далее чем 500 м от площадки для выгула собак, так как они удобно дополняют инфраструктуру.;"В отображаемом слое для проекта ЖК ""Домашний"" показаны объекты типа «Площадка», расположенные в радиусе 500 м от объектов типа «Площадка для выгула собак».";1 - слой с объектами «Площадка», 2 - слой с объектами «Площадка для выгула собак», учитывающий буфер 500 м вокруг каждого объекта.;;744;Площадка для выгула собак;Площадка;45;2;Площадка для выгула собак;Площадка;500
406;;"ЖК ""Домашний""";593;Исходный;Выведи перечень нежилых зданий, находящихся в пределах 100 м от парковки, чтобы оценить плотность коммерческой зоны.;"В отображаемом слое для проекта ЖК ""Домашний"" показаны объекты типа «Нежилое здание», расположенные в радиусе 100 м от объектов типа «Парковка».";1 - слой с объектами «Нежилое здание», 2 - слой с объектами «Парковка», учитывающий буфер 100 м вокруг каждого объекта.;;744;;Парковка, Нежилое здание;45;3;Парковка;Нежилое здание;100
407;;"ЖК ""Домашний""";593;Исходный;Считай количество парковок, расположенных внутри радиуса 50 м от остановки наземного транспорта, чтобы улучшить доступность.;"В отображаемом слое для проекта ЖК ""Домашний"" показаны объекты типа «Парковка», расположенные в радиусе 50 м от объектов типа «Остановка наземного транспорта».";1 - слой с объектами «Парковка», 2 - слой с объектами «Остановка наземного транспорта», учитывающий буфер 50 м вокруг каждого объекта.;;744;;Остановка наземного транспорта, Парковка;45;4;Остановка наземного транспорта;Парковка;50
408;;"ЖК ""Домашний""";593;Исходный;Покажи, сколько рекреационных зон находятся не далее 200 м от остановки наземного транспорта, ведь это повышает качество отдыха.;"В отображаемом слое для проекта ЖК ""Домашний"" показаны объекты типа «Рекреационная зона», расположенные в радиусе 200 м от объектов типа «Остановка наземного транспорта».";1 - слой с объектами «Рекреационная зона», 2 - слой с объектами «Остановка наземного транспорта», учитывающий буфер 200 м вокруг каждого объекта.;;744;;Остановка наземного транспорта, Рекреационная зона;45;5;Остановка наземного транспорта;Рекреационная зона;200
409;;"ЖК ""Домашний""";593;Исходный;Расчитай, сколько нежилых зданий находятся в пределах 150 м от жилого дома, чтобы понять коммерческое напряжение.;"В отображаемом слое для проекта ЖК ""Домашний"" показаны объекты типа «Нежилое здание», расположенные в радиусе 150 м от объектов типа «Жилой дом».";1 - слой с объектами «Нежилое здание», 2 - слой с объектами «Жилой дом», учитывающий буфер 150 м вокруг каждого объекта.;;744;;Жилой дом, Нежилое здание;45;6;Жилой дом;Нежилое здание;150
410;;"ЖК ""Домашний""";593;Исходный;Уточни, сколько площадок для выгула собак находятся в пределах 200 м от рекреационной зоны, поскольку это улучшает планировку.;"В отображаемом слое для проекта ЖК ""Домашний"" показаны объекты типа «Площадка для выгула собак», расположенные в радиусе 200 м от объектов типа «Рекреационная зона».";1 - слой с объектами «Площадка для выгула собак», 2 - слой с объектами «Рекреационная зона», учитывающий буфер 200 м вокруг каждого объекта.;;744;Площадка для выгула собак;Рекреационная зона;45;7;Рекреационная зона;Площадка для выгула собак;200
411;;"ЖК ""Домашний""";593;Исходный;Подсчитай, сколько остановок наземного транспорта расположены в пределах 500 м от детской площадки, чтобы оценить удобство для родителей.;"В отображаемом слое для проекта ЖК ""Домашний"" показаны объекты типа «Остановка наземного транспорта», расположенные в радиусе 500 м от объектов типа «Детская площадка».";1 - слой с объектами «Остановка наземного транспорта», 2 - слой с объектами «Детская площадка», учитывающий буфер 500 м вокруг каждого объекта.;;744;Детская площадка;Остановка наземного транспорта;45;8;Детская площадка;Остановка наземного транспорта;500
412;;"ЖК ""Домашний""";593;Исходный;Проведи анализ парковок, находящихся в радиусе 500 м от линии электропередачи, чтобы оценить потенциальные ограничения.;"В отображаемом слое для проекта ЖК ""Домашний"" показаны объекты типа «Парковка», расположенные в радиусе 500 м от объектов типа «Линия электропередачи».";1 - слой с объектами «Парковка», 2 - слой с объектами «Линия электропередачи», учитывающий буфер 500 м вокруг каждого объекта.;;744;;Линия электропередачи, Парковка;45;9;Линия электропередачи;Парковка;500
413;;"ЖК ""Домашний""";593;Исходный;Проверь, находятся ли рекреационные зоны внутри радиуса 300 м от остановок наземного транспорта, так как это влияет на доступность.;"В отображаемом слое для проекта ЖК ""Домашний"" показаны объекты типа «Рекреационная зона», расположенные в радиусе 300 м от объектов типа «Остановка наземного транспорта».";1 - слой с объектами «Рекреационная зона», 2 - слой с объектами «Остановка наземного транспорта», учитывающий буфер 300 м вокруг каждого объекта.;;744;;Остановка наземного транспорта, Рекреационная зона;46;1;Остановка наземного транспорта;Рекреационная зона;300
414;;"ЖК ""Домашний""";593;Исходный;Найди линии электропередачи, расположенные в пределах 200 м от площадки, чтобы проверить соответствие нормам электроснабжения.;"В отображаемом слое для проекта ЖК ""Домашний"" показаны объекты типа «Линия электропередачи», расположенные в радиусе 200 м от объектов типа «Площадка».";1 - слой с объектами «Линия электропередачи», 2 - слой с объектами «Площадка», учитывающий буфер 200 м вокруг каждого объекта.;;744;;Площадка, Линия электропередачи;46;2;Площадка;Линия электропередачи;200
415;;"ЖК ""Домашний""";593;Исходный;Определи, сколько остановок наземного транспорта находятся не далее чем 200 м от рекреационных зон, так как это важно для пешеходной доступности.;"В отображаемом слое для проекта ЖК ""Домашний"" показаны объекты типа «Остановка наземного транспорта», расположенные в радиусе 200 м от объектов типа «Рекреационная зона».";1 - слой с объектами «Остановка наземного транспорта», 2 - слой с объектами «Рекреационная зона», учитывающий буфер 200 м вокруг каждого объекта.;;744;;Рекреационная зона, Остановка наземного транспорта;46;3;Рекреационная зона;Остановка наземного транспорта;200
416;;"ЖК ""Домашний""";593;Исходный;Выведи промышленные территории, расположенные внутри радиуса 50 м от линий электропередачи, чтобы обеспечить безопасную дистанцию.;"В отображаемом слое для проекта ЖК ""Домашний"" показаны объекты типа «Промышленная территория», расположенные в радиусе 50 м от объектов типа «Линия электропередачи».";1 - слой с объектами «Промышленная территория», 2 - слой с объектами «Линия электропередачи», учитывающий буфер 50 м вокруг каждого объекта.;;744;;Линия электропередачи, Промышленная территория;46;4;Линия электропередачи;Промышленная территория;50
417;;"ЖК ""Домашний""";593;Исходный;Проверь, находятся ли детские площадки внутри радиуса 150 м от площадки, так как это влияет на семейный досуг.;"В отображаемом слое для проекта ЖК ""Домашний"" показаны объекты типа «Детская площадка», расположенные в радиусе 150 м от объектов типа «Площадка».";1 - слой с объектами «Детская площадка», 2 - слой с объектами «Площадка», учитывающий буфер 150 м вокруг каждого объекта.;;744;Детская площадка;Площадка;46;5;Площадка;Детская площадка;150
418;;"ЖК ""Домашний""";593;Исходный;Покажи площадки для выгула собак, расположенные в пределах 150 м от детских площадок, чтобы оценить совместимость зон.;"В отображаемом слое для проекта ЖК ""Домашний"" показаны объекты типа «Площадка для выгула собак», расположенные в радиусе 150 м от объектов типа «Детская площадка».";1 - слой с объектами «Площадка для выгула собак», 2 - слой с объектами «Детская площадка», учитывающий буфер 150 м вокруг каждого объекта.;;744;Детская площадка, Площадка для выгула собак;;46;6;Детская площадка;Площадка для выгула собак;150
419;;"ЖК ""Домашний""";593;Исходный;Сколько рекреационных зон находятся не далее чем 50 м от площадки, чтобы определить плотность зеленых насаждений.;"В отображаемом слое для проекта ЖК ""Домашний"" показаны объекты типа «Рекреационная зона», расположенные в радиусе 50 м от объектов типа «Площадка».";1 - слой с объектами «Рекреационная зона», 2 - слой с объектами «Площадка», учитывающий буфер 50 м вокруг каждого объекта.;;744;;Площадка, Рекреационная зона;46;7;Площадка;Рекреационная зона;50
420;;"ЖК ""Домашний""";593;Исходный;Выведи жилые дома, расположенные в пределах 100 м от нежилых зданий, чтобы проверить соответствие нормам.;"В отображаемом слое для проекта ЖК ""Домашний"" показаны объекты типа «Жилой дом», расположенные в радиусе 100 м от объектов типа «Нежилое здание».";1 - слой с объектами «Жилой дом», 2 - слой с объектами «Нежилое здание», учитывающий буфер 100 м вокруг каждого объекта.;;744;;Нежилое здание, Жилой дом;46;8;Нежилое здание;Жилой дом;100
421;;"ЖК ""Домашний""";593;Исходный;Подсчитай остановки наземного транспорта, находящиеся внутри радиуса 100 м от промышленной территории, так как это влияет на транспортную инфраструктуру.;"В отображаемом слое для проекта ЖК ""Домашний"" показаны объекты типа «Остановка наземного транспорта», расположенные в радиусе 100 м от объектов типа «Промышленная территория».";1 - слой с объектами «Остановка наземного транспорта», 2 - слой с объектами «Промышленная территория», учитывающий буфер 100 м вокруг каждого объекта.;;744;;Промышленная территория, Остановка наземного транспорта;46;9;Промышленная территория;Остановка наземного транспорта;100
422;;Проект Эталон в Ростове на Дону;643;Исходный;Покажи, сколько зеленых зон находится внутри радиуса 50 м от продуктов (магазин у дома), поскольку в этой зоне повышается доступ к природе.;В отображаемом слое для проекта Проект Эталон в Ростове на Дону показаны объекты типа «Зеленая зона», расположенные в радиусе 50 м от объектов типа «Продукты (магазин у дома)».;1 - слой с объектами «Зеленая зона», 2 - слой с объектами «Продукты (магазин у дома)», учитывающий буфер 50 м вокруг каждого объекта.;;861;Продукты (магазин у дома);Зеленая зона;47;1;Продукты (магазин у дома);Зеленая зона;50
423;;Проект Эталон в Ростове на Дону;643;Исходный;Найди остановки наземного общественного транспорта, которые находятся не далее чем 200 м от травяного покрытия, так как это улучшает доступ к парковке.;В отображаемом слое для проекта Проект Эталон в Ростове на Дону показаны объекты типа «Остановка наземного общественного транспорта», расположенные в радиусе 200 м от объектов типа «Травяное покрытие».;1 - слой с объектами «Остановка наземного общественного транспорта», 2 - слой с объектами «Травяное покрытие», учитывающий буфер 200 м вокруг каждого объекта.;;861;Остановка наземного общественного транспорта;Травяное покрытие;47;2;Травяное покрытие;Остановка наземного общественного транспорта;200
424;;Проект Эталон в Ростове на Дону;643;Исходный;Определи, сколько остановок наземного общественного транспорта расположены внутри радиуса 50 м от ресторана, поскольку это повышает удобство для посетителей.;В отображаемом слое для проекта Проект Эталон в Ростове на Дону показаны объекты типа «Остановка наземного общественного транспорта», расположенные в радиусе 50 м от объектов типа «Ресторан».;1 - слой с объектами «Остановка наземного общественного транспорта», 2 - слой с объектами «Ресторан», учитывающий буфер 50 м вокруг каждого объекта.;;861;Ресторан, Остановка наземного общественного транспорта;;47;3;Ресторан;Остановка наземного общественного транспорта;50
425;;Проект Эталон в Ростове на Дону;643;Исходный;Проверь, сколько памятников находятся в пределах 200 м от промышленной территории, чтобы оценить влияние на историческое наследие.;В отображаемом слое для проекта Проект Эталон в Ростове на Дону показаны объекты типа «Памятник», расположенные в радиусе 200 м от объектов типа «Промышленная территория».;1 - слой с объектами «Памятник», 2 - слой с объектами «Промышленная территория», учитывающий буфер 200 м вокруг каждого объекта.;;861;Памятник;Промышленная территория;47;4;Промышленная территория;Памятник;200
426;;Проект Эталон в Ростове на Дону;643;Исходный;Узнай, сколько памятников находятся не далее чем 100 м от линии электропередачи, чтобы убедиться в соблюдении норм безопасности.;В отображаемом слое для проекта Проект Эталон в Ростове на Дону показаны объекты типа «Памятник», расположенные в радиусе 100 м от объектов типа «Линия электропередачи».;1 - слой с объектами «Памятник», 2 - слой с объектами «Линия электропередачи», учитывающий буфер 100 м вокруг каждого объекта.;;861;Памятник;Линия электропередачи;47;5;Линия электропередачи;Памятник;100
427;;Проект Эталон в Ростове на Дону;643;Исходный;Выведи количество травяных покрытий, которые находятся внутри радиуса 500 м от остановки наземного общественного транспорта, поскольку это способствует озеленению.;В отображаемом слое для проекта Проект Эталон в Ростове на Дону показаны объекты типа «Травяное покрытие», расположенные в радиусе 500 м от объектов типа «Остановка наземного общественного транспорта».;1 - слой с объектами «Травяное покрытие», 2 - слой с объектами «Остановка наземного общественного транспорта», учитывающий буфер 500 м вокруг каждого объекта.;;861;Остановка наземного общественного транспорта;Травяное покрытие;47;6;Остановка наземного общественного транспорта;Травяное покрытие;500
428;;Проект Эталон в Ростове на Дону;643;Исходный;Считай, сколько остановок наземного общественного транспорта находятся в пределах 500 м от остановки наземного транспорта, чтобы оптимизировать транспортную сеть.;В отображаемом слое для проекта Проект Эталон в Ростове на Дону показаны объекты типа «Остановка наземного общественного транспорта», расположенные в радиусе 500 м от объектов типа «Остановка наземного транспорта».;1 - слой с объектами «Остановка наземного общественного транспорта», 2 - слой с объектами «Остановка наземного транспорта», учитывающий буфер 500 м вокруг каждого объекта.;;861;Остановка наземного общественного транспорта;Остановка наземного транспорта;47;7;Остановка наземного транспорта;Остановка наземного общественного транспорта;500
429;;Проект Эталон в Ростове на Дону;643;Исходный;Оцени, сколько магазинов (продуктов) у дома расположены не далее чем 200 м от остановки наземного транспорта, так как это повышает удобство для пассажиров.;В отображаемом слое для проекта Проект Эталон в Ростове на Дону показаны объекты типа «Продукты (магазин у дома)», расположенные в радиусе 200 м от объектов типа «Остановка наземного транспорта».;1 - слой с объектами «Продукты (магазин у дома)», 2 - слой с объектами «Остановка наземного транспорта», учитывающий буфер 200 м вокруг каждого объекта.;;861;Продукты (магазин у дома);Остановка наземного транспорта;47;8;Остановка наземного транспорта;Продукты (магазин у дома);200
430;;Проект Эталон в Ростове на Дону;643;Исходный;Сравни, сколько памятников находятся внутри радиуса 300 м от продуктов (магазин у дома), чтобы оценить влияние коммерческой активности на культурные объекты.;В отображаемом слое для проекта Проект Эталон в Ростове на Дону показаны объекты типа «Памятник», расположенные в радиусе 300 м от объектов типа «Продукты (магазин у дома)».;1 - слой с объектами «Памятник», 2 - слой с объектами «Продукты (магазин у дома)», учитывающий буфер 300 м вокруг каждого объекта.;;861;Продукты (магазин у дома), Памятник;;47;9;Продукты (магазин у дома);Памятник;300
431;;Проект территории Новознаменский;642;Исходный;Считай нежилые здания внутри 200 м от федеральной дороги, это важно для оценки нагрузки на инфраструктуру.;В отображаемом слое для проекта Проект территории Новознаменский показаны объекты типа «Нежилое здание», расположенные в радиусе 200 м от объектов типа «Федеральная дорога».;1 - слой с объектами «Нежилое здание», 2 - слой с объектами «Федеральная дорога», учитывающий буфер 200 м вокруг каждого объекта.;;857;;Федеральная дорога, Нежилое здание;48;1;Федеральная дорога;Нежилое здание;200
432;;Проект территории Новознаменский;642;Исходный;Покажи заправочные станции в пределах 300 м от линии электропередачи, чтобы проверить доступность топливных пунктов.;В отображаемом слое для проекта Проект территории Новознаменский показаны объекты типа «Заправочная станция», расположенные в радиусе 300 м от объектов типа «Линия электропередачи».;1 - слой с объектами «Заправочная станция», 2 - слой с объектами «Линия электропередачи», учитывающий буфер 300 м вокруг каждого объекта.;;857;;Линия электропередачи, Заправочная станция;48;2;Линия электропередачи;Заправочная станция;300
433;;Проект территории Новознаменский;642;Исходный;Определи рекреационные зоны, находящиеся не далее чем 500 м от площадки для выгула собак, это поможет оценить зоны отдыха.;В отображаемом слое для проекта Проект территории Новознаменский показаны объекты типа «Рекреационная зона», расположенные в радиусе 500 м от объектов типа «Площадка для выгула собак».;1 - слой с объектами «Рекреационная зона», 2 - слой с объектами «Площадка для выгула собак», учитывающий буфер 500 м вокруг каждого объекта.;;857;Площадка для выгула собак;Рекреационная зона;48;3;Площадка для выгула собак;Рекреационная зона;500
434;;Проект территории Новознаменский;642;Исходный;Выведи линии электропередачи, расположенные внутри 200 м от детского сада, чтобы убедиться в безопасности.;В отображаемом слое для проекта Проект территории Новознаменский показаны объекты типа «Линия электропередачи», расположенные в радиусе 200 м от объектов типа «Детский сад».;1 - слой с объектами «Линия электропередачи», 2 - слой с объектами «Детский сад», учитывающий буфер 200 м вокруг каждого объекта.;;857;Детский сад;Линия электропередачи;48;4;Детский сад;Линия электропередачи;200
435;;Проект территории Новознаменский;642;Исходный;Проверь наличие линий электропередачи в пределах 100 м от площадки для выгула собак, это поможет оценить риск.;В отображаемом слое для проекта Проект территории Новознаменский показаны объекты типа «Линия электропередачи», расположенные в радиусе 100 м от объектов типа «Площадка для выгула собак».;1 - слой с объектами «Линия электропередачи», 2 - слой с объектами «Площадка для выгула собак», учитывающий буфер 100 м вокруг каждого объекта.;;857;Площадка для выгула собак;Линия электропередачи;48;5;Площадка для выгула собак;Линия электропередачи;100
436;;Проект территории Новознаменский;642;Исходный;Сколько автозаправок находится внутри 200 м от остановки наземного транспорта, это важно для планирования транспортных потоков.;В отображаемом слое для проекта Проект территории Новознаменский показаны объекты типа «Автозаправка», расположенные в радиусе 200 м от объектов типа «Остановка наземного транспорта».;1 - слой с объектами «Автозаправка», 2 - слой с объектами «Остановка наземного транспорта», учитывающий буфер 200 м вокруг каждого объекта.;;857;Автозаправка;Остановка наземного транспорта;48;6;Остановка наземного транспорта;Автозаправка;200
437;;Проект территории Новознаменский;642;Исходный;Найди площадки, которые находятся не далее чем 200 м от зеленой зоны, чтобы оценить доступность инфраструктуры.;В отображаемом слое для проекта Проект территории Новознаменский показаны объекты типа «Площадка», расположенные в радиусе 200 м от объектов типа «Зеленая зона».;1 - слой с объектами «Площадка», 2 - слой с объектами «Зеленая зона», учитывающий буфер 200 м вокруг каждого объекта.;;857;;Зеленая зона, Площадка;48;7;Зеленая зона;Площадка;200
438;;Проект территории Новознаменский;642;Исходный;Уточни, сколько школ находится в пределах 200 м от водонапорной башни, это важно для оценки водоснабжения.;В отображаемом слое для проекта Проект территории Новознаменский показаны объекты типа «Школа», расположенные в радиусе 200 м от объектов типа «Водонапорная башня».;1 - слой с объектами «Школа», 2 - слой с объектами «Водонапорная башня», учитывающий буфер 200 м вокруг каждого объекта.;;857;Школа;Водонапорная башня;48;8;Водонапорная башня;Школа;200
439;;Проект территории Новознаменский;642;Исходный;Вычисли площадки для выгула собак, расположенные внутри 50 м от парка, чтобы понять степень охвата зоны.;В отображаемом слое для проекта Проект территории Новознаменский показаны объекты типа «Площадка для выгула собак», расположенные в радиусе 50 м от объектов типа «Парк».;1 - слой с объектами «Площадка для выгула собак», 2 - слой с объектами «Парк», учитывающий буфер 50 м вокруг каждого объекта.;;857;Парк, Площадка для выгула собак;;48;9;Парк;Площадка для выгула собак;50
440;;Проект территории Новознаменский;642;Исходный;Определи, сколько зеленых зон находятся в пределах 200 м от остановки наземного транспорта, чтобы оценить доступность зелёных пространств для пассажиров.;В отображаемом слое для проекта Проект территории Новознаменский показаны объекты типа «Зеленая зона», расположенные в радиусе 200 м от объектов типа «Остановка наземного транспорта».;1 - слой с объектами «Зеленая зона», 2 - слой с объектами «Остановка наземного транспорта», учитывающий буфер 200 м вокруг каждого объекта.;;857;;Остановка наземного транспорта, Зеленая зона;49;1;Остановка наземного транспорта;Зеленая зона;200
441;;Проект территории Новознаменский;642;Исходный;Найди парковки, расположенные не далее чем 50 м от площадки для выгула собак, ведь это важно для безопасности пешеходов.;В отображаемом слое для проекта Проект территории Новознаменский показаны объекты типа «Парковка», расположенные в радиусе 50 м от объектов типа «Площадка для выгула собак».;1 - слой с объектами «Парковка», 2 - слой с объектами «Площадка для выгула собак», учитывающий буфер 50 м вокруг каждого объекта.;;857;Площадка для выгула собак;Парковка;49;2;Площадка для выгула собак;Парковка;50
442;;Проект территории Новознаменский;642;Исходный;Проверь, находятся ли спортивные площадки в радиусе 50 м от детской площадки, чтобы обеспечить комплексную спортивную инфраструктуру.;В отображаемом слое для проекта Проект территории Новознаменский показаны объекты типа «Спортивная площадка», расположенные в радиусе 50 м от объектов типа «Детская площадка».;1 - слой с объектами «Спортивная площадка», 2 - слой с объектами «Детская площадка», учитывающий буфер 50 м вокруг каждого объекта.;;857;Детская площадка, Спортивная площадка;;49;3;Детская площадка;Спортивная площадка;50
443;;Проект территории Новознаменский;642;Исходный;Выведи детские сады, которые находятся в пределах 50 м от автозаправки, учитывая потенциальный риск для детей.;В отображаемом слое для проекта Проект территории Новознаменский показаны объекты типа «Детский сад», расположенные в радиусе 50 м от объектов типа «Автозаправка».;1 - слой с объектами «Детский сад», 2 - слой с объектами «Автозаправка», учитывающий буфер 50 м вокруг каждого объекта.;;857;Автозаправка, Детский сад;;49;4;Автозаправка;Детский сад;50
444;;Проект территории Новознаменский;642;Исходный;Покажи детские сады, расположенные не далее чем 50 м от линии электропередачи, чтобы оценить электробезопасность.;В отображаемом слое для проекта Проект территории Новознаменский показаны объекты типа «Детский сад», расположенные в радиусе 50 м от объектов типа «Линия электропередачи».;1 - слой с объектами «Детский сад», 2 - слой с объектами «Линия электропередачи», учитывающий буфер 50 м вокруг каждого объекта.;;857;Детский сад;Линия электропередачи;49;5;Линия электропередачи;Детский сад;50
445;;Проект территории Новознаменский;642;Исходный;Сколько заправочных станций находятся в пределах 50 м от парковок, чтобы оптимизировать доступность топливных пунктов.;В отображаемом слое для проекта Проект территории Новознаменский показаны объекты типа «Заправочная станция», расположенные в радиусе 50 м от объектов типа «Парковка».;1 - слой с объектами «Заправочная станция», 2 - слой с объектами «Парковка», учитывающий буфер 50 м вокруг каждого объекта.;;857;;Парковка, Заправочная станция;49;6;Парковка;Заправочная станция;50
446;;Проект территории Новознаменский;642;Исходный;Проверь, какие линии электропередачи находятся в радиусе 150 м от театра, чтобы гарантировать безопасную электроснабжение.;В отображаемом слое для проекта Проект территории Новознаменский показаны объекты типа «Линия электропередачи», расположенные в радиусе 150 м от объектов типа «Театр».;1 - слой с объектами «Линия электропередачи», 2 - слой с объектами «Театр», учитывающий буфер 150 м вокруг каждого объекта.;;857;Театр;Линия электропередачи;49;7;Театр;Линия электропередачи;150
447;;Проект территории Новознаменский;642;Исходный;Найди заправочные станции, расположенные не далее чем 200 м от площадки для выгула собак, чтобы обеспечить доступ к топливу для владельцев.;В отображаемом слое для проекта Проект территории Новознаменский показаны объекты типа «Заправочная станция», расположенные в радиусе 200 м от объектов типа «Площадка для выгула собак».;1 - слой с объектами «Заправочная станция», 2 - слой с объектами «Площадка для выгула собак», учитывающий буфер 200 м вокруг каждого объекта.;;857;Площадка для выгула собак;Заправочная станция;49;8;Площадка для выгула собак;Заправочная станция;200
448;;Проект территории Новознаменский;642;Исходный;Определи, сколько детских площадок находятся в пределах 200 м от спортивной площадки, ведь это важно для семейных зон.;В отображаемом слое для проекта Проект территории Новознаменский показаны объекты типа «Детская площадка», расположенные в радиусе 200 м от объектов типа «Спортивная площадка».;1 - слой с объектами «Детская площадка», 2 - слой с объектами «Спортивная площадка», учитывающий буфер 200 м вокруг каждого объекта.;;857;Спортивная площадка, Детская площадка;;49;9;Спортивная площадка;Детская площадка;200
449;;"Проект г. Шуя для ДПО ""Мастер-планирование""";917;Исходный;Покажи, сколько стадионов находятся внутри радиуса 500 м от заправочной станции, поскольку в этом радиусе обеспечивается доступ к спортивным сооружениям.;"В отображаемом слое для проекта Проект г. Шуя для ДПО ""Мастер-планирование"" показаны объекты типа «Стадион», расположенные в радиусе 500 м от объектов типа «Заправочная станция».";1 - слой с объектами «Стадион», 2 - слой с объектами «Заправочная станция», учитывающий буфер 500 м вокруг каждого объекта.;;1390;Стадион;Заправочная станция;50;1;Заправочная станция;Стадион;500
450;;"Проект г. Шуя для ДПО ""Мастер-планирование""";917;Исходный;Определи, сколько торговых центров расположены не далее 500 м от региональной дороги, чтобы планировать транспортную инфраструктуру.;"В отображаемом слое для проекта Проект г. Шуя для ДПО ""Мастер-планирование"" показаны объекты типа «Торговый центр», расположенные в радиусе 500 м от объектов типа «Региональная дорога».";1 - слой с объектами «Торговый центр», 2 - слой с объектами «Региональная дорога», учитывающий буфер 500 м вокруг каждого объекта.;;1390;Торговый центр;Региональная дорога;50;2;Региональная дорога;Торговый центр;500
451;;"Проект г. Шуя для ДПО ""Мастер-планирование""";917;Исходный;Выведи пожарные станции, которые находятся внутри радиуса 100 м от религиозных объектов, поскольку это критично для быстрого реагирования.;"В отображаемом слое для проекта Проект г. Шуя для ДПО ""Мастер-планирование"" показаны объекты типа «Пожарная станция», расположенные в радиусе 100 м от объектов типа «Религиозный объект».";1 - слой с объектами «Пожарная станция», 2 - слой с объектами «Религиозный объект», учитывающий буфер 100 м вокруг каждого объекта.;;1390;Религиозный объект, Пожарная станция;;50;3;Религиозный объект;Пожарная станция;100
452;;"Проект г. Шуя для ДПО ""Мастер-планирование""";917;Исходный;Проверь, какие памятники расположены в пределах 150 м от парковок, чтобы гарантировать сохранность памятных сооружений.;"В отображаемом слое для проекта Проект г. Шуя для ДПО ""Мастер-планирование"" показаны объекты типа «Памятник», расположенные в радиусе 150 м от объектов типа «Парковка».";1 - слой с объектами «Памятник», 2 - слой с объектами «Парковка», учитывающий буфер 150 м вокруг каждого объекта.;;1390;;Парковка, Памятник;50;4;Парковка;Памятник;150
453;;"Проект г. Шуя для ДПО ""Мастер-планирование""";917;Исходный;Сколько средних специальных учебных заведений находится внутри 100 м от полицейского участка, для оценки безопасности образовательных учреждений.;"В отображаемом слое для проекта Проект г. Шуя для ДПО ""Мастер-планирование"" показаны объекты типа «Среднее специальное учебное заведение», расположенные в радиусе 100 м от объектов типа «Полицейский участок».";1 - слой с объектами «Среднее специальное учебное заведение», 2 - слой с объектами «Полицейский участок», учитывающий буфер 100 м вокруг каждого объекта.;;1390;Полицейский участок, Среднее специальное учебное заведение;;50;5;Полицейский участок;Среднее специальное учебное заведение;100
454;;"Проект г. Шуя для ДПО ""Мастер-планирование""";917;Исходный;Покажи, сколько заправочных станций находится в радиусе 500 м от бытовой техники, чтобы оптимизировать логистику поставок.;"В отображаемом слое для проекта Проект г. Шуя для ДПО ""Мастер-планирование"" показаны объекты типа «Заправочная станция», расположенные в радиусе 500 м от объектов типа «Бытовая техника».";1 - слой с объектами «Заправочная станция», 2 - слой с объектами «Бытовая техника», учитывающий буфер 500 м вокруг каждого объекта.;;1390;Бытовая техника;Заправочная станция;50;6;Бытовая техника;Заправочная станция;500
455;;"Проект г. Шуя для ДПО ""Мастер-планирование""";917;Исходный;Найди бытовые техники, которые расположены не далее 50 м от парковок, чтобы улучшить доступность для жителей.;"В отображаемом слое для проекта Проект г. Шуя для ДПО ""Мастер-планирование"" показаны объекты типа «Бытовая техника», расположенные в радиусе 50 м от объектов типа «Парковка».";1 - слой с объектами «Бытовая техника», 2 - слой с объектами «Парковка», учитывающий буфер 50 м вокруг каждого объекта.;;1390;Бытовая техника;Парковка;50;7;Парковка;Бытовая техника;50
456;;"Проект г. Шуя для ДПО ""Мастер-планирование""";917;Исходный;Выведи высшие учебные заведения, находящиеся внутри 150 м от спортивных площадок, учитывая влияние спорта на образовательный процесс.;"В отображаемом слое для проекта Проект г. Шуя для ДПО ""Мастер-планирование"" показаны объекты типа «Высшее учебное заведение», расположенные в радиусе 150 м от объектов типа «Спортивная площадка».";1 - слой с объектами «Высшее учебное заведение», 2 - слой с объектами «Спортивная площадка», учитывающий буфер 150 м вокруг каждого объекта.;;1390;Спортивная площадка, Высшее учебное заведение;;50;8;Спортивная площадка;Высшее учебное заведение;150
457;;"Проект г. Шуя для ДПО ""Мастер-планирование""";917;Исходный;Определи, сколько бытовых техник находится в пределах 200 м от пожарной станции, чтобы обеспечить их быструю доставку при чрезвычайных ситуациях.;"В отображаемом слое для проекта Проект г. Шуя для ДПО ""Мастер-планирование"" показаны объекты типа «Бытовая техника», расположенные в радиусе 200 м от объектов типа «Пожарная станция».";1 - слой с объектами «Бытовая техника», 2 - слой с объектами «Пожарная станция», учитывающий буфер 200 м вокруг каждого объекта.;;1390;Пожарная станция, Бытовая техника;;50;9;Пожарная станция;Бытовая техника;200
458;;"Проект г. Шуя для ДПО ""Мастер-планирование""";917;Исходный;Определи, сколько спортивных площадок находится внутри радиуса 300 м от региональной дороги, чтобы оценить доступность спортивных объектов.;"В отображаемом слое для проекта Проект г. Шуя для ДПО ""Мастер-планирование"" показаны объекты типа «Спортивная площадка», расположенные в радиусе 300 м от объектов типа «Региональная дорога».";1 - слой с объектами «Спортивная площадка», 2 - слой с объектами «Региональная дорога», учитывающий буфер 300 м вокруг каждого объекта.;;1390;Спортивная площадка;Региональная дорога;51;1;Региональная дорога;Спортивная площадка;300
459;;"Проект г. Шуя для ДПО ""Мастер-планирование""";917;Исходный;Покажи, сколько торговых центров находится внутри радиуса 200 м от полицейского участка, чтобы проверить соответствие норм безопасности.;"В отображаемом слое для проекта Проект г. Шуя для ДПО ""Мастер-планирование"" показаны объекты типа «Торговый центр», расположенные в радиусе 200 м от объектов типа «Полицейский участок».";1 - слой с объектами «Торговый центр», 2 - слой с объектами «Полицейский участок», учитывающий буфер 200 м вокруг каждого объекта.;;1390;Полицейский участок, Торговый центр;;51;2;Полицейский участок;Торговый центр;200
460;;"Проект г. Шуя для ДПО ""Мастер-планирование""";917;Исходный;Найди, сколько салонов красоты находится внутри радиуса 100 м от торгового центра, чтобы убедиться в плотности услуг.;"В отображаемом слое для проекта Проект г. Шуя для ДПО ""Мастер-планирование"" показаны объекты типа «Салон красоты», расположенные в радиусе 100 м от объектов типа «Торговый центр».";1 - слой с объектами «Салон красоты», 2 - слой с объектами «Торговый центр», учитывающий буфер 100 м вокруг каждого объекта.;;1390;Торговый центр, Салон красоты;;51;3;Торговый центр;Салон красоты;100
461;;"Проект г. Шуя для ДПО ""Мастер-планирование""";917;Исходный;Проверь, сколько торговых центров находится внутри радиуса 100 м от почтового отделения, чтобы определить конкуренцию.;"В отображаемом слое для проекта Проект г. Шуя для ДПО ""Мастер-планирование"" показаны объекты типа «Торговый центр», расположенные в радиусе 100 м от объектов типа «Почтовое отделение».";1 - слой с объектами «Торговый центр», 2 - слой с объектами «Почтовое отделение», учитывающий буфер 100 м вокруг каждого объекта.;;1390;Почтовое отделение, Торговый центр;;51;4;Почтовое отделение;Торговый центр;100
462;;"Проект г. Шуя для ДПО ""Мастер-планирование""";917;Исходный;Сколько музеев находится внутри радиуса 150 м от салона красоты, чтобы оценить культурный потенциал района.;"В отображаемом слое для проекта Проект г. Шуя для ДПО ""Мастер-планирование"" показаны объекты типа «Музей», расположенные в радиусе 150 м от объектов типа «Салон красоты».";1 - слой с объектами «Музей», 2 - слой с объектами «Салон красоты», учитывающий буфер 150 м вокруг каждого объекта.;;1390;Салон красоты, Музей;;51;5;Салон красоты;Музей;150
463;;"Проект г. Шуя для ДПО ""Мастер-планирование""";917;Исходный;Выведи, сколько детских садов находится внутри радиуса 100 м от высшего учебного заведения, чтобы понять совместимость образовательных объектов.;"В отображаемом слое для проекта Проект г. Шуя для ДПО ""Мастер-планирование"" показаны объекты типа «Детский сад», расположенные в радиусе 100 м от объектов типа «Высшее учебное заведение».";1 - слой с объектами «Детский сад», 2 - слой с объектами «Высшее учебное заведение», учитывающий буфер 100 м вокруг каждого объекта.;;1390;Высшее учебное заведение, Детский сад;;51;6;Высшее учебное заведение;Детский сад;100
464;;"Проект г. Шуя для ДПО ""Мастер-планирование""";917;Исходный;Считай, сколько нежилых зданий находится внутри радиуса 200 м от жилого дома, чтобы проверить соответствие норм.;"В отображаемом слое для проекта Проект г. Шуя для ДПО ""Мастер-планирование"" показаны объекты типа «Нежилое здание», расположенные в радиусе 200 м от объектов типа «Жилой дом».";1 - слой с объектами «Нежилое здание», 2 - слой с объектами «Жилой дом», учитывающий буфер 200 м вокруг каждого объекта.;;1390;;Жилой дом, Нежилое здание;51;7;Жилой дом;Нежилое здание;200
465;;"Проект г. Шуя для ДПО ""Мастер-планирование""";917;Исходный;Расчитай, сколько водонапорных башен находится внутри радиуса 300 м от региональной дороги, чтобы оценить инфраструктурные риски.;"В отображаемом слое для проекта Проект г. Шуя для ДПО ""Мастер-планирование"" показаны объекты типа «Водонапорная башня», расположенные в радиусе 300 м от объектов типа «Региональная дорога».";1 - слой с объектами «Водонапорная башня», 2 - слой с объектами «Региональная дорога», учитывающий буфер 300 м вокруг каждого объекта.;;1390;;Региональная дорога, Водонапорная башня;51;8;Региональная дорога;Водонапорная башня;300
466;;"Проект г. Шуя для ДПО ""Мастер-планирование""";917;Исходный;Подтверди, сколько музеев находится внутри радиуса 200 м от линии электропередачи, чтобы оценить воздействие электромагнитных полей.;"В отображаемом слое для проекта Проект г. Шуя для ДПО ""Мастер-планирование"" показаны объекты типа «Музей», расположенные в радиусе 200 м от объектов типа «Линия электропередачи».";1 - слой с объектами «Музей», 2 - слой с объектами «Линия электропередачи», учитывающий буфер 200 м вокруг каждого объекта.;;1390;Музей;Линия электропередачи;51;9;Линия электропередачи;Музей;200
467;;"Проект г. Шуя для ДПО ""Мастер-планирование""";917;Исходный;Покажи кладбища, находящиеся в пределах 150 м от зеленой зоны, чтобы оценить влияние на экологию.;"В отображаемом слое для проекта Проект г. Шуя для ДПО ""Мастер-планирование"" показаны объекты типа «Кладбище», расположенные в радиусе 150 м от объектов типа «Зеленая зона».";1 - слой с объектами «Кладбище», 2 - слой с объектами «Зеленая зона», учитывающий буфер 150 м вокруг каждого объекта.;;1390;Кладбище;Зеленая зона;52;1;Зеленая зона;Кладбище;150
468;;"Проект г. Шуя для ДПО ""Мастер-планирование""";917;Исходный;Найди продукты (магазин у дома) в 500 м от гостиницы, так как нужна информация о доступе к продовольствию.;"В отображаемом слое для проекта Проект г. Шуя для ДПО ""Мастер-планирование"" показаны объекты типа «Продукты (магазин у дома)», расположенные в радиусе 500 м от объектов типа «Гостиница».";1 - слой с объектами «Продукты (магазин у дома)», 2 - слой с объектами «Гостиница», учитывающий буфер 500 м вокруг каждого объекта.;;1390;Гостиница, Продукты (магазин у дома);;52;2;Гостиница;Продукты (магазин у дома);500
469;;"Проект г. Шуя для ДПО ""Мастер-планирование""";917;Исходный;Определи железнодорожные станции, которые находятся внутри радиуса 100 м от пункта выдачи, чтобы оценить транспортную доступность.;"В отображаемом слое для проекта Проект г. Шуя для ДПО ""Мастер-планирование"" показаны объекты типа «Железнодорожная станция», расположенные в радиусе 100 м от объектов типа «Пункт выдачи».";1 - слой с объектами «Железнодорожная станция», 2 - слой с объектами «Пункт выдачи», учитывающий буфер 100 м вокруг каждого объекта.;;1390;Пункт выдачи;Железнодорожная станция;52;3;Пункт выдачи;Железнодорожная станция;100
470;;"Проект г. Шуя для ДПО ""Мастер-планирование""";917;Исходный;Сколько линий электропередачи находятся в пределах 100 м от водонапорной башни, чтобы проверить электроснабжение.;"В отображаемом слое для проекта Проект г. Шуя для ДПО ""Мастер-планирование"" показаны объекты типа «Линия электропередачи», расположенные в радиусе 100 м от объектов типа «Водонапорная башня».";1 - слой с объектами «Линия электропередачи», 2 - слой с объектами «Водонапорная башня», учитывающий буфер 100 м вокруг каждого объекта.;;1390;;Водонапорная башня, Линия электропередачи;52;4;Водонапорная башня;Линия электропередачи;100
471;;"Проект г. Шуя для ДПО ""Мастер-планирование""";917;Исходный;Проверь гостиницы, расположенные не далее чем 50 м от зеленой зоны, чтобы убедиться в соблюдении зонирования.;"В отображаемом слое для проекта Проект г. Шуя для ДПО ""Мастер-планирование"" показаны объекты типа «Гостиница», расположенные в радиусе 50 м от объектов типа «Зеленая зона».";1 - слой с объектами «Гостиница», 2 - слой с объектами «Зеленая зона», учитывающий буфер 50 м вокруг каждого объекта.;;1390;Гостиница;Зеленая зона;52;5;Зеленая зона;Гостиница;50
472;;"Проект г. Шуя для ДПО ""Мастер-планирование""";917;Исходный;Выведи железнодорожные станции, которые находятся в пределах 50 м от музея, чтобы оценить близость культурных объектов.;"В отображаемом слое для проекта Проект г. Шуя для ДПО ""Мастер-планирование"" показаны объекты типа «Железнодорожная станция», расположенные в радиусе 50 м от объектов типа «Музей».";1 - слой с объектами «Железнодорожная станция», 2 - слой с объектами «Музей», учитывающий буфер 50 м вокруг каждого объекта.;;1390;Музей;Железнодорожная станция;52;6;Музей;Железнодорожная станция;50
473;;"Проект г. Шуя для ДПО ""Мастер-планирование""";917;Исходный;Узнай, сколько банкоматов находятся в пределах 100 м от полицейского участка, чтобы оценить финансовую безопасность.;"В отображаемом слое для проекта Проект г. Шуя для ДПО ""Мастер-планирование"" показаны объекты типа «Банкомат», расположенные в радиусе 100 м от объектов типа «Полицейский участок».";1 - слой с объектами «Банкомат», 2 - слой с объектами «Полицейский участок», учитывающий буфер 100 м вокруг каждого объекта.;;1390;Полицейский участок, Банкомат;;52;7;Полицейский участок;Банкомат;100
474;;"Проект г. Шуя для ДПО ""Мастер-планирование""";917;Исходный;Считай парковки, расположенные внутри радиуса 50 м от религиозного объекта, чтобы проверить доступность парковки.;"В отображаемом слое для проекта Проект г. Шуя для ДПО ""Мастер-планирование"" показаны объекты типа «Парковка», расположенные в радиусе 50 м от объектов типа «Религиозный объект».";1 - слой с объектами «Парковка», 2 - слой с объектами «Религиозный объект», учитывающий буфер 50 м вокруг каждого объекта.;;1390;Религиозный объект;Парковка;52;8;Религиозный объект;Парковка;50
475;;"Проект г. Шуя для ДПО ""Мастер-планирование""";917;Исходный;Оцени супермаркеты, которые находятся не далее чем 100 м от салона красоты, чтобы изучить коммерческое сосредоточение.;"В отображаемом слое для проекта Проект г. Шуя для ДПО ""Мастер-планирование"" показаны объекты типа «Супермаркет», расположенные в радиусе 100 м от объектов типа «Салон красоты».";1 - слой с объектами «Супермаркет», 2 - слой с объектами «Салон красоты», учитывающий буфер 100 м вокруг каждого объекта.;;1390;Салон красоты, Супермаркет;;52;9;Салон красоты;Супермаркет;100
476;;Проект территории Новознаменский;642;Исходный;Сколько зеленых зон находится в пределах 200 м от Парка?;В отображаемом слое для проекта Проект территории Новознаменский показаны объекты типа «Зеленая зона», расположенные в радиусе 200 м от объектов типа «Парк».;1 - слой с объектами «Зеленая зона», 2 - слой с объектами «Парк», учитывающий буфер 200 м вокруг каждого объекта.;;857;Парк;Зеленая зона;53;1;Парк;Зеленая зона;200
477;;Проект территории Новознаменский;642;Исходный;Покажи все остановки наземного транспорта, расположенные в радиусе 150 м от Автозаправки.;В отображаемом слое для проекта Проект территории Новознаменский показаны объекты типа «Остановка наземного транспорта», расположенные в радиусе 150 м от объектов типа «Автозаправка».;1 - слой с объектами «Остановка наземного транспорта», 2 - слой с объектами «Автозаправка», учитывающий буфер 150 м вокруг каждого объекта.;;857;Автозаправка;Остановка наземного транспорта;53;2;Автозаправка;Остановка наземного транспорта;150
478;;Проект территории Новознаменский;642;Исходный;Выведи скейт-парки, находящиеся не далее 100 м от Заправочной станции.;В отображаемом слое для проекта Проект территории Новознаменский показаны объекты типа «Скейт-парк», расположенные в радиусе 100 м от объектов типа «Заправочная станция».;1 - слой с объектами «Скейт-парк», 2 - слой с объектами «Заправочная станция», учитывающий буфер 100 м вокруг каждого объекта.;;857;Скейт-парк;Заправочная станция;53;3;Заправочная станция;Скейт-парк;100
479;;Проект территории Новознаменский;642;Исходный;Определи площадки, которые находятся в пределах 100 м от Парковки.;В отображаемом слое для проекта Проект территории Новознаменский показаны объекты типа «Площадка», расположенные в радиусе 100 м от объектов типа «Парковка».;1 - слой с объектами «Площадка», 2 - слой с объектами «Парковка», учитывающий буфер 100 м вокруг каждого объекта.;;857;;Парковка, Площадка;53;4;Парковка;Площадка;100
480;;Проект территории Новознаменский;642;Исходный;Найди спортивные площадки в радиусе 150 м от Рекреационной зоны.;В отображаемом слое для проекта Проект территории Новознаменский показаны объекты типа «Спортивная площадка», расположенные в радиусе 150 м от объектов типа «Рекреационная зона».;1 - слой с объектами «Спортивная площадка», 2 - слой с объектами «Рекреационная зона», учитывающий буфер 150 м вокруг каждого объекта.;;857;Спортивная площадка;Рекреационная зона;53;5;Рекреационная зона;Спортивная площадка;150
481;;Проект территории Новознаменский;642;Исходный;Проверь, сколько линий электропередачи находятся в пределах 500 м от Водонапорной башни.;В отображаемом слое для проекта Проект территории Новознаменский показаны объекты типа «Линия электропередачи», расположенные в радиусе 500 м от объектов типа «Водонапорная башня».;1 - слой с объектами «Линия электропередачи», 2 - слой с объектами «Водонапорная башня», учитывающий буфер 500 м вокруг каждого объекта.;;857;;Водонапорная башня, Линия электропередачи;53;6;Водонапорная башня;Линия электропередачи;500
482;;Проект территории Новознаменский;642;Исходный;Составь список рекреационных зон, находящихся в пределах 150 м от Федеральной дороги.;В отображаемом слое для проекта Проект территории Новознаменский показаны объекты типа «Рекреационная зона», расположенные в радиусе 150 м от объектов типа «Федеральная дорога».;1 - слой с объектами «Рекреационная зона», 2 - слой с объектами «Федеральная дорога», учитывающий буфер 150 м вокруг каждого объекта.;;857;;Федеральная дорога, Рекреационная зона;53;7;Федеральная дорога;Рекреационная зона;150
483;;Проект территории Новознаменский;642;Исходный;Подсчитай линии электропередачи, находящиеся в радиусе 50 м от Театра.;В отображаемом слое для проекта Проект территории Новознаменский показаны объекты типа «Линия электропередачи», расположенные в радиусе 50 м от объектов типа «Театр».;1 - слой с объектами «Линия электропередачи», 2 - слой с объектами «Театр», учитывающий буфер 50 м вокруг каждого объекта.;;857;Театр;Линия электропередачи;53;8;Театр;Линия электропередачи;50
484;;Проект территории Новознаменский;642;Исходный;Уточни зеленые зоны, расположенные в пределах 500 м от Детского сада.;В отображаемом слое для проекта Проект территории Новознаменский показаны объекты типа «Зеленая зона», расположенные в радиусе 500 м от объектов типа «Детский сад».;1 - слой с объектами «Зеленая зона», 2 - слой с объектами «Детский сад», учитывающий буфер 500 м вокруг каждого объекта.;;857;Детский сад;Зеленая зона;53;9;Детский сад;Зеленая зона;500
485;;Магдагачи;945;Исходный;Покажи, сколько объектов «Одежда и обувь» находятся внутри радиуса 150 м от детских садов, поскольку это необходимо для оценки доступности.;В отображаемом слое для проекта Магдагачи показаны объекты типа «Одежда и обувь», расположенные в радиусе 150 м от объектов типа «Детский сад».;1 - слой с объектами «Одежда и обувь», 2 - слой с объектами «Детский сад», учитывающий буфер 150 м вокруг каждого объекта.;;1440;Детский сад, Одежда и обувь;;54;1;Детский сад;Одежда и обувь;150
486;;Магдагачи;945;Исходный;Найди все детские сады, расположенные не далее чем в 500 м от жилых домов, чтобы определить потенциальные зоны детского развития.;В отображаемом слое для проекта Магдагачи показаны объекты типа «Детский сад», расположенные в радиусе 500 м от объектов типа «Жилой дом».;1 - слой с объектами «Детский сад», 2 - слой с объектами «Жилой дом», учитывающий буфер 500 м вокруг каждого объекта.;;1440;Детский сад;Жилой дом;54;2;Жилой дом;Детский сад;500
487;;Магдагачи;945;Исходный;Определи, сколько нежилых зданий находятся в пределах 200 м от банкоматов, чтобы оценить коммерческое окружение.;В отображаемом слое для проекта Магдагачи показаны объекты типа «Нежилое здание», расположенные в радиусе 200 м от объектов типа «Банкомат».;1 - слой с объектами «Нежилое здание», 2 - слой с объектами «Банкомат», учитывающий буфер 200 м вокруг каждого объекта.;;1440;Банкомат;Нежилое здание;54;3;Банкомат;Нежилое здание;200
488;;Магдагачи;945;Исходный;Проверь наличие нежилых зданий внутри радиуса 150 м от детских садов, так как это важно для планирования инфраструктуры.;В отображаемом слое для проекта Магдагачи показаны объекты типа «Нежилое здание», расположенные в радиусе 150 м от объектов типа «Детский сад».;1 - слой с объектами «Нежилое здание», 2 - слой с объектами «Детский сад», учитывающий буфер 150 м вокруг каждого объекта.;;1440;Детский сад;Нежилое здание;54;4;Детский сад;Нежилое здание;150
489;;Магдагачи;945;Исходный;Выведи количество жилых домов, находящихся не далее чем в 500 м от объектов «Одежда и обувь», чтобы понять доступность.;В отображаемом слое для проекта Магдагачи показаны объекты типа «Жилой дом», расположенные в радиусе 500 м от объектов типа «Одежда и обувь».;1 - слой с объектами «Жилой дом», 2 - слой с объектами «Одежда и обувь», учитывающий буфер 500 м вокруг каждого объекта.;;1440;Одежда и обувь;Жилой дом;54;5;Одежда и обувь;Жилой дом;500
490;;Магдагачи;945;Исходный;Сколько объектов «Одежда и обувь» расположены внутри радиуса 100 м от жилых домов? Это необходимо для оценки плотности.;В отображаемом слое для проекта Магдагачи показаны объекты типа «Одежда и обувь», расположенные в радиусе 100 м от объектов типа «Жилой дом».;1 - слой с объектами «Одежда и обувь», 2 - слой с объектами «Жилой дом», учитывающий буфер 100 м вокруг каждого объекта.;;1440;Одежда и обувь;Жилой дом;54;6;Жилой дом;Одежда и обувь;100
491;;Магдагачи;945;Исходный;Проверь, какие булочные находятся в пределах 50 м от детских садов, чтобы оценить удобство для детей.;В отображаемом слое для проекта Магдагачи показаны объекты типа «Булочная», расположенные в радиусе 50 м от объектов типа «Детский сад».;1 - слой с объектами «Булочная», 2 - слой с объектами «Детский сад», учитывающий буфер 50 м вокруг каждого объекта.;;1440;Детский сад, Булочная;;54;7;Детский сад;Булочная;50
492;;Магдагачи;945;Исходный;Найди детские сады, которые находятся не далее чем в 150 м от ресторанов, чтобы оценить зоны притяжения.;В отображаемом слое для проекта Магдагачи показаны объекты типа «Детский сад», расположенные в радиусе 150 м от объектов типа «Ресторан».;1 - слой с объектами «Детский сад», 2 - слой с объектами «Ресторан», учитывающий буфер 150 м вокруг каждого объекта.;;1440;Ресторан, Детский сад;;54;8;Ресторан;Детский сад;150
493;;Магдагачи;945;Исходный;Определи, сколько булочных находится внутри радиуса 300 м от объектов «Одежда и обувь», чтобы рассчитать доступность.;В отображаемом слое для проекта Магдагачи показаны объекты типа «Булочная», расположенные в радиусе 300 м от объектов типа «Одежда и обувь».;1 - слой с объектами «Булочная», 2 - слой с объектами «Одежда и обувь», учитывающий буфер 300 м вокруг каждого объекта.;;1440;Одежда и обувь, Булочная;;54;9;Одежда и обувь;Булочная;300
494;;Магдагачи;945;Исходный;Проверь, сколько школ находится внутри 150 м от ресторана.;В отображаемом слое для проекта Магдагачи показаны объекты типа «Школа», расположенные в радиусе 150 м от объектов типа «Ресторан».;1 - слой с объектами «Школа», 2 - слой с объектами «Ресторан», учитывающий буфер 150 м вокруг каждого объекта.;;1440;Ресторан, Школа;;55;1;Ресторан;Школа;150
495;;Магдагачи;945;Исходный;Определи, сколько ресторанов расположены в пределах 500 м от продуктов магазина у дома.;В отображаемом слое для проекта Магдагачи показаны объекты типа «Ресторан», расположенные в радиусе 500 м от объектов типа «Продукты (магазин у дома)».;1 - слой с объектами «Ресторан», 2 - слой с объектами «Продукты (магазин у дома)», учитывающий буфер 500 м вокруг каждого объекта.;;1440;Продукты (магазин у дома), Ресторан;;55;2;Продукты (магазин у дома);Ресторан;500
496;;Магдагачи;945;Исходный;Найди, какие булочные находятся не далее 300 м от банкомата.;В отображаемом слое для проекта Магдагачи показаны объекты типа «Булочная», расположенные в радиусе 300 м от объектов типа «Банкомат».;1 - слой с объектами «Булочная», 2 - слой с объектами «Банкомат», учитывающий буфер 300 м вокруг каждого объекта.;;1440;Банкомат, Булочная;;55;3;Банкомат;Булочная;300
497;;Магдагачи;945;Исходный;Покажи, сколько нежилых зданий находится в 100 м от жилого дома.;В отображаемом слое для проекта Магдагачи показаны объекты типа «Нежилое здание», расположенные в радиусе 100 м от объектов типа «Жилой дом».;1 - слой с объектами «Нежилое здание», 2 - слой с объектами «Жилой дом», учитывающий буфер 100 м вокруг каждого объекта.;;1440;;Жилой дом, Нежилое здание;55;4;Жилой дом;Нежилое здание;100
498;;Магдагачи;945;Исходный;Сколько булочных расположены внутри 500 м от жилого дома?;В отображаемом слое для проекта Магдагачи показаны объекты типа «Булочная», расположенные в радиусе 500 м от объектов типа «Жилой дом».;1 - слой с объектами «Булочная», 2 - слой с объектами «Жилой дом», учитывающий буфер 500 м вокруг каждого объекта.;;1440;Булочная;Жилой дом;55;5;Жилой дом;Булочная;500
499;;Магдагачи;945;Исходный;Выведи, сколько школ находится в пределах 300 м от жилого дома.;В отображаемом слое для проекта Магдагачи показаны объекты типа «Школа», расположенные в радиусе 300 м от объектов типа «Жилой дом».;1 - слой с объектами «Школа», 2 - слой с объектами «Жилой дом», учитывающий буфер 300 м вокруг каждого объекта.;;1440;Школа;Жилой дом;55;6;Жилой дом;Школа;300
500;;Магдагачи;945;Исходный;Узнай, какие жилые дома находятся не далее 200 м от детского сада.;В отображаемом слое для проекта Магдагачи показаны объекты типа «Жилой дом», расположенные в радиусе 200 м от объектов типа «Детский сад».;1 - слой с объектами «Жилой дом», 2 - слой с объектами «Детский сад», учитывающий буфер 200 м вокруг каждого объекта.;;1440;Детский сад;Жилой дом;55;7;Детский сад;Жилой дом;200
501;;Магдагачи;945;Исходный;Оцени, сколько школ находится внутри 200 м от детского сада.;В отображаемом слое для проекта Магдагачи показаны объекты типа «Школа», расположенные в радиусе 200 м от объектов типа «Детский сад».;1 - слой с объектами «Школа», 2 - слой с объектами «Детский сад», учитывающий буфер 200 м вокруг каждого объекта.;;1440;Детский сад, Школа;;55;8;Детский сад;Школа;200
502;;Магдагачи;945;Исходный;Считай, какие банкоматы находятся внутри 50 м от супермаркета.;В отображаемом слое для проекта Магдагачи показаны объекты типа «Банкомат», расположенные в радиусе 50 м от объектов типа «Супермаркет».;1 - слой с объектами «Банкомат», 2 - слой с объектами «Супермаркет», учитывающий буфер 50 м вокруг каждого объекта.;;1440;Супермаркет, Банкомат;;55;9;Супермаркет;Банкомат;50
503;;Отрадное_2;1097;Исходный;Проверь, сколько лесов находится в пределах 50 м от нежилых зданий, чтобы оценить влияние на экосистему.;В отображаемом слое для проекта Отрадное_2 показаны объекты типа «Лес», расположенные в радиусе 50 м от объектов типа «Нежилое здание».;1 - слой с объектами «Лес», 2 - слой с объектами «Нежилое здание», учитывающий буфер 50 м вокруг каждого объекта.;;1738;;Нежилое здание, Лес;56;1;Нежилое здание;Лес;50
504;;Отрадное_2;1097;Исходный;Определи, сколько озёр располагаются не далее чем 50 м от площадок, чтобы проверить зоны водоёмов.;В отображаемом слое для проекта Отрадное_2 показаны объекты типа «Озеро», расположенные в радиусе 50 м от объектов типа «Площадка».;1 - слой с объектами «Озеро», 2 - слой с объектами «Площадка», учитывающий буфер 50 м вокруг каждого объекта.;;1738;;Площадка, Озеро;56;2;Площадка;Озеро;50
505;;Отрадное_2;1097;Исходный;Найди, сколько площадок находятся внутри 200 м от жилых домов, поскольку это может влиять на доступ к инфраструктуре.;В отображаемом слое для проекта Отрадное_2 показаны объекты типа «Площадка», расположенные в радиусе 200 м от объектов типа «Жилой дом».;1 - слой с объектами «Площадка», 2 - слой с объектами «Жилой дом», учитывающий буфер 200 м вокруг каждого объекта.;;1738;;Жилой дом, Площадка;56;3;Жилой дом;Площадка;200
506;;Отрадное_2;1097;Исходный;Посчитай, сколько озёр расположены в пределах 500 м от нежилых зданий, чтобы оценить водные ресурсы.;В отображаемом слое для проекта Отрадное_2 показаны объекты типа «Озеро», расположенные в радиусе 500 м от объектов типа «Нежилое здание».;1 - слой с объектами «Озеро», 2 - слой с объектами «Нежилое здание», учитывающий буфер 500 м вокруг каждого объекта.;;1738;;Нежилое здание, Озеро;56;4;Нежилое здание;Озеро;500
507;;Отрадное_2;1097;Исходный;Выведи, сколько детских площадок находятся не далее чем 200 м от площадок, чтобы планировать новые зоны.;В отображаемом слое для проекта Отрадное_2 показаны объекты типа «Детская площадка», расположенные в радиусе 200 м от объектов типа «Площадка».;1 - слой с объектами «Детская площадка», 2 - слой с объектами «Площадка», учитывающий буфер 200 м вокруг каждого объекта.;;1738;Детская площадка;Площадка;56;5;Площадка;Детская площадка;200
508;;Отрадное_2;1097;Исходный;Покажи, сколько площадок находятся внутри 200 м от детских площадок, чтобы оценить удобство доступа.;В отображаемом слое для проекта Отрадное_2 показаны объекты типа «Площадка», расположенные в радиусе 200 м от объектов типа «Детская площадка».;1 - слой с объектами «Площадка», 2 - слой с объектами «Детская площадка», учитывающий буфер 200 м вокруг каждого объекта.;;1738;Детская площадка;Площадка;56;6;Детская площадка;Площадка;200
509;;Отрадное_2;1097;Исходный;Определи, сколько озёр расположены не далее чем 200 м от детских площадок, чтобы убедиться в безопасности.;В отображаемом слое для проекта Отрадное_2 показаны объекты типа «Озеро», расположенные в радиусе 200 м от объектов типа «Детская площадка».;1 - слой с объектами «Озеро», 2 - слой с объектами «Детская площадка», учитывающий буфер 200 м вокруг каждого объекта.;;1738;Детская площадка;Озеро;56;7;Детская площадка;Озеро;200
510;;Отрадное_2;1097;Исходный;Найди, сколько площадок находятся в пределах 500 м от нежилых зданий, чтобы оценить доступность общественных мест.;В отображаемом слое для проекта Отрадное_2 показаны объекты типа «Площадка», расположенные в радиусе 500 м от объектов типа «Нежилое здание».;1 - слой с объектами «Площадка», 2 - слой с объектами «Нежилое здание», учитывающий буфер 500 м вокруг каждого объекта.;;1738;;Нежилое здание, Площадка;56;8;Нежилое здание;Площадка;500
511;;Отрадное_2;1097;Исходный;Проверь, сколько жилых домов находятся не далее чем 300 м от лесов, чтобы оценить влияние на жилой район.;В отображаемом слое для проекта Отрадное_2 показаны объекты типа «Жилой дом», расположенные в радиусе 300 м от объектов типа «Лес».;1 - слой с объектами «Жилой дом», 2 - слой с объектами «Лес», учитывающий буфер 300 м вокруг каждого объекта.;;1738;;Лес, Жилой дом;56;9;Лес;Жилой дом;300
512;;Щеглово;1235;Исходный;Определи, сколько аэропортов находятся внутри радиуса 500 м от площадок, так как их присутствие влияет на развитие инфраструктуры.;В отображаемом слое для проекта Щеглово показаны объекты типа «Аэропорт», расположенные в радиусе 500 м от объектов типа «Площадка».;1 - слой с объектами «Аэропорт», 2 - слой с объектами «Площадка», учитывающий буфер 500 м вокруг каждого объекта.;;5021;Аэропорт;Площадка;57;1;Площадка;Аэропорт;500
513;;Щеглово;1235;Исходный;Покажи, сколько салонов красоты расположены в пределах 50 м от спортивных залов, чтобы оценить потенциал зональных услуг.;В отображаемом слое для проекта Щеглово показаны объекты типа «Салон красоты», расположенные в радиусе 50 м от объектов типа «Спортивный зал».;1 - слой с объектами «Салон красоты», 2 - слой с объектами «Спортивный зал», учитывающий буфер 50 м вокруг каждого объекта.;;5021;Спортивный зал, Салон красоты;;57;2;Спортивный зал;Салон красоты;50
514;;Щеглово;1235;Исходный;Выведи, сколько почтовых отделений расположены внутри радиуса 300 м от религиозных объектов, чтобы оценить доступность сервисов.;В отображаемом слое для проекта Щеглово показаны объекты типа «Почтовое отделение», расположенные в радиусе 300 м от объектов типа «Религиозный объект».;1 - слой с объектами «Почтовое отделение», 2 - слой с объектами «Религиозный объект», учитывающий буфер 300 м вокруг каждого объекта.;;5021;Религиозный объект, Почтовое отделение;;57;4;Религиозный объект;Почтовое отделение;300
515;;Щеглово;1235;Исходный;Проверь, сколько жилых домов расположены в пределах 100 м от почтового отделения, чтобы оценить доступность.;В отображаемом слое для проекта Щеглово показаны объекты типа «Жилой дом», расположенные в радиусе 100 м от объектов типа «Почтовое отделение».;1 - слой с объектами «Жилой дом», 2 - слой с объектами «Почтовое отделение», учитывающий буфер 100 м вокруг каждого объекта.;;5021;Почтовое отделение;Жилой дом;57;5;Почтовое отделение;Жилой дом;100
516;;Щеглово;1235;Исходный;Считай, сколько почтовых отделений расположены внутри радиуса 150 м от аэропортов, чтобы оценить логистическую доступность.;В отображаемом слое для проекта Щеглово показаны объекты типа «Почтовое отделение», расположенные в радиусе 150 м от объектов типа «Аэропорт».;1 - слой с объектами «Почтовое отделение», 2 - слой с объектами «Аэропорт», учитывающий буфер 150 м вокруг каждого объекта.;;5021;Аэропорт, Почтовое отделение;;57;6;Аэропорт;Почтовое отделение;150
517;;Щеглово;1235;Исходный;Оцени, сколько детских площадок находятся в пределах 50 м от отделений банка, чтобы понять зоны семейного отдыха.;В отображаемом слое для проекта Щеглово показаны объекты типа «Детская площадка», расположенные в радиусе 50 м от объектов типа «Отделение банка».;1 - слой с объектами «Детская площадка», 2 - слой с объектами «Отделение банка», учитывающий буфер 50 м вокруг каждого объекта.;;5021;Отделение банка, Детская площадка;;57;7;Отделение банка;Детская площадка;50
518;;Щеглово;1235;Исходный;Сравни, сколько местных дорог расположены внутри радиуса 50 м от библиотек, чтобы проанализировать транспортную доступность.;В отображаемом слое для проекта Щеглово показаны объекты типа «Местная дорога», расположенные в радиусе 50 м от объектов типа «Библиотека».;1 - слой с объектами «Местная дорога», 2 - слой с объектами «Библиотека», учитывающий буфер 50 м вокруг каждого объекта.;;5021;Библиотека;Местная дорога;57;9;Библиотека;Местная дорога;50
519;;Щеглово;1235;Исходный;Покажи, сколько нежилых зданий находится в пределах 150 м от спортивной площадки, чтобы оценить доступность объектов.;В отображаемом слое для проекта Щеглово показаны объекты типа «Нежилое здание», расположенные в радиусе 150 м от объектов типа «Спортивная площадка».;1 - слой с объектами «Нежилое здание», 2 - слой с объектами «Спортивная площадка», учитывающий буфер 150 м вокруг каждого объекта.;;5021;Спортивная площадка;Нежилое здание;58;1;Спортивная площадка;Нежилое здание;150
520;;Щеглово;1235;Исходный;Найди все рекреационные зоны, которые расположены не далее чем 300 м от остановки наземного транспорта, чтобы понять поток посетителей.;В отображаемом слое для проекта Щеглово показаны объекты типа «Рекреационная зона», расположенные в радиусе 300 м от объектов типа «Остановка наземного транспорта».;1 - слой с объектами «Рекреационная зона», 2 - слой с объектами «Остановка наземного транспорта», учитывающий буфер 300 м вокруг каждого объекта.;;5021;;Остановка наземного транспорта, Рекреационная зона;58;2;Остановка наземного транспорта;Рекреационная зона;300
521;;Щеглово;1235;Исходный;Определи, сколько остановок наземного общественного транспорта находится в пределах 200 м от стоматологической клиники, чтобы спланировать маршрут пациента.;В отображаемом слое для проекта Щеглово показаны объекты типа «Остановка наземного общественного транспорта», расположенные в радиусе 200 м от объектов типа «Стоматологическая клиника».;1 - слой с объектами «Остановка наземного общественного транспорта», 2 - слой с объектами «Стоматологическая клиника», учитывающий буфер 200 м вокруг каждого объекта.;;5021;Стоматологическая клиника, Остановка наземного общественного транспорта;;58;3;Стоматологическая клиника;Остановка наземного общественного транспорта;200
522;;Щеглово;1235;Исходный;Проверь, находятся ли площадки не далее чем 50 м от леса, поскольку близость повышает экологическую ценность.;В отображаемом слое для проекта Щеглово показаны объекты типа «Площадка», расположенные в радиусе 50 м от объектов типа «Лес».;1 - слой с объектами «Площадка», 2 - слой с объектами «Лес», учитывающий буфер 50 м вокруг каждого объекта.;;5021;;Лес, Площадка;58;4;Лес;Площадка;50
523;;Щеглово;1235;Исходный;Выведи список местных дорог, расположенных не далее чем 150 м от промышленной территории, для оценки транспортной нагрузки.;В отображаемом слое для проекта Щеглово показаны объекты типа «Местная дорога», расположенные в радиусе 150 м от объектов типа «Промышленная территория».;1 - слой с объектами «Местная дорога», 2 - слой с объектами «Промышленная территория», учитывающий буфер 150 м вокруг каждого объекта.;;5021;;Промышленная территория, Местная дорога;58;5;Промышленная территория;Местная дорога;150
524;;Щеглово;1235;Исходный;Уточни, сколько промышленных территорий находится внутри радиуса 50 м от региональной дороги, чтобы оценить влияние на транспортную систему.;В отображаемом слое для проекта Щеглово показаны объекты типа «Промышленная территория», расположенные в радиусе 50 м от объектов типа «Региональная дорога».;1 - слой с объектами «Промышленная территория», 2 - слой с объектами «Региональная дорога», учитывающий буфер 50 м вокруг каждого объекта.;;5021;;Региональная дорога, Промышленная территория;58;6;Региональная дорога;Промышленная территория;50
525;;Щеглово;1235;Исходный;Посчитай, сколько супермаркетов расположены в пределах 100 м от кладбища, чтобы проверить доступность.;В отображаемом слое для проекта Щеглово показаны объекты типа «Супермаркет», расположенные в радиусе 100 м от объектов типа «Кладбище».;1 - слой с объектами «Супермаркет», 2 - слой с объектами «Кладбище», учитывающий буфер 100 м вокруг каждого объекта.;;5021;Супермаркет;Кладбище;58;7;Кладбище;Супермаркет;100
526;;Щеглово;1235;Исходный;Уточни, сколько детских площадок находится не далее чем 50 м от пункта выдачи, поскольку это важно для удобства клиентов.;В отображаемом слое для проекта Щеглово показаны объекты типа «Детская площадка», расположенные в радиусе 50 м от объектов типа «Пункт выдачи».;1 - слой с объектами «Детская площадка», 2 - слой с объектами «Пункт выдачи», учитывающий буфер 50 м вокруг каждого объекта.;;5021;Пункт выдачи, Детская площадка;;58;8;Пункт выдачи;Детская площадка;50
527;;Щеглово;1235;Исходный;Проверь, сколько детских садов находится в пределах 150 м от библиотеки, чтобы оценить поток семей.;В отображаемом слое для проекта Щеглово показаны объекты типа «Детский сад», расположенные в радиусе 150 м от объектов типа «Библиотека».;1 - слой с объектами «Детский сад», 2 - слой с объектами «Библиотека», учитывающий буфер 150 м вокруг каждого объекта.;;5021;Библиотека, Детский сад;;58;9;Библиотека;Детский сад;150
528;;Щеглово;1235;Исходный;Определи, сколько детских садов находится в пределах 200 м от местной дороги.;В отображаемом слое для проекта Щеглово показаны объекты типа «Детский сад», расположенные в радиусе 200 м от объектов типа «Местная дорога».;1 - слой с объектами «Детский сад», 2 - слой с объектами «Местная дорога», учитывающий буфер 200 м вокруг каждого объекта.;;5021;Детский сад;Местная дорога;59;1;Местная дорога;Детский сад;200
529;;Щеглово;1235;Исходный;Покажи, сколько банкоматов расположены внутри радиуса 500 м от промышленной территории.;В отображаемом слое для проекта Щеглово показаны объекты типа «Банкомат», расположенные в радиусе 500 м от объектов типа «Промышленная территория».;1 - слой с объектами «Банкомат», 2 - слой с объектами «Промышленная территория», учитывающий буфер 500 м вокруг каждого объекта.;;5021;Банкомат;Промышленная территория;59;2;Промышленная территория;Банкомат;500
530;;Щеглово;1235;Исходный;Подсчитай, сколько почтовых отделений находится не далее чем 50 м от жилого дома.;В отображаемом слое для проекта Щеглово показаны объекты типа «Почтовое отделение», расположенные в радиусе 50 м от объектов типа «Жилой дом».;1 - слой с объектами «Почтовое отделение», 2 - слой с объектами «Жилой дом», учитывающий буфер 50 м вокруг каждого объекта.;;5021;Почтовое отделение;Жилой дом;59;3;Жилой дом;Почтовое отделение;50
531;;Щеглово;1235;Исходный;Найди парикмахерские, которые находятся в пределах 200 м от леса.;В отображаемом слое для проекта Щеглово показаны объекты типа «Парикмахер», расположенные в радиусе 200 м от объектов типа «Лес».;1 - слой с объектами «Парикмахер», 2 - слой с объектами «Лес», учитывающий буфер 200 м вокруг каждого объекта.;;5021;Парикмахер;Лес;59;4;Лес;Парикмахер;200
532;;Щеглово;1235;Исходный;Проверь, сколько аэропортов находится внутри радиуса 100 м от жилого дома.;В отображаемом слое для проекта Щеглово показаны объекты типа «Аэропорт», расположенные в радиусе 100 м от объектов типа «Жилой дом».;1 - слой с объектами «Аэропорт», 2 - слой с объектами «Жилой дом», учитывающий буфер 100 м вокруг каждого объекта.;;5021;Аэропорт;Жилой дом;59;5;Жилой дом;Аэропорт;100
533;;Щеглово;1235;Исходный;Оцени, сколько остановок наземного общественного транспорта находится в пределах 200 м от салона красоты.;В отображаемом слое для проекта Щеглово показаны объекты типа «Остановка наземного общественного транспорта», расположенные в радиусе 200 м от объектов типа «Салон красоты».;1 - слой с объектами «Остановка наземного общественного транспорта», 2 - слой с объектами «Салон красоты», учитывающий буфер 200 м вокруг каждого объекта.;;5021;Салон красоты, Остановка наземного общественного транспорта;;59;6;Салон красоты;Остановка наземного общественного транспорта;200
534;;Щеглово;1235;Исходный;Уточни, сколько школ находится не далее чем 500 м от нежилого здания.;В отображаемом слое для проекта Щеглово показаны объекты типа «Школа», расположенные в радиусе 500 м от объектов типа «Нежилое здание».;1 - слой с объектами «Школа», 2 - слой с объектами «Нежилое здание», учитывающий буфер 500 м вокруг каждого объекта.;;5021;Школа;Нежилое здание;59;7;Нежилое здание;Школа;500
535;;Щеглово;1235;Исходный;Выведи, сколько травяных покрытий находится внутри радиуса 500 м от площадки.;В отображаемом слое для проекта Щеглово показаны объекты типа «Травяное покрытие», расположенные в радиусе 500 м от объектов типа «Площадка».;1 - слой с объектами «Травяное покрытие», 2 - слой с объектами «Площадка», учитывающий буфер 500 м вокруг каждого объекта.;;5021;;Площадка, Травяное покрытие;59;8;Площадка;Травяное покрытие;500
536;;Щеглово;1235;Исходный;Считай, сколько стоматологических клиник находится в пределах 50 м от местной дороги.;В отображаемом слое для проекта Щеглово показаны объекты типа «Стоматологическая клиника», расположенные в радиусе 50 м от объектов типа «Местная дорога».;1 - слой с объектами «Стоматологическая клиника», 2 - слой с объектами «Местная дорога», учитывающий буфер 50 м вокруг каждого объекта.;;5021;Стоматологическая клиника;Местная дорога;59;9;Местная дорога;Стоматологическая клиника;50
537;;Щеглово;1235;Исходный;Покажи, какие реки находятся в пределах 200 м от спортивной площадки, так как это может повлиять на безопасность.;В отображаемом слое для проекта Щеглово показаны объекты типа «Река», расположенные в радиусе 200 м от объектов типа «Спортивная площадка».;1 - слой с объектами «Река», 2 - слой с объектами «Спортивная площадка», учитывающий буфер 200 м вокруг каждого объекта.;;5021;Спортивная площадка;Река;60;1;Спортивная площадка;Река;200
538;;Щеглово;1235;Исходный;Найди стоматологические клиники, расположенные не далее чем 200 м от почтового отделения, чтобы оценить доступность услуг.;В отображаемом слое для проекта Щеглово показаны объекты типа «Стоматологическая клиника», расположенные в радиусе 200 м от объектов типа «Почтовое отделение».;1 - слой с объектами «Стоматологическая клиника», 2 - слой с объектами «Почтовое отделение», учитывающий буфер 200 м вокруг каждого объекта.;;5021;Почтовое отделение, Стоматологическая клиника;;60;2;Почтовое отделение;Стоматологическая клиника;200
539;;Щеглово;1235;Исходный;Определи, находятся ли детские сады в пределах 50 м от остановки наземного транспорта, поскольку это влияет на поток детей.;В отображаемом слое для проекта Щеглово показаны объекты типа «Детский сад», расположенные в радиусе 50 м от объектов типа «Остановка наземного транспорта».;1 - слой с объектами «Детский сад», 2 - слой с объектами «Остановка наземного транспорта», учитывающий буфер 50 м вокруг каждого объекта.;;5021;Детский сад;Остановка наземного транспорта;60;3;Остановка наземного транспорта;Детский сад;50
540;;Щеглово;1235;Исходный;Сколько остановок наземного транспорта находится в пределах 50 м от спортивной площадки, чтобы проверить транспортную доступность.;В отображаемом слое для проекта Щеглово показаны объекты типа «Остановка наземного транспорта», расположенные в радиусе 50 м от объектов типа «Спортивная площадка».;1 - слой с объектами «Остановка наземного транспорта», 2 - слой с объектами «Спортивная площадка», учитывающий буфер 50 м вокруг каждого объекта.;;5021;Спортивная площадка;Остановка наземного транспорта;60;4;Спортивная площадка;Остановка наземного транспорта;50
541;;Щеглово;1235;Исходный;Проверь, находятся ли парки в пределах 200 м от остановки наземного общественного транспорта, чтобы улучшить планирование зеленых зон.;В отображаемом слое для проекта Щеглово показаны объекты типа «Парк», расположенные в радиусе 200 м от объектов типа «Остановка наземного общественного транспорта».;1 - слой с объектами «Парк», 2 - слой с объектами «Остановка наземного общественного транспорта», учитывающий буфер 200 м вокруг каждого объекта.;;5021;Остановка наземного общественного транспорта, Парк;;60;5;Остановка наземного общественного транспорта;Парк;200
542;;Щеглово;1235;Исходный;Выведи спортивные площадки, расположенные не далее чем 500 м от отделения банка, чтобы определить зоны активности.;В отображаемом слое для проекта Щеглово показаны объекты типа «Спортивная площадка», расположенные в радиусе 500 м от объектов типа «Отделение банка».;1 - слой с объектами «Спортивная площадка», 2 - слой с объектами «Отделение банка», учитывающий буфер 500 м вокруг каждого объекта.;;5021;Отделение банка, Спортивная площадка;;60;6;Отделение банка;Спортивная площадка;500
543;;Щеглово;1235;Исходный;Считай, сколько булочных находится в пределах 200 м от стоматологической клиники, чтобы оценить удобство для пациентов.;В отображаемом слое для проекта Щеглово показаны объекты типа «Булочная», расположенные в радиусе 200 м от объектов типа «Стоматологическая клиника».;1 - слой с объектами «Булочная», 2 - слой с объектами «Стоматологическая клиника», учитывающий буфер 200 м вокруг каждого объекта.;;5021;Стоматологическая клиника, Булочная;;60;7;Стоматологическая клиника;Булочная;200
544;;Щеглово;1235;Исходный;Покажи, находятся ли жилые дома в пределах 150 м от школы, поскольку это важно для оценки плотности населения.;В отображаемом слое для проекта Щеглово показаны объекты типа «Жилой дом», расположенные в радиусе 150 м от объектов типа «Школа».;1 - слой с объектами «Жилой дом», 2 - слой с объектами «Школа», учитывающий буфер 150 м вокруг каждого объекта.;;5021;Школа;Жилой дом;60;8;Школа;Жилой дом;150
545;;Щеглово;1235;Исходный;Уточни, находятся ли религиозные объекты не далее чем 150 м от промышленной территории, чтобы соблюсти требования по звукоизоляции.;В отображаемом слое для проекта Щеглово показаны объекты типа «Религиозный объект», расположенные в радиусе 150 м от объектов типа «Промышленная территория».;1 - слой с объектами «Религиозный объект», 2 - слой с объектами «Промышленная территория», учитывающий буфер 150 м вокруг каждого объекта.;;5021;Религиозный объект;Промышленная территория;60;9;Промышленная территория;Религиозный объект;150
546;;Город Урай;1359;Исходный;Покажи, сколько зоомагазинов находятся внутри радиуса 100 м от школы, чтобы проверить доступность.;В отображаемом слое для проекта Город Урай показаны объекты типа «Зоомагазин», расположенные в радиусе 100 м от объектов типа «Школа».;1 - слой с объектами «Зоомагазин», 2 - слой с объектами «Школа», учитывающий буфер 100 м вокруг каждого объекта.;;10068;Школа, Зоомагазин;;61;1;Школа;Зоомагазин;100
547;;Город Урай;1359;Исходный;Найди поликлиники, расположенные в пределах 500 м от остановки наземного транспорта, чтобы оценить транспортную доступность.;В отображаемом слое для проекта Город Урай показаны объекты типа «Поликлиника», расположенные в радиусе 500 м от объектов типа «Остановка наземного транспорта».;1 - слой с объектами «Поликлиника», 2 - слой с объектами «Остановка наземного транспорта», учитывающий буфер 500 м вокруг каждого объекта.;;10068;Поликлиника;Остановка наземного транспорта;61;2;Остановка наземного транспорта;Поликлиника;500
548;;Город Урай;1359;Исходный;Определи промышленные территории, которые находятся не далее чем в 50 м от необрабатываемого поля, для оценки зональной совместимости.;В отображаемом слое для проекта Город Урай показаны объекты типа «Промышленная территория», расположенные в радиусе 50 м от объектов типа «Необрабатываемое поле».;1 - слой с объектами «Промышленная территория», 2 - слой с объектами «Необрабатываемое поле», учитывающий буфер 50 м вокруг каждого объекта.;;10068;;Необрабатываемое поле, Промышленная территория;61;3;Необрабатываемое поле;Промышленная территория;50
549;;Город Урай;1359;Исходный;Сколько торговых центров находятся внутри 100 м от школы, чтобы понять влияние на поток людей.;В отображаемом слое для проекта Город Урай показаны объекты типа «Торговый центр», расположенные в радиусе 100 м от объектов типа «Школа».;1 - слой с объектами «Торговый центр», 2 - слой с объектами «Школа», учитывающий буфер 100 м вокруг каждого объекта.;;10068;Школа, Торговый центр;;61;4;Школа;Торговый центр;100
550;;Город Урай;1359;Исходный;Проверь площадки для выгула собак, расположенные в пределах 500 м от порта, чтобы обеспечить услуги для жителей.;В отображаемом слое для проекта Город Урай показаны объекты типа «Площадка для выгула собак», расположенные в радиусе 500 м от объектов типа «Порт».;1 - слой с объектами «Площадка для выгула собак», 2 - слой с объектами «Порт», учитывающий буфер 500 м вокруг каждого объекта.;;10068;Площадка для выгула собак;Порт;61;5;Порт;Площадка для выгула собак;500
551;;Город Урай;1359;Исходный;Выведи пожарные станции, расположенные внутри радиуса 150 м от озера, для оценки пожарной безопасности.;В отображаемом слое для проекта Город Урай показаны объекты типа «Пожарная станция», расположенные в радиусе 150 м от объектов типа «Озеро».;1 - слой с объектами «Пожарная станция», 2 - слой с объектами «Озеро», учитывающий буфер 150 м вокруг каждого объекта.;;10068;Пожарная станция;Озеро;61;6;Озеро;Пожарная станция;150
552;;Город Урай;1359;Исходный;Сколько детских садов находятся не далее чем в 150 м от спортивной площадки, чтобы планировать детские услуги.;В отображаемом слое для проекта Город Урай показаны объекты типа «Детский сад», расположенные в радиусе 150 м от объектов типа «Спортивная площадка».;1 - слой с объектами «Детский сад», 2 - слой с объектами «Спортивная площадка», учитывающий буфер 150 м вокруг каждого объекта.;;10068;Спортивная площадка, Детский сад;;61;7;Спортивная площадка;Детский сад;150
553;;Город Урай;1359;Исходный;Найди школы, которые находятся внутри 300 м от дома детского творчества, чтобы оценить взаимосвязь.;В отображаемом слое для проекта Город Урай показаны объекты типа «Школа», расположенные в радиусе 300 м от объектов типа «Дом детского творчества».;1 - слой с объектами «Школа», 2 - слой с объектами «Дом детского творчества», учитывающий буфер 300 м вокруг каждого объекта.;;10068;Дом детского творчества, Школа;;61;8;Дом детского творчества;Школа;300
554;;Город Урай;1359;Исходный;Покажи жилые дома, расположенные в пределах 100 м от супермаркета, чтобы оценить удобство для жильцов.;В отображаемом слое для проекта Город Урай показаны объекты типа «Жилой дом», расположенные в радиусе 100 м от объектов типа «Супермаркет».;1 - слой с объектами «Жилой дом», 2 - слой с объектами «Супермаркет», учитывающий буфер 100 м вокруг каждого объекта.;;10068;Супермаркет;Жилой дом;61;9;Супермаркет;Жилой дом;100
555;;Город Урай;1359;Исходный;Покажи количество религиозных объектов, находящихся внутри радиуса 100 м от поликлиники, чтобы оценить доступность духовных услуг для пациентов.;В отображаемом слое для проекта Город Урай показаны объекты типа «Религиозный объект», расположенные в радиусе 100 м от объектов типа «Поликлиника».;1 - слой с объектами «Религиозный объект», 2 - слой с объектами «Поликлиника», учитывающий буфер 100 м вокруг каждого объекта.;;10068;Поликлиника, Религиозный объект;;62;1;Поликлиника;Религиозный объект;100
556;;Город Урай;1359;Исходный;Определи, сколько сетей водоснабжения находятся в пределах 150 м от стоматологической клиники, чтобы гарантировать надёжный водообеспечени.;В отображаемом слое для проекта Город Урай показаны объекты типа «Сеть водоснабжения», расположенные в радиусе 150 м от объектов типа «Стоматологическая клиника».;1 - слой с объектами «Сеть водоснабжения», 2 - слой с объектами «Стоматологическая клиника», учитывающий буфер 150 м вокруг каждого объекта.;;10068;Стоматологическая клиника;Сеть водоснабжения;62;2;Стоматологическая клиника;Сеть водоснабжения;150
557;;Город Урай;1359;Исходный;Выведи список домов детского творчества, расположенных не далее чем 100 м от бассейна, чтобы учесть возможности совместных мероприятий.;В отображаемом слое для проекта Город Урай показаны объекты типа «Дом детского творчества», расположенные в радиусе 100 м от объектов типа «Бассейн».;1 - слой с объектами «Дом детского творчества», 2 - слой с объектами «Бассейн», учитывающий буфер 100 м вокруг каждого объекта.;;10068;Бассейн, Дом детского творчества;;62;3;Бассейн;Дом детского творчества;100
558;;Город Урай;1359;Исходный;Найди религиозные объекты, которые находятся внутри радиуса 100 м от памятника, чтобы понять их взаимосвязь.;В отображаемом слое для проекта Город Урай показаны объекты типа «Религиозный объект», расположенные в радиусе 100 м от объектов типа «Памятник».;1 - слой с объектами «Религиозный объект», 2 - слой с объектами «Памятник», учитывающий буфер 100 м вокруг каждого объекта.;;10068;Религиозный объект;Памятник;62;4;Памятник;Религиозный объект;100
559;;Город Урай;1359;Исходный;Проверь, сколько необрабатываемых полей расположены в пределах 500 м от парка, чтобы оценить возможное загрязнение.;В отображаемом слое для проекта Город Урай показаны объекты типа «Необрабатываемое поле», расположенные в радиусе 500 м от объектов типа «Парк».;1 - слой с объектами «Необрабатываемое поле», 2 - слой с объектами «Парк», учитывающий буфер 500 м вокруг каждого объекта.;;10068;Парк;Необрабатываемое поле;62;5;Парк;Необрабатываемое поле;500
560;;Город Урай;1359;Исходный;Сколько больниц находятся не далее чем 50 м от пожарной станции, чтобы оценить доступность медицинской помощи в экстренных ситуациях.;В отображаемом слое для проекта Город Урай показаны объекты типа «Больница», расположенные в радиусе 50 м от объектов типа «Пожарная станция».;1 - слой с объектами «Больница», 2 - слой с объектами «Пожарная станция», учитывающий буфер 50 м вокруг каждого объекта.;;10068;Пожарная станция, Больница;;62;6;Пожарная станция;Больница;50
561;;Город Урай;1359;Исходный;Покажи бассейны, которые находятся внутри радиуса 500 м от сети водоснабжения, чтобы убедиться в покрытии водоснабжением.;В отображаемом слое для проекта Город Урай показаны объекты типа «Бассейн», расположенные в радиусе 500 м от объектов типа «Сеть водоснабжения».;1 - слой с объектами «Бассейн», 2 - слой с объектами «Сеть водоснабжения», учитывающий буфер 500 м вокруг каждого объекта.;;10068;Бассейн;Сеть водоснабжения;62;7;Сеть водоснабжения;Бассейн;500
562;;Город Урай;1359;Исходный;Определи гостиницы, расположенные в пределах 100 м от стоматологической клиники, чтобы оценить удобство проживания для пациентов.;В отображаемом слое для проекта Город Урай показаны объекты типа «Гостиница», расположенные в радиусе 100 м от объектов типа «Стоматологическая клиника».;1 - слой с объектами «Гостиница», 2 - слой с объектами «Стоматологическая клиника», учитывающий буфер 100 м вокруг каждого объекта.;;10068;Стоматологическая клиника, Гостиница;;62;8;Стоматологическая клиника;Гостиница;100
563;;Город Урай;1359;Исходный;Найди остановки наземного транспорта, которые находятся не далее чем 200 м от сети водоснабжения, чтобы улучшить планировку маршрутов.;В отображаемом слое для проекта Город Урай показаны объекты типа «Остановка наземного транспорта», расположенные в радиусе 200 м от объектов типа «Сеть водоснабжения».;1 - слой с объектами «Остановка наземного транспорта», 2 - слой с объектами «Сеть водоснабжения», учитывающий буфер 200 м вокруг каждого объекта.;;10068;;Сеть водоснабжения, Остановка наземного транспорта;62;9;Сеть водоснабжения;Остановка наземного транспорта;200
564;;Город Урай;1359;Исходный;"Найди остановки наземного транспорта, расположенные внутри радиуса 500 м от зоомагазина; такая близость облегчает доступ покупателей к транспорту.";В отображаемом слое для проекта Город Урай показаны объекты типа «Остановка наземного транспорта», расположенные в радиусе 500 м от объектов типа «Зоомагазин».;1 - слой с объектами «Остановка наземного транспорта», 2 - слой с объектами «Зоомагазин», учитывающий буфер 500 м вокруг каждого объекта.;;10068;Зоомагазин;Остановка наземного транспорта;63;1;Зоомагазин;Остановка наземного транспорта;500
565;;Город Урай;1359;Исходный;"Определи аптеки, находящиеся в пределах 200 м от водного объекта; это повышает уровень здравоохранения в районе.";В отображаемом слое для проекта Город Урай показаны объекты типа «Аптека», расположенные в радиусе 200 м от объектов типа «Водный объект».;1 - слой с объектами «Аптека», 2 - слой с объектами «Водный объект», учитывающий буфер 200 м вокруг каждого объекта.;;10068;Аптека;Водный объект;63;2;Водный объект;Аптека;200
566;;Город Урай;1359;Исходный;Покажи супермаркеты, которые находятся не далее чем 150 м от площадки, так как это повышает удобство шопинга для местных жителей.;В отображаемом слое для проекта Город Урай показаны объекты типа «Супермаркет», расположенные в радиусе 150 м от объектов типа «Площадка».;1 - слой с объектами «Супермаркет», 2 - слой с объектами «Площадка», учитывающий буфер 150 м вокруг каждого объекта.;;10068;Супермаркет;Площадка;63;3;Площадка;Супермаркет;150
567;;Город Урай;1359;Исходный;"Выведи супермаркеты, которые находятся внутри радиуса 300 м от спортивной площадки; это позволит оценить экономическую активность района.";В отображаемом слое для проекта Город Урай показаны объекты типа «Супермаркет», расположенные в радиусе 300 м от объектов типа «Спортивная площадка».;1 - слой с объектами «Супермаркет», 2 - слой с объектами «Спортивная площадка», учитывающий буфер 300 м вокруг каждого объекта.;;10068;Спортивная площадка, Супермаркет;;63;4;Спортивная площадка;Супермаркет;300
568;;Город Урай;1359;Исходный;"Считай озёра, которые расположены внутри радиуса 50 м от зоомагазина; это поможет оценить влияние зоомагазина на водную среду.";В отображаемом слое для проекта Город Урай показаны объекты типа «Озеро», расположенные в радиусе 50 м от объектов типа «Зоомагазин».;1 - слой с объектами «Озеро», 2 - слой с объектами «Зоомагазин», учитывающий буфер 50 м вокруг каждого объекта.;;10068;Зоомагазин;Озеро;63;5;Зоомагазин;Озеро;50
569;;Город Урай;1359;Исходный;Проверь, какие площадки находятся в пределах 100 м от линии электропередачи, чтобы оценить безопасное размещение объектов.;В отображаемом слое для проекта Город Урай показаны объекты типа «Площадка», расположенные в радиусе 100 м от объектов типа «Линия электропередачи».;1 - слой с объектами «Площадка», 2 - слой с объектами «Линия электропередачи», учитывающий буфер 100 м вокруг каждого объекта.;;10068;;Линия электропередачи, Площадка;63;6;Линия электропередачи;Площадка;100
570;;Город Урай;1359;Исходный;"Узнай, сколько детских садов расположены внутри радиуса 150 м от кафе; это важно для планирования семейных зон.";В отображаемом слое для проекта Город Урай показаны объекты типа «Детский сад», расположенные в радиусе 150 м от объектов типа «Кафе».;1 - слой с объектами «Детский сад», 2 - слой с объектами «Кафе», учитывающий буфер 150 м вокруг каждого объекта.;;10068;Кафе, Детский сад;;63;7;Кафе;Детский сад;150
571;;Город Урай;1359;Исходный;"Сравни скейт‑парки, которые находятся в пределах 150 м от промышленной территории; это даст представление о доступности активного отдыха.";В отображаемом слое для проекта Город Урай показаны объекты типа «Скейт-парк», расположенные в радиусе 150 м от объектов типа «Промышленная территория».;1 - слой с объектами «Скейт-парк», 2 - слой с объектами «Промышленная территория», учитывающий буфер 150 м вокруг каждого объекта.;;10068;Скейт-парк;Промышленная территория;63;8;Промышленная территория;Скейт-парк;150
572;;Город Урай;1359;Исходный;"Разберись, какие детские сады находятся внутри радиуса 300 м от памятника; это поможет оценить доступ к культурным объектам для детей.";В отображаемом слое для проекта Город Урай показаны объекты типа «Детский сад», расположенные в радиусе 300 м от объектов типа «Памятник».;1 - слой с объектами «Детский сад», 2 - слой с объектами «Памятник», учитывающий буфер 300 м вокруг каждого объекта.;;10068;Детский сад;Памятник;63;9;Памятник;Детский сад;300
573;;Город Урай;1359;Исходный;Покажи, сколько объектов «Продукты (магазин у дома)» находятся внутри радиуса 500 м от «Нежилое здание».;В отображаемом слое для проекта Город Урай показаны объекты типа «Продукты (магазин у дома)», расположенные в радиусе 500 м от объектов типа «Нежилое здание».;1 - слой с объектами «Продукты (магазин у дома)», 2 - слой с объектами «Нежилое здание», учитывающий буфер 500 м вокруг каждого объекта.;;10068;Продукты (магазин у дома);Нежилое здание;64;1;Нежилое здание;Продукты (магазин у дома);500
574;;Город Урай;1359;Исходный;Найди все линии электропередачи, которые расположены внутри радиуса 300 м от «Среднее специальное учебное заведение».;В отображаемом слое для проекта Город Урай показаны объекты типа «Линия электропередачи», расположенные в радиусе 300 м от объектов типа «Среднее специальное учебное заведение».;1 - слой с объектами «Линия электропередачи», 2 - слой с объектами «Среднее специальное учебное заведение», учитывающий буфер 300 м вокруг каждого объекта.;;10068;Среднее специальное учебное заведение;Линия электропередачи;64;2;Среднее специальное учебное заведение;Линия электропередачи;300
575;;Город Урай;1359;Исходный;Определи, какие аэропорты находятся не далее чем 500 м от парка развлечений, чтобы оценить влияние на движение.;В отображаемом слое для проекта Город Урай показаны объекты типа «Аэропорт», расположенные в радиусе 500 м от объектов типа «Парк развлечений».;1 - слой с объектами «Аэропорт», 2 - слой с объектами «Парк развлечений», учитывающий буфер 500 м вокруг каждого объекта.;;10068;Аэропорт;Парк развлечений;64;3;Парк развлечений;Аэропорт;500
576;;Город Урай;1359;Исходный;Считай поликлиники, которые находятся внутри радиуса 300 м от «Театр».;В отображаемом слое для проекта Город Урай показаны объекты типа «Поликлиника», расположенные в радиусе 300 м от объектов типа «Театр».;1 - слой с объектами «Поликлиника», 2 - слой с объектами «Театр», учитывающий буфер 300 м вокруг каждого объекта.;;10068;Театр, Поликлиника;;64;4;Театр;Поликлиника;300
577;;Город Урай;1359;Исходный;Выведи список детско‑юношеских спортивных школ, расположенных в пределах 50 м от «Детская площадка».;В отображаемом слое для проекта Город Урай показаны объекты типа «Детско-юношеская спортивная школа», расположенные в радиусе 50 м от объектов типа «Детская площадка».;1 - слой с объектами «Детско-юношеская спортивная школа», 2 - слой с объектами «Детская площадка», учитывающий буфер 50 м вокруг каждого объекта.;;10068;Детская площадка, Детско-юношеская спортивная школа;;64;5;Детская площадка;Детско-юношеская спортивная школа;50
578;;Город Урай;1359;Исходный;Проверь наличие зоомагазинов, находящихся не далее чем в 150 м от «Нежилое здание».;В отображаемом слое для проекта Город Урай показаны объекты типа «Зоомагазин», расположенные в радиусе 150 м от объектов типа «Нежилое здание».;1 - слой с объектами «Зоомагазин», 2 - слой с объектами «Нежилое здание», учитывающий буфер 150 м вокруг каждого объекта.;;10068;Зоомагазин;Нежилое здание;64;6;Нежилое здание;Зоомагазин;150
579;;Город Урай;1359;Исходный;Смотри, сколько школ находится внутри радиуса 500 м от «Памятник».;В отображаемом слое для проекта Город Урай показаны объекты типа «Школа», расположенные в радиусе 500 м от объектов типа «Памятник».;1 - слой с объектами «Школа», 2 - слой с объектами «Памятник», учитывающий буфер 500 м вокруг каждого объекта.;;10068;Школа;Памятник;64;7;Памятник;Школа;500
580;;Город Урай;1359;Исходный;Подсчитай скейт‑парки, расположенные в пределах 100 м от «Бассейн».;В отображаемом слое для проекта Город Урай показаны объекты типа «Скейт-парк», расположенные в радиусе 100 м от объектов типа «Бассейн».;1 - слой с объектами «Скейт-парк», 2 - слой с объектами «Бассейн», учитывающий буфер 100 м вокруг каждого объекта.;;10068;Бассейн, Скейт-парк;;64;8;Бассейн;Скейт-парк;100
581;;Город Урай;1359;Исходный;Расчитай количество памятников, которые находятся внутри радиуса 100 м от «Спортивная площадка».;В отображаемом слое для проекта Город Урай показаны объекты типа «Памятник», расположенные в радиусе 100 м от объектов типа «Спортивная площадка».;1 - слой с объектами «Памятник», 2 - слой с объектами «Спортивная площадка», учитывающий буфер 100 м вокруг каждого объекта.;;10068;Спортивная площадка;Памятник;64;9;Спортивная площадка;Памятник;100
582;;Город Урай;1359;Исходный;Покажи количество кафе внутри радиуса 100 м от промышленной территории, так как они могут использовать промышленный поток посетителей.;В отображаемом слое для проекта Город Урай показаны объекты типа «Кафе», расположенные в радиусе 100 м от объектов типа «Промышленная территория».;1 - слой с объектами «Кафе», 2 - слой с объектами «Промышленная территория», учитывающий буфер 100 м вокруг каждого объекта.;;10068;Кафе;Промышленная территория;65;1;Промышленная территория;Кафе;100
583;;Город Урай;1359;Исходный;Найди водные объекты, которые находятся в пределах 150 м от пожарной станции, чтобы оценить доступность воды для тушения.;В отображаемом слое для проекта Город Урай показаны объекты типа «Водный объект», расположенные в радиусе 150 м от объектов типа «Пожарная станция».;1 - слой с объектами «Водный объект», 2 - слой с объектами «Пожарная станция», учитывающий буфер 150 м вокруг каждого объекта.;;10068;Пожарная станция;Водный объект;65;2;Пожарная станция;Водный объект;150
584;;Город Урай;1359;Исходный;Определи религиозные объекты, расположенные не далее 200 м от рекреационной зоны, чтобы планировать совместные мероприятия.;В отображаемом слое для проекта Город Урай показаны объекты типа «Религиозный объект», расположенные в радиусе 200 м от объектов типа «Рекреационная зона».;1 - слой с объектами «Религиозный объект», 2 - слой с объектами «Рекреационная зона», учитывающий буфер 200 м вокруг каждого объекта.;;10068;Религиозный объект;Рекреационная зона;65;3;Рекреационная зона;Религиозный объект;200
585;;Город Урай;1359;Исходный;Выведи продукты (магазины у дома) в радиусе 300 м от аптеки, чтобы понять перекрестное обслуживание.;В отображаемом слое для проекта Город Урай показаны объекты типа «Продукты (магазин у дома)», расположенные в радиусе 300 м от объектов типа «Аптека».;1 - слой с объектами «Продукты (магазин у дома)», 2 - слой с объектами «Аптека», учитывающий буфер 300 м вокруг каждого объекта.;;10068;Аптека, Продукты (магазин у дома);;65;4;Аптека;Продукты (магазин у дома);300
586;;Город Урай;1359;Исходный;Проверь аптеку, которая находится в пределах 200 м от жилого дома, для оценки удобства жителей.;В отображаемом слое для проекта Город Урай показаны объекты типа «Аптека», расположенные в радиусе 200 м от объектов типа «Жилой дом».;1 - слой с объектами «Аптека», 2 - слой с объектами «Жилой дом», учитывающий буфер 200 м вокруг каждого объекта.;;10068;Аптека;Жилой дом;65;5;Жилой дом;Аптека;200
587;;Город Урай;1359;Исходный;Сколько остановок наземного транспорта находятся в радиусе 50 м от среднего специального учебного заведения, чтобы улучшить транспортную доступность.;В отображаемом слое для проекта Город Урай показаны объекты типа «Остановка наземного транспорта», расположенные в радиусе 50 м от объектов типа «Среднее специальное учебное заведение».;1 - слой с объектами «Остановка наземного транспорта», 2 - слой с объектами «Среднее специальное учебное заведение», учитывающий буфер 50 м вокруг каждого объекта.;;10068;Среднее специальное учебное заведение;Остановка наземного транспорта;65;6;Среднее специальное учебное заведение;Остановка наземного транспорта;50
588;;Город Урай;1359;Исходный;Покажи стоматологические клиники, расположенные не далее 300 м от театра, чтобы планировать совместные мероприятия.;В отображаемом слое для проекта Город Урай показаны объекты типа «Стоматологическая клиника», расположенные в радиусе 300 м от объектов типа «Театр».;1 - слой с объектами «Стоматологическая клиника», 2 - слой с объектами «Театр», учитывающий буфер 300 м вокруг каждого объекта.;;10068;Театр, Стоматологическая клиника;;65;7;Театр;Стоматологическая клиника;300
589;;Город Урай;1359;Исходный;Найди детско‑юношескую спортивную школу, которая находится в пределах 150 м от сети водоснабжения, чтобы проверить доступность воды.;В отображаемом слое для проекта Город Урай показаны объекты типа «Детско-юношеская спортивная школа», расположенные в радиусе 150 м от объектов типа «Сеть водоснабжения».;1 - слой с объектами «Детско-юношеская спортивная школа», 2 - слой с объектами «Сеть водоснабжения», учитывающий буфер 150 м вокруг каждого объекта.;;10068;Детско-юношеская спортивная школа;Сеть водоснабжения;65;8;Сеть водоснабжения;Детско-юношеская спортивная школа;150
590;;Город Урай;1359;Исходный;Определи пожарную станцию, которую можно найти внутри радиуса 100 м от детского сада, для оценки скорейшего реагирования.;В отображаемом слое для проекта Город Урай показаны объекты типа «Пожарная станция», расположенные в радиусе 100 м от объектов типа «Детский сад».;1 - слой с объектами «Пожарная станция», 2 - слой с объектами «Детский сад», учитывающий буфер 100 м вокруг каждого объекта.;;10068;Детский сад, Пожарная станция;;65;9;Детский сад;Пожарная станция;100
591;;Город Урай;1359;Исходный;Определи парки, которые находятся в пределах 100 м от промышленной территории, поскольку планируется расширение зеленых зон.;В отображаемом слое для проекта Город Урай показаны объекты типа «Парк», расположенные в радиусе 100 м от объектов типа «Промышленная территория».;1 - слой с объектами «Парк», 2 - слой с объектами «Промышленная территория», учитывающий буфер 100 м вокруг каждого объекта.;;10068;Парк;Промышленная территория;66;1;Промышленная территория;Парк;100
592;;Город Урай;1359;Исходный;Покажи жилые дома, расположенные в пределах 500 м от аптеки, чтобы оценить доступность медикаментов для жителей.;В отображаемом слое для проекта Город Урай показаны объекты типа «Жилой дом», расположенные в радиусе 500 м от объектов типа «Аптека».;1 - слой с объектами «Жилой дом», 2 - слой с объектами «Аптека», учитывающий буфер 500 м вокруг каждого объекта.;;10068;Аптека;Жилой дом;66;2;Аптека;Жилой дом;500
593;;Город Урай;1359;Исходный;Найди площадки для выгула собак, которые находятся не далее 100 м от Продукты (магазин у дома), чтобы улучшить комфорт домашних питомцев.;В отображаемом слое для проекта Город Урай показаны объекты типа «Площадка для выгула собак», расположенные в радиусе 100 м от объектов типа «Продукты (магазин у дома)».;1 - слой с объектами «Площадка для выгула собак», 2 - слой с объектами «Продукты (магазин у дома)», учитывающий буфер 100 м вокруг каждого объекта.;;10068;Продукты (магазин у дома), Площадка для выгула собак;;66;3;Продукты (магазин у дома);Площадка для выгула собак;100
594;;Город Урай;1359;Исходный;Выведи скейт‑парки, расположенные в пределах 100 м от супермаркета, чтобы проверить совместимость зон.;В отображаемом слое для проекта Город Урай показаны объекты типа «Скейт-парк», расположенные в радиусе 100 м от объектов типа «Супермаркет».;1 - слой с объектами «Скейт-парк», 2 - слой с объектами «Супермаркет», учитывающий буфер 100 м вокруг каждого объекта.;;10068;Супермаркет, Скейт-парк;;66;4;Супермаркет;Скейт-парк;100
595;;Город Урай;1359;Исходный;Проверь наличие бассейна в пределах 300 м от торгового центра, так как планируется строительство новой спортивной площадки.;В отображаемом слое для проекта Город Урай показаны объекты типа «Бассейн», расположенные в радиусе 300 м от объектов типа «Торговый центр».;1 - слой с объектами «Бассейн», 2 - слой с объектами «Торговый центр», учитывающий буфер 300 м вокруг каждого объекта.;;10068;Торговый центр, Бассейн;;66;5;Торговый центр;Бассейн;300
596;;Город Урай;1359;Исходный;Уточни водные объекты, находящиеся в пределах 300 м от площадки для выгула собак, чтобы оценить влияние на экосистему.;В отображаемом слое для проекта Город Урай показаны объекты типа «Водный объект», расположенные в радиусе 300 м от объектов типа «Площадка для выгула собак».;1 - слой с объектами «Водный объект», 2 - слой с объектами «Площадка для выгула собак», учитывающий буфер 300 м вокруг каждого объекта.;;10068;Площадка для выгула собак;Водный объект;66;6;Площадка для выгула собак;Водный объект;300
597;;Город Урай;1359;Исходный;Оцени площадки для выгула собак, которые находятся не далее 500 м от торгового центра, чтобы убедиться в доступности.;В отображаемом слое для проекта Город Урай показаны объекты типа «Площадка для выгула собак», расположенные в радиусе 500 м от объектов типа «Торговый центр».;1 - слой с объектами «Площадка для выгула собак», 2 - слой с объектами «Торговый центр», учитывающий буфер 500 м вокруг каждого объекта.;;10068;Торговый центр, Площадка для выгула собак;;66;7;Торговый центр;Площадка для выгула собак;500
598;;Город Урай;1359;Исходный;Сравни детские сады, расположенные в пределах 50 м от среднего специального учебного заведения, чтобы понять концентрацию образовательных учреждений.;В отображаемом слое для проекта Город Урай показаны объекты типа «Детский сад», расположенные в радиусе 50 м от объектов типа «Среднее специальное учебное заведение».;1 - слой с объектами «Детский сад», 2 - слой с объектами «Среднее специальное учебное заведение», учитывающий буфер 50 м вокруг каждого объекта.;;10068;Среднее специальное учебное заведение, Детский сад;;66;8;Среднее специальное учебное заведение;Детский сад;50
599;;Город Урай;1359;Исходный;Считай парки атракционов, находящиеся в пределах 50 м от площадки, чтобы оценить туристическую привлекательность.;В отображаемом слое для проекта Город Урай показаны объекты типа «Парк атракционов», расположенные в радиусе 50 м от объектов типа «Площадка».;1 - слой с объектами «Парк атракционов», 2 - слой с объектами «Площадка», учитывающий буфер 50 м вокруг каждого объекта.;;10068;Парк атракционов;Площадка;66;9;Площадка;Парк атракционов;50
600;;Шлиссельбургское городское поселение;120;Сценарий от Рокета, Вариант 3;Покажи количество местных дорог, находящихся внутри радиуса 50 м от региональной дороги. Это поможет оценить доступность для жителей.;В отображаемом слое для проекта Шлиссельбургское городское поселение показаны объекты типа «Местная дорога», расположенные в радиусе 50 м от объектов типа «Региональная дорога».;1 - слой с объектами «Местная дорога», 2 - слой с объектами «Региональная дорога», учитывающий буфер 50 м вокруг каждого объекта.;;198;;Региональная дорога, Местная дорога;67;1;Региональная дорога;Местная дорога;50
601;;Шлиссельбургское городское поселение;120;Сценарий от Рокета, Вариант 3;Найди региональные дороги, расположенные в пределах 200 м от поликлиники. Это позволит оценить транспортную доступность для пациентов.;В отображаемом слое для проекта Шлиссельбургское городское поселение показаны объекты типа «Региональная дорога», расположенные в радиусе 200 м от объектов типа «Поликлиника».;1 - слой с объектами «Региональная дорога», 2 - слой с объектами «Поликлиника», учитывающий буфер 200 м вокруг каждого объекта.;;198;Поликлиника;Региональная дорога;67;2;Поликлиника;Региональная дорога;200
602;;Шлиссельбургское городское поселение;120;Сценарий от Рокета, Вариант 3;Определи количество поликлиник, которые находятся не далее чем 500 м от жилого дома. Это важно для планирования здравоохранения.;В отображаемом слое для проекта Шлиссельбургское городское поселение показаны объекты типа «Поликлиника», расположенные в радиусе 500 м от объектов типа «Жилой дом».;1 - слой с объектами «Поликлиника», 2 - слой с объектами «Жилой дом», учитывающий буфер 500 м вокруг каждого объекта.;;198;Поликлиника;Жилой дом;67;3;Жилой дом;Поликлиника;500
603;;Шлиссельбургское городское поселение;120;Сценарий от Рокета, Вариант 3;Сколько лесов находятся не далее чем 300 м от детского сада. Близость к природе повышает качество жизни детей.;В отображаемом слое для проекта Шлиссельбургское городское поселение показаны объекты типа «Лес», расположенные в радиусе 300 м от объектов типа «Детский сад».;1 - слой с объектами «Лес», 2 - слой с объектами «Детский сад», учитывающий буфер 300 м вокруг каждого объекта.;;198;Детский сад;Лес;67;4;Детский сад;Лес;300
604;;Шлиссельбургское городское поселение;120;Сценарий от Рокета, Вариант 3;Проверь, находятся ли жилые дома в пределах 150 м от леса. Это поможет оценить экологическую безопасность.;В отображаемом слое для проекта Шлиссельбургское городское поселение показаны объекты типа «Жилой дом», расположенные в радиусе 150 м от объектов типа «Лес».;1 - слой с объектами «Жилой дом», 2 - слой с объектами «Лес», учитывающий буфер 150 м вокруг каждого объекта.;;198;;Лес, Жилой дом;67;5;Лес;Жилой дом;150
605;;Шлиссельбургское городское поселение;120;Сценарий от Рокета, Вариант 3;Выведи количество школ, расположенных не далее чем 150 м от леса. Это важно для обеспечения школьников природой.;В отображаемом слое для проекта Шлиссельбургское городское поселение показаны объекты типа «Школа», расположенные в радиусе 150 м от объектов типа «Лес».;1 - слой с объектами «Школа», 2 - слой с объектами «Лес», учитывающий буфер 150 м вокруг каждого объекта.;;198;Школа;Лес;67;6;Лес;Школа;150
606;;Шлиссельбургское городское поселение;120;Сценарий от Рокета, Вариант 3;Считай количество региональных дорог, которые находятся внутри 50 м от детского сада. Это поможет оценить транспортную доступность.;В отображаемом слое для проекта Шлиссельбургское городское поселение показаны объекты типа «Региональная дорога», расположенные в радиусе 50 м от объектов типа «Детский сад».;1 - слой с объектами «Региональная дорога», 2 - слой с объектами «Детский сад», учитывающий буфер 50 м вокруг каждого объекта.;;198;Детский сад;Региональная дорога;67;7;Детский сад;Региональная дорога;50
607;;Шлиссельбургское городское поселение;120;Сценарий от Рокета, Вариант 3;Рассчитай, сколько школ находятся в пределах 500 м от поликлиники. Это важно для планирования здравоохранения.;В отображаемом слое для проекта Шлиссельбургское городское поселение показаны объекты типа «Школа», расположенные в радиусе 500 м от объектов типа «Поликлиника».;1 - слой с объектами «Школа», 2 - слой с объектами «Поликлиника», учитывающий буфер 500 м вокруг каждого объекта.;;198;Поликлиника, Школа;;67;8;Поликлиника;Школа;500
608;;Шлиссельбургское городское поселение;120;Сценарий от Рокета, Вариант 3;Уточни, сколько нежилых зданий находятся не далее чем 50 м от поликлиники. Это поможет оценить инфраструктурную нагрузку.;В отображаемом слое для проекта Шлиссельбургское городское поселение показаны объекты типа «Нежилое здание», расположенные в радиусе 50 м от объектов типа «Поликлиника».;1 - слой с объектами «Нежилое здание», 2 - слой с объектами «Поликлиника», учитывающий буфер 50 м вокруг каждого объекта.;;198;Поликлиника;Нежилое здание;67;9;Поликлиника;Нежилое здание;50
609;;Жилой район возле транспортно-промышленного хаба;1091;Демо;Определи, сколько спортивных залов находятся в пределах 300 м от линии электропередачи, чтобы оценить доступность спортивных объектов для жителей.;В отображаемом слое для проекта Жилой район возле транспортно-промышленного хаба показаны объекты типа «Спортивный зал», расположенные в радиусе 300 м от объектов типа «Линия электропередачи».;1 - слой с объектами «Спортивный зал», 2 - слой с объектами «Линия электропередачи», учитывающий буфер 300 м вокруг каждого объекта.;;1747;Спортивный зал;Линия электропередачи;68;1;Линия электропередачи;Спортивный зал;300
610;;Жилой район возле транспортно-промышленного хаба;1091;Демо;Проверь, сколько торговых центров находятся не далее чем 100 м от линии электропередачи, чтобы убедиться в соблюдении норм безопасности.;В отображаемом слое для проекта Жилой район возле транспортно-промышленного хаба показаны объекты типа «Торговый центр», расположенные в радиусе 100 м от объектов типа «Линия электропередачи».;1 - слой с объектами «Торговый центр», 2 - слой с объектами «Линия электропередачи», учитывающий буфер 100 м вокруг каждого объекта.;;1747;Торговый центр;Линия электропередачи;68;2;Линия электропередачи;Торговый центр;100
611;;Жилой район возле транспортно-промышленного хаба;1091;Демо;Найди, сколько пунктов выдачи находятся внутри радиуса 200 м от стоматологической клиники, чтобы улучшить логистику доставки.;В отображаемом слое для проекта Жилой район возле транспортно-промышленного хаба показаны объекты типа «Пункт выдачи», расположенные в радиусе 200 м от объектов типа «Стоматологическая клиника».;1 - слой с объектами «Пункт выдачи», 2 - слой с объектами «Стоматологическая клиника», учитывающий буфер 200 м вокруг каждого объекта.;;1747;Стоматологическая клиника, Пункт выдачи;;68;3;Стоматологическая клиника;Пункт выдачи;200
612;;Жилой район возле транспортно-промышленного хаба;1091;Демо;Выведи, сколько школ находятся в пределах 300 м от детского сада, чтобы понять взаимосвязь образовательных учреждений.;В отображаемом слое для проекта Жилой район возле транспортно-промышленного хаба показаны объекты типа «Школа», расположенные в радиусе 300 м от объектов типа «Детский сад».;1 - слой с объектами «Школа», 2 - слой с объектами «Детский сад», учитывающий буфер 300 м вокруг каждого объекта.;;1747;Детский сад, Школа;;68;4;Детский сад;Школа;300
613;;Жилой район возле транспортно-промышленного хаба;1091;Демо;Проверь, сколько станций скорой медицинской помощи находятся не далее чем 200 м от диспансера, чтобы планировать маршруты эвакуации.;В отображаемом слое для проекта Жилой район возле транспортно-промышленного хаба показаны объекты типа «Станция скорой медицинской помощи», расположенные в радиусе 200 м от объектов типа «Диспансер».;1 - слой с объектами «Станция скорой медицинской помощи», 2 - слой с объектами «Диспансер», учитывающий буфер 200 м вокруг каждого объекта.;;1747;Диспансер, Станция скорой медицинской помощи;;68;5;Диспансер;Станция скорой медицинской помощи;200
614;;Жилой район возле транспортно-промышленного хаба;1091;Демо;Определи, сколько больниц находятся в пределах 100 м от хозяйственных товаров, чтобы оценить инфраструктурные потребности.;В отображаемом слое для проекта Жилой район возле транспортно-промышленного хаба показаны объекты типа «Больница», расположенные в радиусе 100 м от объектов типа «Хозяйственные товары».;1 - слой с объектами «Больница», 2 - слой с объектами «Хозяйственные товары», учитывающий буфер 100 м вокруг каждого объекта.;;1747;Хозяйственные товары, Больница;;68;6;Хозяйственные товары;Больница;100
615;;Жилой район возле транспортно-промышленного хаба;1091;Демо;Найди, сколько региональных дорог находятся не далее чем 200 м от леса, чтобы оценить влияние леса на транспортную сеть.;В отображаемом слое для проекта Жилой район возле транспортно-промышленного хаба показаны объекты типа «Региональная дорога», расположенные в радиусе 200 м от объектов типа «Лес».;1 - слой с объектами «Региональная дорога», 2 - слой с объектами «Лес», учитывающий буфер 200 м вокруг каждого объекта.;;1747;;Лес, Региональная дорога;68;7;Лес;Региональная дорога;200
616;;Жилой район возле транспортно-промышленного хаба;1091;Демо;Покажи, сколько кинотеатров находятся в пределах 200 м от аптеки, чтобы понять доступность развлечений.;В отображаемом слое для проекта Жилой район возле транспортно-промышленного хаба показаны объекты типа «Кинотеатр», расположенные в радиусе 200 м от объектов типа «Аптека».;1 - слой с объектами «Кинотеатр», 2 - слой с объектами «Аптека», учитывающий буфер 200 м вокруг каждого объекта.;;1747;Аптека, Кинотеатр;;68;8;Аптека;Кинотеатр;200
617;;Жилой район возле транспортно-промышленного хаба;1091;Демо;Проверь, сколько объектов магистрального газопровода находятся внутри радиуса 200 м от региональной дороги, чтобы обеспечить соблюдение мер безопасности.;В отображаемом слое для проекта Жилой район возле транспортно-промышленного хаба показаны объекты типа «Объект магистрального газопровода», расположенные в радиусе 200 м от объектов типа «Региональная дорога».;1 - слой с объектами «Объект магистрального газопровода», 2 - слой с объектами «Региональная дорога», учитывающий буфер 200 м вокруг каждого объекта.;;1747;;Региональная дорога, Объект магистрального газопровода;68;9;Региональная дорога;Объект магистрального газопровода;200
618;;Жилой район возле транспортно-промышленного хаба;1091;Демо;Покажи, сколько женских консультаций находится в пределах 50 м от спортивного зала, чтобы оценить доступность медицинских услуг для спортсменок.;В отображаемом слое для проекта Жилой район возле транспортно-промышленного хаба показаны объекты типа «Женская консультация», расположенные в радиусе 50 м от объектов типа «Спортивный зал».;1 - слой с объектами «Женская консультация», 2 - слой с объектами «Спортивный зал», учитывающий буфер 50 м вокруг каждого объекта.;;1747;Спортивный зал, Женская консультация;;69;1;Спортивный зал;Женская консультация;50
619;;Жилой район возле транспортно-промышленного хаба;1091;Демо;Найди библиотеки, расположенные не далее 300 м от дома детского творчества, поскольку детям нужны ресурсы для творчества.;В отображаемом слое для проекта Жилой район возле транспортно-промышленного хаба показаны объекты типа «Библиотека», расположенные в радиусе 300 м от объектов типа «Дом детского творчества».;1 - слой с объектами «Библиотека», 2 - слой с объектами «Дом детского творчества», учитывающий буфер 300 м вокруг каждого объекта.;;1747;Дом детского творчества, Библиотека;;69;2;Дом детского творчества;Библиотека;300
620;;Жилой район возле транспортно-промышленного хаба;1091;Демо;Определи объекты магистрального газопровода, которые находятся внутри радиуса 500 м от хозяйственных товаров, чтобы проверить безопасные расстояния.;В отображаемом слое для проекта Жилой район возле транспортно-промышленного хаба показаны объекты типа «Объект магистрального газопровода», расположенные в радиусе 500 м от объектов типа «Хозяйственные товары».;1 - слой с объектами «Объект магистрального газопровода», 2 - слой с объектами «Хозяйственные товары», учитывающий буфер 500 м вокруг каждого объекта.;;1747;Хозяйственные товары;Объект магистрального газопровода;69;3;Хозяйственные товары;Объект магистрального газопровода;500
621;;Жилой район возле транспортно-промышленного хаба;1091;Демо;Сколько реабилитационных центров расположены в пределах 500 м от стоматологической клиники, чтобы понять доступность послеоперационного ухода.;В отображаемом слое для проекта Жилой район возле транспортно-промышленного хаба показаны объекты типа «Реабилитационный центр», расположенные в радиусе 500 м от объектов типа «Стоматологическая клиника».;1 - слой с объектами «Реабилитационный центр», 2 - слой с объектами «Стоматологическая клиника», учитывающий буфер 500 м вокруг каждого объекта.;;1747;Стоматологическая клиника, Реабилитационный центр;;69;4;Стоматологическая клиника;Реабилитационный центр;500
622;;Жилой район возле транспортно-промышленного хаба;1091;Демо;Проверь наличие салонов красоты внутри 500 м от леса, ведь жители могут искать услуги вблизи природы.;В отображаемом слое для проекта Жилой район возле транспортно-промышленного хаба показаны объекты типа «Салон красоты», расположенные в радиусе 500 м от объектов типа «Лес».;1 - слой с объектами «Салон красоты», 2 - слой с объектами «Лес», учитывающий буфер 500 м вокруг каждого объекта.;;1747;Салон красоты;Лес;69;5;Лес;Салон красоты;500
623;;Жилой район возле транспортно-промышленного хаба;1091;Демо;Выведи пожарные станции, находящиеся не далее 300 м от объекта магистрального газопровода, чтобы оценить охранные меры.;В отображаемом слое для проекта Жилой район возле транспортно-промышленного хаба показаны объекты типа «Пожарная станция», расположенные в радиусе 300 м от объектов типа «Объект магистрального газопровода».;1 - слой с объектами «Пожарная станция», 2 - слой с объектами «Объект магистрального газопровода», учитывающий буфер 300 м вокруг каждого объекта.;;1747;Пожарная станция;Объект магистрального газопровода;69;6;Объект магистрального газопровода;Пожарная станция;300
624;;Жилой район возле транспортно-промышленного хаба;1091;Демо;Покажи дома детского творчества, которые находятся в пределах 300 м от почтового отделения, чтобы облегчить доступ к почте для детей.;В отображаемом слое для проекта Жилой район возле транспортно-промышленного хаба показаны объекты типа «Дом детского творчества», расположенные в радиусе 300 м от объектов типа «Почтовое отделение».;1 - слой с объектами «Дом детского творчества», 2 - слой с объектами «Почтовое отделение», учитывающий буфер 300 м вокруг каждого объекта.;;1747;Почтовое отделение, Дом детского творчества;;69;7;Почтовое отделение;Дом детского творчества;300
625;;Жилой район возле транспортно-промышленного хаба;1091;Демо;Найди детские сады, расположенные внутри 50 м от почтового отделения, так как важно знать, где дети могут быстро добраться до писем.;В отображаемом слое для проекта Жилой район возле транспортно-промышленного хаба показаны объекты типа «Детский сад», расположенные в радиусе 50 м от объектов типа «Почтовое отделение».;1 - слой с объектами «Детский сад», 2 - слой с объектами «Почтовое отделение», учитывающий буфер 50 м вокруг каждого объекта.;;1747;Почтовое отделение, Детский сад;;69;8;Почтовое отделение;Детский сад;50
626;;Жилой район возле транспортно-промышленного хаба;1091;Демо;Определи диспансеры, которые находятся в пределах 50 м от адвоката, чтобы планировать доступ к медицинским услугам для клиентов.;В отображаемом слое для проекта Жилой район возле транспортно-промышленного хаба показаны объекты типа «Диспансер», расположенные в радиусе 50 м от объектов типа «Адвокат».;1 - слой с объектами «Диспансер», 2 - слой с объектами «Адвокат», учитывающий буфер 50 м вокруг каждого объекта.;;1747;Адвокат, Диспансер;;69;9;Адвокат;Диспансер;50
627;;Жилой район возле транспортно-промышленного хаба;1091;Демо;Покажи количество федеральных дорог, расположенных внутри радиуса 300 м от стоматологической клиники, поскольку близость обеспечивает быструю эвакуацию.;В отображаемом слое для проекта Жилой район возле транспортно-промышленного хаба показаны объекты типа «Федеральная дорога», расположенные в радиусе 300 м от объектов типа «Стоматологическая клиника».;1 - слой с объектами «Федеральная дорога», 2 - слой с объектами «Стоматологическая клиника», учитывающий буфер 300 м вокруг каждого объекта.;;1747;Стоматологическая клиника;Федеральная дорога;70;1;Стоматологическая клиника;Федеральная дорога;300
628;;Жилой район возле транспортно-промышленного хаба;1091;Демо;Найди стоматологические клиники, находящиеся внутри радиуса 200 м от детско‑юношеской спортивной школы, чтобы оценить доступность медицинских услуг для спортсменов.;В отображаемом слое для проекта Жилой район возле транспортно-промышленного хаба показаны объекты типа «Стоматологическая клиника», расположенные в радиусе 200 м от объектов типа «Детско-юношеская спортивная школа».;1 - слой с объектами «Стоматологическая клиника», 2 - слой с объектами «Детско-юношеская спортивная школа», учитывающий буфер 200 м вокруг каждого объекта.;;1747;Детско-юношеская спортивная школа, Стоматологическая клиника;;70;2;Детско-юношеская спортивная школа;Стоматологическая клиника;200
629;;Жилой район возле транспортно-промышленного хаба;1091;Демо;Определи, сколько больниц находится внутри радиуса 50 м от леса, так как лесная зона способствует восстановлению после операций.;В отображаемом слое для проекта Жилой район возле транспортно-промышленного хаба показаны объекты типа «Больница», расположенные в радиусе 50 м от объектов типа «Лес».;1 - слой с объектами «Больница», 2 - слой с объектами «Лес», учитывающий буфер 50 м вокруг каждого объекта.;;1747;Больница;Лес;70;3;Лес;Больница;50
630;;Жилой район возле транспортно-промышленного хаба;1091;Демо;Сколько больниц расположены внутри радиуса 300 м от библиотеки, поскольку наличие медицинского учреждения поблизости повышает безопасность читателей.;В отображаемом слое для проекта Жилой район возле транспортно-промышленного хаба показаны объекты типа «Больница», расположенные в радиусе 300 м от объектов типа «Библиотека».;1 - слой с объектами «Больница», 2 - слой с объектами «Библиотека», учитывающий буфер 300 м вокруг каждого объекта.;;1747;Библиотека, Больница;;70;4;Библиотека;Больница;300
631;;Жилой район возле транспортно-промышленного хаба;1091;Демо;Проверь, сколько аптек находятся внутри радиуса 200 м от школы, чтобы убедиться в доступности лекарств для учеников.;В отображаемом слое для проекта Жилой район возле транспортно-промышленного хаба показаны объекты типа «Аптека», расположенные в радиусе 200 м от объектов типа «Школа».;1 - слой с объектами «Аптека», 2 - слой с объектами «Школа», учитывающий буфер 200 м вокруг каждого объекта.;;1747;Школа, Аптека;;70;5;Школа;Аптека;200
632;;Жилой район возле транспортно-промышленного хаба;1091;Демо;Выведи количество школ, расположенных внутри радиуса 100 м от жилого дома, поскольку близость к школе важна для семейного комфорта.;В отображаемом слое для проекта Жилой район возле транспортно-промышленного хаба показаны объекты типа «Школа», расположенные в радиусе 100 м от объектов типа «Жилой дом».;1 - слой с объектами «Школа», 2 - слой с объектами «Жилой дом», учитывающий буфер 100 м вокруг каждого объекта.;;1747;Школа;Жилой дом;70;6;Жилой дом;Школа;100
633;;Жилой район возле транспортно-промышленного хаба;1091;Демо;Расчитай, сколько лесов находится внутри радиуса 200 м от федеральной дороги, чтобы оценить влияние природных зон на транспортную инфраструктуру.;В отображаемом слое для проекта Жилой район возле транспортно-промышленного хаба показаны объекты типа «Лес», расположенные в радиусе 200 м от объектов типа «Федеральная дорога».;1 - слой с объектами «Лес», 2 - слой с объектами «Федеральная дорога», учитывающий буфер 200 м вокруг каждого объекта.;;1747;;Федеральная дорога, Лес;70;7;Федеральная дорога;Лес;200
634;;Жилой район возле транспортно-промышленного хаба;1091;Демо;Подсчитай, сколько федеральных дорог находятся внутри радиуса 200 м от реабилитационного центра, чтобы понять доступность транспортных средств для пациентов.;В отображаемом слое для проекта Жилой район возле транспортно-промышленного хаба показаны объекты типа «Федеральная дорога», расположенные в радиусе 200 м от объектов типа «Реабилитационный центр».;1 - слой с объектами «Федеральная дорога», 2 - слой с объектами «Реабилитационный центр», учитывающий буфер 200 м вокруг каждого объекта.;;1747;Реабилитационный центр;Федеральная дорога;70;8;Реабилитационный центр;Федеральная дорога;200
635;;Жилой район возле транспортно-промышленного хаба;1091;Демо;Выяви, сколько стоматологических клиник расположены внутри радиуса 100 м от рекреационной зоны, чтобы оценить возможности для профилактики здоровья у отдыхающих.;В отображаемом слое для проекта Жилой район возле транспортно-промышленного хаба показаны объекты типа «Стоматологическая клиника», расположенные в радиусе 100 м от объектов типа «Рекреационная зона».;1 - слой с объектами «Стоматологическая клиника», 2 - слой с объектами «Рекреационная зона», учитывающий буфер 100 м вокруг каждого объекта.;;1747;Стоматологическая клиника;Рекреационная зона;70;9;Рекреационная зона;Стоматологическая клиника;100
636;;Проект с ДПО от Урбан Хаб;487;Исходный;Проверь, сколько водных объектов находятся внутри радиуса 500 м от промышленной территории.;В отображаемом слое для проекта Проект с ДПО от Урбан Хаб показаны объекты типа «Водный объект», расположенные в радиусе 500 м от объектов типа «Промышленная территория».;1 - слой с объектами «Водный объект», 2 - слой с объектами «Промышленная территория», учитывающий буфер 500 м вокруг каждого объекта.;;604;;Промышленная территория, Водный объект;71;1;Промышленная территория;Водный объект;500
637;;Проект с ДПО от Урбан Хаб;487;Исходный;Найди банкоматы, расположенные в пределах 50 м от водонапорной башни.;В отображаемом слое для проекта Проект с ДПО от Урбан Хаб показаны объекты типа «Банкомат», расположенные в радиусе 50 м от объектов типа «Водонапорная башня».;1 - слой с объектами «Банкомат», 2 - слой с объектами «Водонапорная башня», учитывающий буфер 50 м вокруг каждого объекта.;;604;Банкомат;Водонапорная башня;71;2;Водонапорная башня;Банкомат;50
638;;Проект с ДПО от Урбан Хаб;487;Исходный;Уточни, есть ли супермаркеты, расположенные не далее чем 500 м от религиозного объекта.;В отображаемом слое для проекта Проект с ДПО от Урбан Хаб показаны объекты типа «Супермаркет», расположенные в радиусе 500 м от объектов типа «Религиозный объект».;1 - слой с объектами «Супермаркет», 2 - слой с объектами «Религиозный объект», учитывающий буфер 500 м вокруг каждого объекта.;;604;Религиозный объект, Супермаркет;;71;3;Религиозный объект;Супермаркет;500
639;;Проект с ДПО от Урбан Хаб;487;Исходный;Выведи список музеев, которые находятся внутри радиуса 300 м от парка атракционов.;В отображаемом слое для проекта Проект с ДПО от Урбан Хаб показаны объекты типа «Музей», расположенные в радиусе 300 м от объектов типа «Парк атракционов».;1 - слой с объектами «Музей», 2 - слой с объектами «Парк атракционов», учитывающий буфер 300 м вокруг каждого объекта.;;604;Парк атракционов, Музей;;71;4;Парк атракционов;Музей;300
640;;Проект с ДПО от Урбан Хаб;487;Исходный;Покажи, какие местные дороги проходят в пределах 100 м от рекреационной зоны.;В отображаемом слое для проекта Проект с ДПО от Урбан Хаб показаны объекты типа «Местная дорога», расположенные в радиусе 100 м от объектов типа «Рекреационная зона».;1 - слой с объектами «Местная дорога», 2 - слой с объектами «Рекреационная зона», учитывающий буфер 100 м вокруг каждого объекта.;;604;;Рекреационная зона, Местная дорога;71;5;Рекреационная зона;Местная дорога;100
641;;Проект с ДПО от Урбан Хаб;487;Исходный;Сколько супермаркетов расположены не далее чем 50 м от стоматологической клиники?;В отображаемом слое для проекта Проект с ДПО от Урбан Хаб показаны объекты типа «Супермаркет», расположенные в радиусе 50 м от объектов типа «Стоматологическая клиника».;1 - слой с объектами «Супермаркет», 2 - слой с объектами «Стоматологическая клиника», учитывающий буфер 50 м вокруг каждого объекта.;;604;Стоматологическая клиника, Супермаркет;;71;6;Стоматологическая клиника;Супермаркет;50
642;;Проект с ДПО от Урбан Хаб;487;Исходный;Считай, сколько парков атракционов находятся внутри радиуса 200 м от площадки.;В отображаемом слое для проекта Проект с ДПО от Урбан Хаб показаны объекты типа «Парк атракционов», расположенные в радиусе 200 м от объектов типа «Площадка».;1 - слой с объектами «Парк атракционов», 2 - слой с объектами «Площадка», учитывающий буфер 200 м вокруг каждого объекта.;;604;Парк атракционов;Площадка;71;7;Площадка;Парк атракционов;200
643;;Проект с ДПО от Урбан Хаб;487;Исходный;Определи, где находятся нотариальные конторы в пределах 300 м от катка.;В отображаемом слое для проекта Проект с ДПО от Урбан Хаб показаны объекты типа «Нотариальная контора», расположенные в радиусе 300 м от объектов типа «Каток».;1 - слой с объектами «Нотариальная контора», 2 - слой с объектами «Каток», учитывающий буфер 300 м вокруг каждого объекта.;;604;Каток, Нотариальная контора;;71;8;Каток;Нотариальная контора;300
644;;Проект с ДПО от Урбан Хаб;487;Исходный;Разберись, есть ли порты, расположенные не далее чем 200 м от зеленой зоны.;В отображаемом слое для проекта Проект с ДПО от Урбан Хаб показаны объекты типа «Порт», расположенные в радиусе 200 м от объектов типа «Зеленая зона».;1 - слой с объектами «Порт», 2 - слой с объектами «Зеленая зона», учитывающий буфер 200 м вокруг каждого объекта.;;604;;Зеленая зона, Порт;71;9;Зеленая зона;Порт;200
645;;Проект с ДПО от Урбан Хаб;487;Исходный;Найди магазины одежды и обуви внутри радиуса 150 м от банкомата, чтобы убедиться, что розничные точки не находятся в зоне обслуживания банкоматов.;В отображаемом слое для проекта Проект с ДПО от Урбан Хаб показаны объекты типа «Одежда и обувь», расположенные в радиусе 150 м от объектов типа «Банкомат».;1 - слой с объектами «Одежда и обувь», 2 - слой с объектами «Банкомат», учитывающий буфер 150 м вокруг каждого объекта.;;604;Банкомат, Одежда и обувь;;72;1;Банкомат;Одежда и обувь;150
646;;Проект с ДПО от Урбан Хаб;487;Исходный;Покажи региональные дороги, попадающие в пределах 100 м от порта, чтобы проверить доступность инфраструктуры.;В отображаемом слое для проекта Проект с ДПО от Урбан Хаб показаны объекты типа «Региональная дорога», расположенные в радиусе 100 м от объектов типа «Порт».;1 - слой с объектами «Региональная дорога», 2 - слой с объектами «Порт», учитывающий буфер 100 м вокруг каждого объекта.;;604;;Порт, Региональная дорога;72;2;Порт;Региональная дорога;100
647;;Проект с ДПО от Урбан Хаб;487;Исходный;Определи железнодорожные станции, находящиеся не далее чем 100 м от площадки, чтобы оценить транспортную доступность.;В отображаемом слое для проекта Проект с ДПО от Урбан Хаб показаны объекты типа «Железнодорожная станция», расположенные в радиусе 100 м от объектов типа «Площадка».;1 - слой с объектами «Железнодорожная станция», 2 - слой с объектами «Площадка», учитывающий буфер 100 м вокруг каждого объекта.;;604;;Площадка, Железнодорожная станция;72;3;Площадка;Железнодорожная станция;100
648;;Проект с ДПО от Урбан Хаб;487;Исходный;Выведи полицейские участки, расположенные внутри радиуса 200 м от адвоката, чтобы гарантировать легкую доступность правоохранительных органов.;В отображаемом слое для проекта Проект с ДПО от Урбан Хаб показаны объекты типа «Полицейский участок», расположенные в радиусе 200 м от объектов типа «Адвокат».;1 - слой с объектами «Полицейский участок», 2 - слой с объектами «Адвокат», учитывающий буфер 200 м вокруг каждого объекта.;;604;Адвокат, Полицейский участок;;72;4;Адвокат;Полицейский участок;200
649;;Проект с ДПО от Урбан Хаб;487;Исходный;Проверь наличие полицейских участков в пределах 100 м от центра занятости населения, чтобы обеспечить безопасность.;В отображаемом слое для проекта Проект с ДПО от Урбан Хаб показаны объекты типа «Полицейский участок», расположенные в радиусе 100 м от объектов типа «Центр занятости населения».;1 - слой с объектами «Полицейский участок», 2 - слой с объектами «Центр занятости населения», учитывающий буфер 100 м вокруг каждого объекта.;;604;Центр занятости населения, Полицейский участок;;72;5;Центр занятости населения;Полицейский участок;100
650;;Проект с ДПО от Урбан Хаб;487;Исходный;Расчитай музеи, находящиеся не далее чем 50 м от больницы, чтобы оценить культурную доступность для пациентов.;В отображаемом слое для проекта Проект с ДПО от Урбан Хаб показаны объекты типа «Музей», расположенные в радиусе 50 м от объектов типа «Больница».;1 - слой с объектами «Музей», 2 - слой с объектами «Больница», учитывающий буфер 50 м вокруг каждого объекта.;;604;Больница, Музей;;72;6;Больница;Музей;50
651;;Проект с ДПО от Урбан Хаб;487;Исходный;Уточни наличие распределительных трубопроводов для транспортировки газа в пределах 200 м от площадки для выгула собак, чтобы избежать опасностей.;В отображаемом слое для проекта Проект с ДПО от Урбан Хаб показаны объекты типа «Распределительный трубопровод для транспортировки газа», расположенные в радиусе 200 м от объектов типа «Площадка для выгула собак».;1 - слой с объектами «Распределительный трубопровод для транспортировки газа», 2 - слой с объектами «Площадка для выгула собак», учитывающий буфер 200 м вокруг каждого объекта.;;604;Площадка для выгула собак;Распределительный трубопровод для транспортировки газа;72;7;Площадка для выгула собак;Распределительный трубопровод для транспортировки газа;200
652;;Проект с ДПО от Урбан Хаб;487;Исходный;Считай кафе, попадающие в радиус 150 м от парка, чтобы проверить удобство для отдыхающих.;В отображаемом слое для проекта Проект с ДПО от Урбан Хаб показаны объекты типа «Кафе», расположенные в радиусе 150 м от объектов типа «Парк».;1 - слой с объектами «Кафе», 2 - слой с объектами «Парк», учитывающий буфер 150 м вокруг каждого объекта.;;604;Парк, Кафе;;72;8;Парк;Кафе;150
653;;Проект с ДПО от Урбан Хаб;487;Исходный;Оцени салоны красоты, находящиеся внутри радиуса 300 м от местной дороги, чтобы оценить доступность услуг.;В отображаемом слое для проекта Проект с ДПО от Урбан Хаб показаны объекты типа «Салон красоты», расположенные в радиусе 300 м от объектов типа «Местная дорога».;1 - слой с объектами «Салон красоты», 2 - слой с объектами «Местная дорога», учитывающий буфер 300 м вокруг каждого объекта.;;604;Салон красоты;Местная дорога;72;9;Местная дорога;Салон красоты;300
654;;Проект с ДПО от Урбан Хаб;487;Исходный;Найди больницы, находящиеся внутри радиуса 50 м от пункта выдачи, чтобы оценить доступность медицинских услуг.;В отображаемом слое для проекта Проект с ДПО от Урбан Хаб показаны объекты типа «Больница», расположенные в радиусе 50 м от объектов типа «Пункт выдачи».;1 - слой с объектами «Больница», 2 - слой с объектами «Пункт выдачи», учитывающий буфер 50 м вокруг каждого объекта.;;604;Пункт выдачи, Больница;;73;1;Пункт выдачи;Больница;50
655;;Проект с ДПО от Урбан Хаб;487;Исходный;Проверь нежилые здания, которые находятся в пределах 150 м от нотариальной конторы, чтобы проверить соответствие планировок.;В отображаемом слое для проекта Проект с ДПО от Урбан Хаб показаны объекты типа «Нежилое здание», расположенные в радиусе 150 м от объектов типа «Нотариальная контора».;1 - слой с объектами «Нежилое здание», 2 - слой с объектами «Нотариальная контора», учитывающий буфер 150 м вокруг каждого объекта.;;604;Нотариальная контора;Нежилое здание;73;2;Нотариальная контора;Нежилое здание;150
656;;Проект с ДПО от Урбан Хаб;487;Исходный;Оцени средние специальные учебные заведения, расположенные не далее чем 200 м от школы, чтобы оценить образовательную инфраструктуру.;В отображаемом слое для проекта Проект с ДПО от Урбан Хаб показаны объекты типа «Среднее специальное учебное заведение», расположенные в радиусе 200 м от объектов типа «Школа».;1 - слой с объектами «Среднее специальное учебное заведение», 2 - слой с объектами «Школа», учитывающий буфер 200 м вокруг каждого объекта.;;604;Школа, Среднее специальное учебное заведение;;73;3;Школа;Среднее специальное учебное заведение;200
657;;Проект с ДПО от Урбан Хаб;487;Исходный;Сколько рекреационных зон находится внутри 500 м от нежилого здания, чтобы определить доступность отдыха.;В отображаемом слое для проекта Проект с ДПО от Урбан Хаб показаны объекты типа «Рекреационная зона», расположенные в радиусе 500 м от объектов типа «Нежилое здание».;1 - слой с объектами «Рекреационная зона», 2 - слой с объектами «Нежилое здание», учитывающий буфер 500 м вокруг каждого объекта.;;604;;Нежилое здание, Рекреационная зона;73;4;Нежилое здание;Рекреационная зона;500
658;;Проект с ДПО от Урбан Хаб;487;Исходный;Покажи наличие ресторанов, расположенных в пределах 100 м от многофункциональных центров предоставления государственных и муниципальных услуг, чтобы убедиться в удобстве питания.;В отображаемом слое для проекта Проект с ДПО от Урбан Хаб показаны объекты типа «Ресторан», расположенные в радиусе 100 м от объектов типа «Многофункциональные центры предоставления государственных и муниципальных услуг».;1 - слой с объектами «Ресторан», 2 - слой с объектами «Многофункциональные центры предоставления государственных и муниципальных услуг», учитывающий буфер 100 м вокруг каждого объекта.;;604;Многофункциональные центры предоставления государственных и муниципальных услуг, Ресторан;;73;5;Многофункциональные центры предоставления государственных и муниципальных услуг;Ресторан;100
659;;Проект с ДПО от Урбан Хаб;487;Исходный;Выведи станции скорой медицинской помощи, расположенные не далее чем 150 м от региональной дороги, чтобы оценить время реагирования.;В отображаемом слое для проекта Проект с ДПО от Урбан Хаб показаны объекты типа «Станция скорой медицинской помощи», расположенные в радиусе 150 м от объектов типа «Региональная дорога».;1 - слой с объектами «Станция скорой медицинской помощи», 2 - слой с объектами «Региональная дорога», учитывающий буфер 150 м вокруг каждого объекта.;;604;Станция скорой медицинской помощи;Региональная дорога;73;6;Региональная дорога;Станция скорой медицинской помощи;150
660;;Проект с ДПО от Урбан Хаб;487;Исходный;Считай площадки, находящиеся внутри 150 м от зоомагазина, чтобы определить доступность для жителей.;В отображаемом слое для проекта Проект с ДПО от Урбан Хаб показаны объекты типа «Площадка», расположенные в радиусе 150 м от объектов типа «Зоомагазин».;1 - слой с объектами «Площадка», 2 - слой с объектами «Зоомагазин», учитывающий буфер 150 м вокруг каждого объекта.;;604;Зоомагазин;Площадка;73;7;Зоомагазин;Площадка;150
661;;Проект с ДПО от Урбан Хаб;487;Исходный;Просмотри катки, которые находятся не далее чем 200 м от высшего учебного заведения, чтобы оценить возможности спорта для студентов.;В отображаемом слое для проекта Проект с ДПО от Урбан Хаб показаны объекты типа «Каток», расположенные в радиусе 200 м от объектов типа «Высшее учебное заведение».;1 - слой с объектами «Каток», 2 - слой с объектами «Высшее учебное заведение», учитывающий буфер 200 м вокруг каждого объекта.;;604;Высшее учебное заведение, Каток;;73;8;Высшее учебное заведение;Каток;200
662;;Проект с ДПО от Урбан Хаб;487;Исходный;Определи станции скорой медицинской помощи, расположенные в пределах 500 м от банкомата, чтобы понять охват экстренной помощи.;В отображаемом слое для проекта Проект с ДПО от Урбан Хаб показаны объекты типа «Станция скорой медицинской помощи», расположенные в радиусе 500 м от объектов типа «Банкомат».;1 - слой с объектами «Станция скорой медицинской помощи», 2 - слой с объектами «Банкомат», учитывающий буфер 500 м вокруг каждого объекта.;;604;Банкомат, Станция скорой медицинской помощи;;73;9;Банкомат;Станция скорой медицинской помощи;500
663;;Проект территории в Новосаратовке;633;Исходный;Найди промышленные территории, которые находятся внутри радиуса 200 м от региональной дороги, чтобы убедиться в соблюдении требований градостроительного плана.;В отображаемом слое для проекта Проект территории в Новосаратовке показаны объекты типа «Промышленная территория», расположенные в радиусе 200 м от объектов типа «Региональная дорога».;1 - слой с объектами «Промышленная территория», 2 - слой с объектами «Региональная дорога», учитывающий буфер 200 м вокруг каждого объекта.;;846;;Региональная дорога, Промышленная территория;74;1;Региональная дорога;Промышленная территория;200
664;;Проект территории в Новосаратовке;633;Исходный;Покажи остановки наземного транспорта, расположенные в пределах 300 м от аптеки, чтобы проверить их доступность для жителей.;В отображаемом слое для проекта Проект территории в Новосаратовке показаны объекты типа «Остановка наземного транспорта», расположенные в радиусе 300 м от объектов типа «Аптека».;1 - слой с объектами «Остановка наземного транспорта», 2 - слой с объектами «Аптека», учитывающий буфер 300 м вокруг каждого объекта.;;846;Аптека;Остановка наземного транспорта;74;2;Аптека;Остановка наземного транспорта;300
665;;Проект территории в Новосаратовке;633;Исходный;Определи жилые дома, которые находятся не далее чем 200 м от местной дороги, чтобы оценить влияние на транспортную сеть.;В отображаемом слое для проекта Проект территории в Новосаратовке показаны объекты типа «Жилой дом», расположенные в радиусе 200 м от объектов типа «Местная дорога».;1 - слой с объектами «Жилой дом», 2 - слой с объектами «Местная дорога», учитывающий буфер 200 м вокруг каждого объекта.;;846;;Местная дорога, Жилой дом;74;3;Местная дорога;Жилой дом;200
666;;Проект территории в Новосаратовке;633;Исходный;Считай нежилые здания, находящиеся внутри радиуса 200 м от региональной дороги, и выведи их количество для анализа плотности застройки.;В отображаемом слое для проекта Проект территории в Новосаратовке показаны объекты типа «Нежилое здание», расположенные в радиусе 200 м от объектов типа «Региональная дорога».;1 - слой с объектами «Нежилое здание», 2 - слой с объектами «Региональная дорога», учитывающий буфер 200 м вокруг каждого объекта.;;846;;Региональная дорога, Нежилое здание;74;4;Региональная дорога;Нежилое здание;200
667;;Проект территории в Новосаратовке;633;Исходный;Проверь леса, которые находятся в пределах 500 м от аптеки, чтобы убедиться, что не нарушается природоохранная зона.;В отображаемом слое для проекта Проект территории в Новосаратовке показаны объекты типа «Лес», расположенные в радиусе 500 м от объектов типа «Аптека».;1 - слой с объектами «Лес», 2 - слой с объектами «Аптека», учитывающий буфер 500 м вокруг каждого объекта.;;846;Аптека;Лес;74;5;Аптека;Лес;500
668;;Проект территории в Новосаратовке;633;Исходный;Выведи аптеки, расположенные внутри радиуса 150 м от остановки наземного общественного транспорта, чтобы оценить их взаимное расположение.;В отображаемом слое для проекта Проект территории в Новосаратовке показаны объекты типа «Аптека», расположенные в радиусе 150 м от объектов типа «Остановка наземного общественного транспорта».;1 - слой с объектами «Аптека», 2 - слой с объектами «Остановка наземного общественного транспорта», учитывающий буфер 150 м вокруг каждого объекта.;;846;Остановка наземного общественного транспорта, Аптека;;74;6;Остановка наземного общественного транспорта;Аптека;150
669;;Проект территории в Новосаратовке;633;Исходный;Подсчитай озёра, которые находятся не далее чем 200 м от местной дороги, чтобы понять влияние водных объектов на инфраструктуру.;В отображаемом слое для проекта Проект территории в Новосаратовке показаны объекты типа «Озеро», расположенные в радиусе 200 м от объектов типа «Местная дорога».;1 - слой с объектами «Озеро», 2 - слой с объектами «Местная дорога», учитывающий буфер 200 м вокруг каждого объекта.;;846;;Местная дорога, Озеро;74;7;Местная дорога;Озеро;200
670;;Проект территории в Новосаратовке;633;Исходный;Уточни остановки наземного транспорта, которые находятся в пределах 100 м от местной дороги, чтобы убедиться в их соответствии требованиям безопасности.;В отображаемом слое для проекта Проект территории в Новосаратовке показаны объекты типа «Остановка наземного транспорта», расположенные в радиусе 100 м от объектов типа «Местная дорога».;1 - слой с объектами «Остановка наземного транспорта», 2 - слой с объектами «Местная дорога», учитывающий буфер 100 м вокруг каждого объекта.;;846;;Местная дорога, Остановка наземного транспорта;74;8;Местная дорога;Остановка наземного транспорта;100
671;;Проект территории в Новосаратовке;633;Исходный;Сколько пунктов выдачи находятся внутри радиуса 100 м от аптеки, чтобы оценить их доступность для населения.;В отображаемом слое для проекта Проект территории в Новосаратовке показаны объекты типа «Пункт выдачи», расположенные в радиусе 100 м от объектов типа «Аптека».;1 - слой с объектами «Пункт выдачи», 2 - слой с объектами «Аптека», учитывающий буфер 100 м вокруг каждого объекта.;;846;Аптека, Пункт выдачи;;74;9;Аптека;Пункт выдачи;100
672;;Проект территории в Новосаратовке;633;Исходный;Покажи остановки наземного общественного транспорта в радиусе 200 м от жилого дома, чтобы оценить доступность.;В отображаемом слое для проекта Проект территории в Новосаратовке показаны объекты типа «Остановка наземного общественного транспорта», расположенные в радиусе 200 м от объектов типа «Жилой дом».;1 - слой с объектами «Остановка наземного общественного транспорта», 2 - слой с объектами «Жилой дом», учитывающий буфер 200 м вокруг каждого объекта.;;846;Остановка наземного общественного транспорта;Жилой дом;75;1;Жилой дом;Остановка наземного общественного транспорта;200
673;;Проект территории в Новосаратовке;633;Исходный;Найди региональные дороги в пределах 50 м от остановок наземного транспорта, чтобы проверить инфраструктурную связанность.;В отображаемом слое для проекта Проект территории в Новосаратовке показаны объекты типа «Региональная дорога», расположенные в радиусе 50 м от объектов типа «Остановка наземного транспорта».;1 - слой с объектами «Региональная дорога», 2 - слой с объектами «Остановка наземного транспорта», учитывающий буфер 50 м вокруг каждого объекта.;;846;;Остановка наземного транспорта, Региональная дорога;75;2;Остановка наземного транспорта;Региональная дорога;50
674;;Проект территории в Новосаратовке;633;Исходный;Определи аптеки в радиусе 300 м от нежилых зданий, чтобы оценить доступность медицинских услуг.;В отображаемом слое для проекта Проект территории в Новосаратовке показаны объекты типа «Аптека», расположенные в радиусе 300 м от объектов типа «Нежилое здание».;1 - слой с объектами «Аптека», 2 - слой с объектами «Нежилое здание», учитывающий буфер 300 м вокруг каждого объекта.;;846;Аптека;Нежилое здание;75;3;Нежилое здание;Аптека;300
675;;Проект территории в Новосаратовке;633;Исходный;Выведи остановки наземного транспорта, которые находятся не далее чем 50 м от жилых домов, чтобы оценить безопасность пешеходов.;В отображаемом слое для проекта Проект территории в Новосаратовке показаны объекты типа «Остановка наземного транспорта», расположенные в радиусе 50 м от объектов типа «Жилой дом».;1 - слой с объектами «Остановка наземного транспорта», 2 - слой с объектами «Жилой дом», учитывающий буфер 50 м вокруг каждого объекта.;;846;;Жилой дом, Остановка наземного транспорта;75;4;Жилой дом;Остановка наземного транспорта;50
676;;Проект территории в Новосаратовке;633;Исходный;Проверь пункты выдачи в радиусе 50 м от местных дорог, чтобы убедиться в удобстве доступа для жителей.;В отображаемом слое для проекта Проект территории в Новосаратовке показаны объекты типа «Пункт выдачи», расположенные в радиусе 50 м от объектов типа «Местная дорога».;1 - слой с объектами «Пункт выдачи», 2 - слой с объектами «Местная дорога», учитывающий буфер 50 м вокруг каждого объекта.;;846;Пункт выдачи;Местная дорога;75;5;Местная дорога;Пункт выдачи;50
677;;Проект территории в Новосаратовке;633;Исходный;Выведи водные объекты в пределах 150 м от аптек, чтобы оценить риск воздействия на здоровье.;В отображаемом слое для проекта Проект территории в Новосаратовке показаны объекты типа «Водный объект», расположенные в радиусе 150 м от объектов типа «Аптека».;1 - слой с объектами «Водный объект», 2 - слой с объектами «Аптека», учитывающий буфер 150 м вокруг каждого объекта.;;846;Аптека;Водный объект;75;6;Аптека;Водный объект;150
678;;Проект территории в Новосаратовке;633;Исходный;Покажи нежилые здания в радиусе 50 м от промышленных территорий, чтобы проверить соблюдение санитарных норм.;В отображаемом слое для проекта Проект территории в Новосаратовке показаны объекты типа «Нежилое здание», расположенные в радиусе 50 м от объектов типа «Промышленная территория».;1 - слой с объектами «Нежилое здание», 2 - слой с объектами «Промышленная территория», учитывающий буфер 50 м вокруг каждого объекта.;;846;;Промышленная территория, Нежилое здание;75;7;Промышленная территория;Нежилое здание;50
679;;Проект территории в Новосаратовке;633;Исходный;Найди пункты выдачи в пределах 300 м от аптек, чтобы оценить доступность сервисов.;В отображаемом слое для проекта Проект территории в Новосаратовке показаны объекты типа «Пункт выдачи», расположенные в радиусе 300 м от объектов типа «Аптека».;1 - слой с объектами «Пункт выдачи», 2 - слой с объектами «Аптека», учитывающий буфер 300 м вокруг каждого объекта.;;846;Аптека, Пункт выдачи;;75;8;Аптека;Пункт выдачи;300
680;;Проект территории в Новосаратовке;633;Исходный;Определи пункты выдачи в радиусе 300 м от жилых домов, чтобы улучшить планировку сервисных зон.;В отображаемом слое для проекта Проект территории в Новосаратовке показаны объекты типа «Пункт выдачи», расположенные в радиусе 300 м от объектов типа «Жилой дом».;1 - слой с объектами «Пункт выдачи», 2 - слой с объектами «Жилой дом», учитывающий буфер 300 м вокруг каждого объекта.;;846;Пункт выдачи;Жилой дом;75;9;Жилой дом;Пункт выдачи;300
681;;"ЖК ""Домашний""";593;Исходный;"Найди нежилые здания, находящиеся внутри радиуса 200 м от детской площадки; это поможет оценить наличие инфраструктуры для детей.";"В отображаемом слое для проекта ЖК ""Домашний"" показаны объекты типа «Нежилое здание», расположенные в радиусе 200 м от объектов типа «Детская площадка».";1 - слой с объектами «Нежилое здание», 2 - слой с объектами «Детская площадка», учитывающий буфер 200 м вокруг каждого объекта.;;744;Детская площадка;Нежилое здание;76;1;Детская площадка;Нежилое здание;200
682;;"ЖК ""Домашний""";593;Исходный;"Покажи парковки, расположенные в пределах 50 м от рекреационной зоны; это важно для планирования транспортных потоков.";"В отображаемом слое для проекта ЖК ""Домашний"" показаны объекты типа «Парковка», расположенные в радиусе 50 м от объектов типа «Рекреационная зона».";1 - слой с объектами «Парковка», 2 - слой с объектами «Рекреационная зона», учитывающий буфер 50 м вокруг каждого объекта.;;744;;Рекреационная зона, Парковка;76;2;Рекреационная зона;Парковка;50
683;;"ЖК ""Домашний""";593;Исходный;"Определи промышленные территории, находящиеся не далее чем 300 м от рекреационной зоны; нужны данные для оценки воздействия.";"В отображаемом слое для проекта ЖК ""Домашний"" показаны объекты типа «Промышленная территория», расположенные в радиусе 300 м от объектов типа «Рекреационная зона».";1 - слой с объектами «Промышленная территория», 2 - слой с объектами «Рекреационная зона», учитывающий буфер 300 м вокруг каждого объекта.;;744;;Рекреационная зона, Промышленная территория;76;3;Рекреационная зона;Промышленная территория;300
684;;"ЖК ""Домашний""";593;Исходный;"Выведи площадки для выгула собак, которые находятся внутри радиуса 100 м от детской площадки; это обеспечит безопасную среду.";"В отображаемом слое для проекта ЖК ""Домашний"" показаны объекты типа «Площадка для выгула собак», расположенные в радиусе 100 м от объектов типа «Детская площадка».";1 - слой с объектами «Площадка для выгула собак», 2 - слой с объектами «Детская площадка», учитывающий буфер 100 м вокруг каждого объекта.;;744;Детская площадка, Площадка для выгула собак;;76;4;Детская площадка;Площадка для выгула собак;100
685;;"ЖК ""Домашний""";593;Исходный;Сколько детских площадок находятся не далее чем 150 м от площадки для выгула собак? Это поможет понять доступность игровых площадок.;"В отображаемом слое для проекта ЖК ""Домашний"" показаны объекты типа «Детская площадка», расположенные в радиусе 150 м от объектов типа «Площадка для выгула собак».";1 - слой с объектами «Детская площадка», 2 - слой с объектами «Площадка для выгула собак», учитывающий буфер 150 м вокруг каждого объекта.;;744;Площадка для выгула собак, Детская площадка;;76;5;Площадка для выгула собак;Детская площадка;150
686;;"ЖК ""Домашний""";593;Исходный;"Проверь парковки, расположенные в пределах 50 м от промышленной территории; это важно для контроля транспортных потоков.";"В отображаемом слое для проекта ЖК ""Домашний"" показаны объекты типа «Парковка», расположенные в радиусе 50 м от объектов типа «Промышленная территория».";1 - слой с объектами «Парковка», 2 - слой с объектами «Промышленная территория», учитывающий буфер 50 м вокруг каждого объекта.;;744;;Промышленная территория, Парковка;76;6;Промышленная территория;Парковка;50
687;;"ЖК ""Домашний""";593;Исходный;"Определи остановки наземного транспорта, которые находятся внутри радиуса 50 м от нежилого здания; это необходимо для улучшения доступа.";"В отображаемом слое для проекта ЖК ""Домашний"" показаны объекты типа «Остановка наземного транспорта», расположенные в радиусе 50 м от объектов типа «Нежилое здание».";1 - слой с объектами «Остановка наземного транспорта», 2 - слой с объектами «Нежилое здание», учитывающий буфер 50 м вокруг каждого объекта.;;744;;Нежилое здание, Остановка наземного транспорта;76;7;Нежилое здание;Остановка наземного транспорта;50
688;;"ЖК ""Домашний""";593;Исходный;"Покажи промышленные территории, расположенные не далее чем 500 м от линии электропередачи; это важно для оценки риска.";"В отображаемом слое для проекта ЖК ""Домашний"" показаны объекты типа «Промышленная территория», расположенные в радиусе 500 м от объектов типа «Линия электропередачи».";1 - слой с объектами «Промышленная территория», 2 - слой с объектами «Линия электропередачи», учитывающий буфер 500 м вокруг каждого объекта.;;744;;Линия электропередачи, Промышленная территория;76;8;Линия электропередачи;Промышленная территория;500
689;;"ЖК ""Домашний""";593;Исходный;"Выведи остановки наземного транспорта, находящиеся внутри радиуса 300 м от детской площадки; это поможет в планировании транспортной доступности.";"В отображаемом слое для проекта ЖК ""Домашний"" показаны объекты типа «Остановка наземного транспорта», расположенные в радиусе 300 м от объектов типа «Детская площадка».";1 - слой с объектами «Остановка наземного транспорта», 2 - слой с объектами «Детская площадка», учитывающий буфер 300 м вокруг каждого объекта.;;744;Детская площадка;Остановка наземного транспорта;76;9;Детская площадка;Остановка наземного транспорта;300
690;;"ЖК ""Домашний""";593;Исходный;Покажи жилые дома, находящиеся внутри радиуса 200 м от детской площадки.;"В отображаемом слое для проекта ЖК ""Домашний"" показаны объекты типа «Жилой дом», расположенные в радиусе 200 м от объектов типа «Детская площадка».";1 - слой с объектами «Жилой дом», 2 - слой с объектами «Детская площадка», учитывающий буфер 200 м вокруг каждого объекта.;;744;Детская площадка;Жилой дом;77;1;Детская площадка;Жилой дом;200
691;;"ЖК ""Домашний""";593;Исходный;Найди площадки для выгула собак, которые находятся в пределах радиуса 200 м от рекреационной зоны.;"В отображаемом слое для проекта ЖК ""Домашний"" показаны объекты типа «Площадка для выгула собак», расположенные в радиусе 200 м от объектов типа «Рекреационная зона».";1 - слой с объектами «Площадка для выгула собак», 2 - слой с объектами «Рекреационная зона», учитывающий буфер 200 м вокруг каждого объекта.;;744;Площадка для выгула собак;Рекреационная зона;77;2;Рекреационная зона;Площадка для выгула собак;200
692;;"ЖК ""Домашний""";593;Исходный;Определи количество жилых домов, расположенных не далее чем 50 м от рекреационной зоны.;"В отображаемом слое для проекта ЖК ""Домашний"" показаны объекты типа «Жилой дом», расположенные в радиусе 50 м от объектов типа «Рекреационная зона».";1 - слой с объектами «Жилой дом», 2 - слой с объектами «Рекреационная зона», учитывающий буфер 50 м вокруг каждого объекта.;;744;;Рекреационная зона, Жилой дом;77;3;Рекреационная зона;Жилой дом;50
693;;"ЖК ""Домашний""";593;Исходный;Сколько промышленных территорий находится внутри радиуса 100 м от линии электропередачи? Это важно для оценки зоны риска.;"В отображаемом слое для проекта ЖК ""Домашний"" показаны объекты типа «Промышленная территория», расположенные в радиусе 100 м от объектов типа «Линия электропередачи».";1 - слой с объектами «Промышленная территория», 2 - слой с объектами «Линия электропередачи», учитывающий буфер 100 м вокруг каждого объекта.;;744;;Линия электропередачи, Промышленная территория;77;4;Линия электропередачи;Промышленная территория;100
694;;"ЖК ""Домашний""";593;Исходный;Проверь, есть ли линии электропередачи в пределах радиуса 500 м от рекреационной зоны.;"В отображаемом слое для проекта ЖК ""Домашний"" показаны объекты типа «Линия электропередачи», расположенные в радиусе 500 м от объектов типа «Рекреационная зона».";1 - слой с объектами «Линия электропередачи», 2 - слой с объектами «Рекреационная зона», учитывающий буфер 500 м вокруг каждого объекта.;;744;;Рекреационная зона, Линия электропередачи;77;5;Рекреационная зона;Линия электропередачи;500
695;;"ЖК ""Домашний""";593;Исходный;Выведи детские площадки, находящиеся не далее чем 500 м от площадки.;"В отображаемом слое для проекта ЖК ""Домашний"" показаны объекты типа «Детская площадка», расположенные в радиусе 500 м от объектов типа «Площадка».";1 - слой с объектами «Детская площадка», 2 - слой с объектами «Площадка», учитывающий буфер 500 м вокруг каждого объекта.;;744;Детская площадка;Площадка;77;6;Площадка;Детская площадка;500
696;;"ЖК ""Домашний""";593;Исходный;Покажи нежилые здания, которые находятся внутри радиуса 300 м от площадки для выгула собак.;"В отображаемом слое для проекта ЖК ""Домашний"" показаны объекты типа «Нежилое здание», расположенные в радиусе 300 м от объектов типа «Площадка для выгула собак».";1 - слой с объектами «Нежилое здание», 2 - слой с объектами «Площадка для выгула собак», учитывающий буфер 300 м вокруг каждого объекта.;;744;Площадка для выгула собак;Нежилое здание;77;7;Площадка для выгула собак;Нежилое здание;300
697;;"ЖК ""Домашний""";593;Исходный;Найди детские площадки, расположенные в пределах радиуса 300 м от рекреационной зоны.;"В отображаемом слое для проекта ЖК ""Домашний"" показаны объекты типа «Детская площадка», расположенные в радиусе 300 м от объектов типа «Рекреационная зона».";1 - слой с объектами «Детская площадка», 2 - слой с объектами «Рекреационная зона», учитывающий буфер 300 м вокруг каждого объекта.;;744;Детская площадка;Рекреационная зона;77;8;Рекреационная зона;Детская площадка;300
698;;"ЖК ""Домашний""";593;Исходный;Определи, сколько рекреационных зон находится внутри радиуса 300 м от жилых домов.;"В отображаемом слое для проекта ЖК ""Домашний"" показаны объекты типа «Рекреационная зона», расположенные в радиусе 300 м от объектов типа «Жилой дом».";1 - слой с объектами «Рекреационная зона», 2 - слой с объектами «Жилой дом», учитывающий буфер 300 м вокруг каждого объекта.;;744;;Жилой дом, Рекреационная зона;77;9;Жилой дом;Рекреационная зона;300
699;;город Светогорск;604;Исходный;Покажи травяное покрытие, которое находится в пределах 50 м от федеральной дороги, чтобы оценить наличие зеленых зон поблизости.;В отображаемом слое для проекта город Светогорск показаны объекты типа «Травяное покрытие», расположенные в радиусе 50 м от объектов типа «Федеральная дорога».;1 - слой с объектами «Травяное покрытие», 2 - слой с объектами «Федеральная дорога», учитывающий буфер 50 м вокруг каждого объекта.;;772;;Федеральная дорога, Травяное покрытие;78;1;Федеральная дорога;Травяное покрытие;50
700;;город Светогорск;604;Исходный;Найди отделения банка, расположенные в пределах 300 м от остановки наземного общественного транспорта, чтобы понять доступность банковских услуг для пассажиров.;В отображаемом слое для проекта город Светогорск показаны объекты типа «Отделение банка», расположенные в радиусе 300 м от объектов типа «Остановка наземного общественного транспорта».;1 - слой с объектами «Отделение банка», 2 - слой с объектами «Остановка наземного общественного транспорта», учитывающий буфер 300 м вокруг каждого объекта.;;772;Остановка наземного общественного транспорта, Отделение банка;;78;2;Остановка наземного общественного транспорта;Отделение банка;300
701;;город Светогорск;604;Исходный;Определи водный объект, находящийся в пределах 50 м от детской площадки, для оценки риска затопления.;В отображаемом слое для проекта город Светогорск показаны объекты типа «Водный объект», расположенные в радиусе 50 м от объектов типа «Детская площадка».;1 - слой с объектами «Водный объект», 2 - слой с объектами «Детская площадка», учитывающий буфер 50 м вокруг каждого объекта.;;772;Детская площадка;Водный объект;78;3;Детская площадка;Водный объект;50
702;;город Светогорск;604;Исходный;Сколько травяного покрытия находится в пределах 50 м от леса, чтобы оценить площадь зеленой зоны.;В отображаемом слое для проекта город Светогорск показаны объекты типа «Травяное покрытие», расположенные в радиусе 50 м от объектов типа «Лес».;1 - слой с объектами «Травяное покрытие», 2 - слой с объектами «Лес», учитывающий буфер 50 м вокруг каждого объекта.;;772;;Лес, Травяное покрытие;78;4;Лес;Травяное покрытие;50
703;;город Светогорск;604;Исходный;Проверь наличие леса в пределах 300 м от пункта выдачи, чтобы убедиться в экологической безопасности.;В отображаемом слое для проекта город Светогорск показаны объекты типа «Лес», расположенные в радиусе 300 м от объектов типа «Пункт выдачи».;1 - слой с объектами «Лес», 2 - слой с объектами «Пункт выдачи», учитывающий буфер 300 м вокруг каждого объекта.;;772;Пункт выдачи;Лес;78;5;Пункт выдачи;Лес;300
704;;город Светогорск;604;Исходный;Выведи объекты продуктов (магазин у дома), расположенные в пределах 300 м от федеральной дороги, для планирования зоны обслуживания.;В отображаемом слое для проекта город Светогорск показаны объекты типа «Продукты (магазин у дома)», расположенные в радиусе 300 м от объектов типа «Федеральная дорога».;1 - слой с объектами «Продукты (магазин у дома)», 2 - слой с объектами «Федеральная дорога», учитывающий буфер 300 м вокруг каждого объекта.;;772;Продукты (магазин у дома);Федеральная дорога;78;6;Федеральная дорога;Продукты (магазин у дома);300
705;;город Светогорск;604;Исходный;Считай жилые дома, находящиеся в пределах 500 м от библиотеки, чтобы оценить доступность жилья к культурным объектам.;В отображаемом слое для проекта город Светогорск показаны объекты типа «Жилой дом», расположенные в радиусе 500 м от объектов типа «Библиотека».;1 - слой с объектами «Жилой дом», 2 - слой с объектами «Библиотека», учитывающий буфер 500 м вокруг каждого объекта.;;772;Библиотека;Жилой дом;78;7;Библиотека;Жилой дом;500
706;;город Светогорск;604;Исходный;Исследуй площадки, расположенные в пределах 200 м от школы, чтобы понять возможности для активного отдыха.;В отображаемом слое для проекта город Светогорск показаны объекты типа «Площадка», расположенные в радиусе 200 м от объектов типа «Школа».;1 - слой с объектами «Площадка», 2 - слой с объектами «Школа», учитывающий буфер 200 м вокруг каждого объекта.;;772;Школа;Площадка;78;8;Школа;Площадка;200
707;;город Светогорск;604;Исходный;Отметь аптеку, находящуюся в пределах 500 м от травяного покрытия, чтобы убедиться в доступности медицинских услуг.;В отображаемом слое для проекта город Светогорск показаны объекты типа «Аптека», расположенные в радиусе 500 м от объектов типа «Травяное покрытие».;1 - слой с объектами «Аптека», 2 - слой с объектами «Травяное покрытие», учитывающий буфер 500 м вокруг каждого объекта.;;772;Аптека;Травяное покрытие;78;9;Травяное покрытие;Аптека;500
708;;город Светогорск;604;Исходный;Проверь, сколько детских площадок находятся внутри радиуса 100 м от местной дороги.;В отображаемом слое для проекта город Светогорск показаны объекты типа «Детская площадка», расположенные в радиусе 100 м от объектов типа «Местная дорога».;1 - слой с объектами «Детская площадка», 2 - слой с объектами «Местная дорога», учитывающий буфер 100 м вокруг каждого объекта.;;772;Детская площадка;Местная дорога;79;1;Местная дорога;Детская площадка;100
709;;город Светогорск;604;Исходный;Определи, какие почтовые отделения расположены в пределах 150 м от региональной дороги.;В отображаемом слое для проекта город Светогорск показаны объекты типа «Почтовое отделение», расположенные в радиусе 150 м от объектов типа «Региональная дорога».;1 - слой с объектами «Почтовое отделение», 2 - слой с объектами «Региональная дорога», учитывающий буфер 150 м вокруг каждого объекта.;;772;Почтовое отделение;Региональная дорога;79;2;Региональная дорога;Почтовое отделение;150
710;;город Светогорск;604;Исходный;Найди нежилые здания, находящиеся в пределах 100 м от рекреационной зоны.;В отображаемом слое для проекта город Светогорск показаны объекты типа «Нежилое здание», расположенные в радиусе 100 м от объектов типа «Рекреационная зона».;1 - слой с объектами «Нежилое здание», 2 - слой с объектами «Рекреационная зона», учитывающий буфер 100 м вокруг каждого объекта.;;772;;Рекреационная зона, Нежилое здание;79;3;Рекреационная зона;Нежилое здание;100
711;;город Светогорск;604;Исходный;Выведи все водные объекты, расположенные не далее чем 200 м от нежилого здания.;В отображаемом слое для проекта город Светогорск показаны объекты типа «Водный объект», расположенные в радиусе 200 м от объектов типа «Нежилое здание».;1 - слой с объектами «Водный объект», 2 - слой с объектами «Нежилое здание», учитывающий буфер 200 м вокруг каждого объекта.;;772;;Нежилое здание, Водный объект;79;4;Нежилое здание;Водный объект;200
712;;город Светогорск;604;Исходный;Сколько пунктов выдачи находятся в пределах 200 м от салона красоты?;В отображаемом слое для проекта город Светогорск показаны объекты типа «Пункт выдачи», расположенные в радиусе 200 м от объектов типа «Салон красоты».;1 - слой с объектами «Пункт выдачи», 2 - слой с объектами «Салон красоты», учитывающий буфер 200 м вокруг каждого объекта.;;772;Салон красоты, Пункт выдачи;;79;5;Салон красоты;Пункт выдачи;200
713;;город Светогорск;604;Исходный;Покажи травяное покрытие, которое находится в пределах 500 м от продуктов (магазин у дома).;В отображаемом слое для проекта город Светогорск показаны объекты типа «Травяное покрытие», расположенные в радиусе 500 м от объектов типа «Продукты (магазин у дома)».;1 - слой с объектами «Травяное покрытие», 2 - слой с объектами «Продукты (магазин у дома)», учитывающий буфер 500 м вокруг каждого объекта.;;772;Продукты (магазин у дома);Травяное покрытие;79;6;Продукты (магазин у дома);Травяное покрытие;500
714;;город Светогорск;604;Исходный;Уточни стоматологические клиники, расположенные не далее чем 200 м от леса.;В отображаемом слое для проекта город Светогорск показаны объекты типа «Стоматологическая клиника», расположенные в радиусе 200 м от объектов типа «Лес».;1 - слой с объектами «Стоматологическая клиника», 2 - слой с объектами «Лес», учитывающий буфер 200 м вокруг каждого объекта.;;772;Стоматологическая клиника;Лес;79;7;Лес;Стоматологическая клиника;200
715;;город Светогорск;604;Исходный;Сравни полицейские участки, находящиеся в пределах 300 м от нежилого здания.;В отображаемом слое для проекта город Светогорск показаны объекты типа «Полицейский участок», расположенные в радиусе 300 м от объектов типа «Нежилое здание».;1 - слой с объектами «Полицейский участок», 2 - слой с объектами «Нежилое здание», учитывающий буфер 300 м вокруг каждого объекта.;;772;Полицейский участок;Нежилое здание;79;8;Нежилое здание;Полицейский участок;300
716;;город Светогорск;604;Исходный;Посчитай детские сады, которые находятся в пределах 200 м от нежилого здания.;В отображаемом слое для проекта город Светогорск показаны объекты типа «Детский сад», расположенные в радиусе 200 м от объектов типа «Нежилое здание».;1 - слой с объектами «Детский сад», 2 - слой с объектами «Нежилое здание», учитывающий буфер 200 м вокруг каждого объекта.;;772;Детский сад;Нежилое здание;79;9;Нежилое здание;Детский сад;200
717;;город Светогорск;604;Исходный;"Найди стоматологические клиники, расположенные внутри радиуса 500 м от нежилых зданий; требуется учесть доступность медицинских услуг в жилых районах.";В отображаемом слое для проекта город Светогорск показаны объекты типа «Стоматологическая клиника», расположенные в радиусе 500 м от объектов типа «Нежилое здание».;1 - слой с объектами «Стоматологическая клиника», 2 - слой с объектами «Нежилое здание», учитывающий буфер 500 м вокруг каждого объекта.;;772;Стоматологическая клиника;Нежилое здание;80;1;Нежилое здание;Стоматологическая клиника;500
718;;город Светогорск;604;Исходный;"Покажи озёра, находящиеся в пределах 500 м от аптек; это важно для оценки водных ресурсов рядом с точками продаж лекарств.";В отображаемом слое для проекта город Светогорск показаны объекты типа «Озеро», расположенные в радиусе 500 м от объектов типа «Аптека».;1 - слой с объектами «Озеро», 2 - слой с объектами «Аптека», учитывающий буфер 500 м вокруг каждого объекта.;;772;Аптека;Озеро;80;2;Аптека;Озеро;500
719;;город Светогорск;604;Исходный;"Определи зеленые зоны, попадающие не далее чем 150 м от магазинов одежды и обуви; нужна информация о зелёных пространствах в торговых центрах.";В отображаемом слое для проекта город Светогорск показаны объекты типа «Зеленая зона», расположенные в радиусе 150 м от объектов типа «Одежда и обувь».;1 - слой с объектами «Зеленая зона», 2 - слой с объектами «Одежда и обувь», учитывающий буфер 150 м вокруг каждого объекта.;;772;Одежда и обувь;Зеленая зона;80;3;Одежда и обувь;Зеленая зона;150
720;;город Светогорск;604;Исходный;"Выведи зеленые зоны, которые находятся внутри радиуса 100 м от почтовых отделений; нужно убедиться в доступности зелёных пространств для почтовых служащих.";В отображаемом слое для проекта город Светогорск показаны объекты типа «Зеленая зона», расположенные в радиусе 100 м от объектов типа «Почтовое отделение».;1 - слой с объектами «Зеленая зона», 2 - слой с объектами «Почтовое отделение», учитывающий буфер 100 м вокруг каждого объекта.;;772;Почтовое отделение;Зеленая зона;80;4;Почтовое отделение;Зеленая зона;100
721;;город Светогорск;604;Исходный;"Проверь местные дороги, расположенные не далее чем 500 м от многофункциональных центров предоставления государственных и муниципальных услуг; важность для транспортной доступности.";В отображаемом слое для проекта город Светогорск показаны объекты типа «Местная дорога», расположенные в радиусе 500 м от объектов типа «Многофункциональные центры предоставления государственных и муниципальных услуг».;1 - слой с объектами «Местная дорога», 2 - слой с объектами «Многофункциональные центры предоставления государственных и муниципальных услуг», учитывающий буфер 500 м вокруг каждого объекта.;;772;Многофункциональные центры предоставления государственных и муниципальных услуг;Местная дорога;80;5;Многофункциональные центры предоставления государственных и муниципальных услуг;Местная дорога;500
722;;город Светогорск;604;Исходный;Сколько бытовой техники размещено внутри радиуса 300 м от почтовых отделений? Нужно уточнить расположение торговых точек.;В отображаемом слое для проекта город Светогорск показаны объекты типа «Бытовая техника», расположенные в радиусе 300 м от объектов типа «Почтовое отделение».;1 - слой с объектами «Бытовая техника», 2 - слой с объектами «Почтовое отделение», учитывающий буфер 300 м вокруг каждого объекта.;;772;Почтовое отделение, Бытовая техника;;80;6;Почтовое отделение;Бытовая техника;300
723;;город Светогорск;604;Исходный;"Выведи парикмахерские, расположенные в пределах 500 м от парков; это необходимо для планирования услуг в парках.";В отображаемом слое для проекта город Светогорск показаны объекты типа «Парикмахер», расположенные в радиусе 500 м от объектов типа «Парк».;1 - слой с объектами «Парикмахер», 2 - слой с объектами «Парк», учитывающий буфер 500 м вокруг каждого объекта.;;772;Парк, Парикмахер;;80;7;Парк;Парикмахер;500
724;;город Светогорск;604;Исходный;"Покажи одежду и обувь, находящиеся не далее чем 500 м от многофункциональных центров предоставления государственных и муниципальных услуг; требуется информация о торговле рядом с госслужбой.";В отображаемом слое для проекта город Светогорск показаны объекты типа «Одежда и обувь», расположенные в радиусе 500 м от объектов типа «Многофункциональные центры предоставления государственных и муниципальных услуг».;1 - слой с объектами «Одежда и обувь», 2 - слой с объектами «Многофункциональные центры предоставления государственных и муниципальных услуг», учитывающий буфер 500 м вокруг каждого объекта.;;772;Многофункциональные центры предоставления государственных и муниципальных услуг, Одежда и обувь;;80;8;Многофункциональные центры предоставления государственных и муниципальных услуг;Одежда и обувь;500
725;;город Светогорск;604;Исходный;"Определи стоматологические клиники, которые находятся внутри радиуса 50 м от федеральных дорог; нужно убедиться в доступности медицинских услуг у трасс.";В отображаемом слое для проекта город Светогорск показаны объекты типа «Стоматологическая клиника», расположенные в радиусе 50 м от объектов типа «Федеральная дорога».;1 - слой с объектами «Стоматологическая клиника», 2 - слой с объектами «Федеральная дорога», учитывающий буфер 50 м вокруг каждого объекта.;;772;Стоматологическая клиника;Федеральная дорога;80;9;Федеральная дорога;Стоматологическая клиника;50
726;;город Светогорск;604;Исходный;Покажи, сколько участков травяного покрытия находятся в пределах 50 м от супермаркета, чтобы убедиться в соблюдении зонального требования.;В отображаемом слое для проекта город Светогорск показаны объекты типа «Травяное покрытие», расположенные в радиусе 50 м от объектов типа «Супермаркет».;1 - слой с объектами «Травяное покрытие», 2 - слой с объектами «Супермаркет», учитывающий буфер 50 м вокруг каждого объекта.;;772;Супермаркет;Травяное покрытие;81;1;Супермаркет;Травяное покрытие;50
727;;город Светогорск;604;Исходный;Найди отделения банка, расположенные в пределах 500 м от детского сада, так как наличие банков рядом с детскими учреждениями может влиять на безопасность.;В отображаемом слое для проекта город Светогорск показаны объекты типа «Отделение банка», расположенные в радиусе 500 м от объектов типа «Детский сад».;1 - слой с объектами «Отделение банка», 2 - слой с объектами «Детский сад», учитывающий буфер 500 м вокруг каждого объекта.;;772;Детский сад, Отделение банка;;81;2;Детский сад;Отделение банка;500
728;;город Светогорск;604;Исходный;Определи, сколько пожарных станций находятся не далее чем 500 м от промышленной территории, чтобы проверить соблюдение требований пожарной безопасности.;В отображаемом слое для проекта город Светогорск показаны объекты типа «Пожарная станция», расположенные в радиусе 500 м от объектов типа «Промышленная территория».;1 - слой с объектами «Пожарная станция», 2 - слой с объектами «Промышленная территория», учитывающий буфер 500 м вокруг каждого объекта.;;772;Пожарная станция;Промышленная территория;81;3;Промышленная территория;Пожарная станция;500
729;;город Светогорск;604;Исходный;Проверь, какие салоны красоты расположены в пределах 500 м от зеленой зоны, чтобы оценить доступность услуг в экологически чистой области.;В отображаемом слое для проекта город Светогорск показаны объекты типа «Салон красоты», расположенные в радиусе 500 м от объектов типа «Зеленая зона».;1 - слой с объектами «Салон красоты», 2 - слой с объектами «Зеленая зона», учитывающий буфер 500 м вокруг каждого объекта.;;772;Салон красоты;Зеленая зона;81;4;Зеленая зона;Салон красоты;500
730;;город Светогорск;604;Исходный;Сколько остановок наземного общественного транспорта находятся в пределах 300 м от отделения банка, чтобы убедиться в удобстве доступа для клиентов.;В отображаемом слое для проекта город Светогорск показаны объекты типа «Остановка наземного общественного транспорта», расположенные в радиусе 300 м от объектов типа «Отделение банка».;1 - слой с объектами «Остановка наземного общественного транспорта», 2 - слой с объектами «Отделение банка», учитывающий буфер 300 м вокруг каждого объекта.;;772;Отделение банка, Остановка наземного общественного транспорта;;81;5;Отделение банка;Остановка наземного общественного транспорта;300
731;;город Светогорск;604;Исходный;Сколько точек продажи одежды и обуви находятся в радиусе 500 м от региональной дороги, чтобы оценить коммерческую привлекательность транспортного пути.;В отображаемом слое для проекта город Светогорск показаны объекты типа «Одежда и обувь», расположенные в радиусе 500 м от объектов типа «Региональная дорога».;1 - слой с объектами «Одежда и обувь», 2 - слой с объектами «Региональная дорога», учитывающий буфер 500 м вокруг каждого объекта.;;772;Одежда и обувь;Региональная дорога;81;6;Региональная дорога;Одежда и обувь;500
732;;город Светогорск;604;Исходный;Считай, находятся ли реки не далее чем 150 м от федеральной дороги, чтобы оценить возможные риски подтопления.;В отображаемом слое для проекта город Светогорск показаны объекты типа «Река», расположенные в радиусе 150 м от объектов типа «Федеральная дорога».;1 - слой с объектами «Река», 2 - слой с объектами «Федеральная дорога», учитывающий буфер 150 м вокруг каждого объекта.;;772;;Федеральная дорога, Река;81;7;Федеральная дорога;Река;150
733;;город Светогорск;604;Исходный;Проверь, сколько продуктов (магазин у дома) находятся в пределах 50 м от промышленной территории, чтобы избежать конфликтов с промышленными зонами.;В отображаемом слое для проекта город Светогорск показаны объекты типа «Продукты (магазин у дома)», расположенные в радиусе 50 м от объектов типа «Промышленная территория».;1 - слой с объектами «Продукты (магазин у дома)», 2 - слой с объектами «Промышленная территория», учитывающий буфер 50 м вокруг каждого объекта.;;772;Продукты (магазин у дома);Промышленная территория;81;8;Промышленная территория;Продукты (магазин у дома);50
734;;город Светогорск;604;Исходный;Построй список аптек, находящихся в пределах 100 м от торгового центра, чтобы проверить доступность здравоохранения для посетителей.;В отображаемом слое для проекта город Светогорск показаны объекты типа «Аптека», расположенные в радиусе 100 м от объектов типа «Торговый центр».;1 - слой с объектами «Аптека», 2 - слой с объектами «Торговый центр», учитывающий буфер 100 м вокруг каждого объекта.;;772;Торговый центр, Аптека;;81;9;Торговый центр;Аптека;100
735;;Жилой район возле транспортно-промышленного хаба;1091;Демо;Покажи, сколько торговых центров находятся внутри радиуса 500 м от магазина «Продукты» у дома. Это поможет оценить конкуренцию.;В отображаемом слое для проекта Жилой район возле транспортно-промышленного хаба показаны объекты типа «Торговый центр», расположенные в радиусе 500 м от объектов типа «Продукты (магазин у дома)».;1 - слой с объектами «Торговый центр», 2 - слой с объектами «Продукты (магазин у дома)», учитывающий буфер 500 м вокруг каждого объекта.;;1747;Продукты (магазин у дома), Торговый центр;;82;1;Продукты (магазин у дома);Торговый центр;500
736;;Жилой район возле транспортно-промышленного хаба;1091;Демо;Найди больницы, которые находятся внутри радиуса 150 м от дома детского творчества. Это важно для обеспечения доступности медицинских услуг.;В отображаемом слое для проекта Жилой район возле транспортно-промышленного хаба показаны объекты типа «Больница», расположенные в радиусе 150 м от объектов типа «Дом детского творчества».;1 - слой с объектами «Больница», 2 - слой с объектами «Дом детского творчества», учитывающий буфер 150 м вокруг каждого объекта.;;1747;Дом детского творчества, Больница;;82;2;Дом детского творчества;Больница;150
737;;Жилой район возле транспортно-промышленного хаба;1091;Демо;Определи, сколько отделений банка расположены в пределах 100 м от кафе. Близость банков к кафе повышает удобство для посетителей.;В отображаемом слое для проекта Жилой район возле транспортно-промышленного хаба показаны объекты типа «Отделение банка», расположенные в радиусе 100 м от объектов типа «Кафе».;1 - слой с объектами «Отделение банка», 2 - слой с объектами «Кафе», учитывающий буфер 100 м вокруг каждого объекта.;;1747;Кафе, Отделение банка;;82;3;Кафе;Отделение банка;100
738;;Жилой район возле транспортно-промышленного хаба;1091;Демо;Определи, сколько пунктов выдачи находятся внутри радиуса 50 м от нежилого здания. Пункты рядом улучшат логистику.;В отображаемом слое для проекта Жилой район возле транспортно-промышленного хаба показаны объекты типа «Пункт выдачи», расположенные в радиусе 50 м от объектов типа «Нежилое здание».;1 - слой с объектами «Пункт выдачи», 2 - слой с объектами «Нежилое здание», учитывающий буфер 50 м вокруг каждого объекта.;;1747;Пункт выдачи;Нежилое здание;82;4;Нежилое здание;Пункт выдачи;50
739;;Жилой район возле транспортно-промышленного хаба;1091;Демо;Проверь, сколько салонов красоты находятся не далее чем 100 м от торгового центра. Это поможет понять влияние торгового центра на спрос.;В отображаемом слое для проекта Жилой район возле транспортно-промышленного хаба показаны объекты типа «Салон красоты», расположенные в радиусе 100 м от объектов типа «Торговый центр».;1 - слой с объектами «Салон красоты», 2 - слой с объектами «Торговый центр», учитывающий буфер 100 м вокруг каждого объекта.;;1747;Торговый центр, Салон красоты;;82;5;Торговый центр;Салон красоты;100
740;;Жилой район возле транспортно-промышленного хаба;1091;Демо;Выведи, сколько диспансеров расположены в пределах 200 м от кафе. Это важно для планирования здравоохранения в районе.;В отображаемом слое для проекта Жилой район возле транспортно-промышленного хаба показаны объекты типа «Диспансер», расположенные в радиусе 200 м от объектов типа «Кафе».;1 - слой с объектами «Диспансер», 2 - слой с объектами «Кафе», учитывающий буфер 200 м вокруг каждого объекта.;;1747;Кафе, Диспансер;;82;6;Кафе;Диспансер;200
741;;Жилой район возле транспортно-промышленного хаба;1091;Демо;Найди, сколько отделений банка находятся внутри радиуса 200 м от адвоката. Это покажет, насколько удобно клиентам.;В отображаемом слое для проекта Жилой район возле транспортно-промышленного хаба показаны объекты типа «Отделение банка», расположенные в радиусе 200 м от объектов типа «Адвокат».;1 - слой с объектами «Отделение банка», 2 - слой с объектами «Адвокат», учитывающий буфер 200 м вокруг каждого объекта.;;1747;Адвокат, Отделение банка;;82;7;Адвокат;Отделение банка;200
742;;Жилой район возле транспортно-промышленного хаба;1091;Демо;Определи, сколько стоматологических клиник находятся в пределах 50 м от леса. Это важно для оценки доступности стоматологических услуг в зеленой зоне.;В отображаемом слое для проекта Жилой район возле транспортно-промышленного хаба показаны объекты типа «Стоматологическая клиника», расположенные в радиусе 50 м от объектов типа «Лес».;1 - слой с объектами «Стоматологическая клиника», 2 - слой с объектами «Лес», учитывающий буфер 50 м вокруг каждого объекта.;;1747;Стоматологическая клиника;Лес;82;8;Лес;Стоматологическая клиника;50
743;;Жилой район возле транспортно-промышленного хаба;1091;Демо;Покажи, сколько женских консультаций находятся внутри радиуса 100 м от линии электропередачи. Это поможет оценить влияние линии на доступность услуг.;В отображаемом слое для проекта Жилой район возле транспортно-промышленного хаба показаны объекты типа «Женская консультация», расположенные в радиусе 100 м от объектов типа «Линия электропередачи».;1 - слой с объектами «Женская консультация», 2 - слой с объектами «Линия электропередачи», учитывающий буфер 100 м вокруг каждого объекта.;;1747;Женская консультация;Линия электропередачи;82;9;Линия электропередачи;Женская консультация;100
744;;Жилой район возле транспортно-промышленного хаба;1091;Демо;"Найди, сколько лесов находятся внутри радиуса 100 м от жилого дома; это поможет оценить доступность зелёных зон для жителей.";В отображаемом слое для проекта Жилой район возле транспортно-промышленного хаба показаны объекты типа «Лес», расположенные в радиусе 100 м от объектов типа «Жилой дом».;1 - слой с объектами «Лес», 2 - слой с объектами «Жилой дом», учитывающий буфер 100 м вокруг каждого объекта.;;1747;;Жилой дом, Лес;83;1;Жилой дом;Лес;100
745;;Жилой район возле транспортно-промышленного хаба;1091;Демо;"Покажи, какие водные объекты расположены в пределах 500 м от стоматологической клиники; важно для обеспечения санитарных условий пациентов.";В отображаемом слое для проекта Жилой район возле транспортно-промышленного хаба показаны объекты типа «Водный объект», расположенные в радиусе 500 м от объектов типа «Стоматологическая клиника».;1 - слой с объектами «Водный объект», 2 - слой с объектами «Стоматологическая клиника», учитывающий буфер 500 м вокруг каждого объекта.;;1747;Стоматологическая клиника;Водный объект;83;2;Стоматологическая клиника;Водный объект;500
746;;Жилой район возле транспортно-промышленного хаба;1091;Демо;"Определи, сколько торговых центров находятся не далее чем 300 м от реабилитационного центра; это даст представление о коммерческой доступности.";В отображаемом слое для проекта Жилой район возле транспортно-промышленного хаба показаны объекты типа «Торговый центр», расположенные в радиусе 300 м от объектов типа «Реабилитационный центр».;1 - слой с объектами «Торговый центр», 2 - слой с объектами «Реабилитационный центр», учитывающий буфер 300 м вокруг каждого объекта.;;1747;Реабилитационный центр, Торговый центр;;83;3;Реабилитационный центр;Торговый центр;300
747;;Жилой район возле транспортно-промышленного хаба;1091;Демо;"Выведи, какие салоны красоты находятся внутри радиуса 200 м от региональной дороги; удобно ли они расположены для проходящих.";В отображаемом слое для проекта Жилой район возле транспортно-промышленного хаба показаны объекты типа «Салон красоты», расположенные в радиусе 200 м от объектов типа «Региональная дорога».;1 - слой с объектами «Салон красоты», 2 - слой с объектами «Региональная дорога», учитывающий буфер 200 м вокруг каждого объекта.;;1747;Салон красоты;Региональная дорога;83;4;Региональная дорога;Салон красоты;200
748;;Жилой район возле транспортно-промышленного хаба;1091;Демо;"Проверь, сколько жилых домов находятся внутри радиуса 100 м от дома детского творчества; важно учитывать соседние жилые районы.";В отображаемом слое для проекта Жилой район возле транспортно-промышленного хаба показаны объекты типа «Жилой дом», расположенные в радиусе 100 м от объектов типа «Дом детского творчества».;1 - слой с объектами «Жилой дом», 2 - слой с объектами «Дом детского творчества», учитывающий буфер 100 м вокруг каждого объекта.;;1747;Дом детского творчества;Жилой дом;83;5;Дом детского творчества;Жилой дом;100
749;;Жилой район возле транспортно-промышленного хаба;1091;Демо;"Считай, какие библиотеки расположены в пределах 200 м от детских товаров; нужна информация для планирования культурных точек.";В отображаемом слое для проекта Жилой район возле транспортно-промышленного хаба показаны объекты типа «Библиотека», расположенные в радиусе 200 м от объектов типа «Детские товары».;1 - слой с объектами «Библиотека», 2 - слой с объектами «Детские товары», учитывающий буфер 200 м вокруг каждого объекта.;;1747;Детские товары, Библиотека;;83;6;Детские товары;Библиотека;200
750;;Жилой район возле транспортно-промышленного хаба;1091;Демо;"Узнай, сколько детских садов находятся не далее чем 300 м от пункта выдачи; важно для семейных услуг.";В отображаемом слое для проекта Жилой район возле транспортно-промышленного хаба показаны объекты типа «Детский сад», расположенные в радиусе 300 м от объектов типа «Пункт выдачи».;1 - слой с объектами «Детский сад», 2 - слой с объектами «Пункт выдачи», учитывающий буфер 300 м вокруг каждого объекта.;;1747;Пункт выдачи, Детский сад;;83;7;Пункт выдачи;Детский сад;300
751;;Жилой район возле транспортно-промышленного хаба;1091;Демо;"Показай, какие нежилые здания находятся внутри радиуса 50 м от кинотеатра; важно для оценки плотности городской среды.";В отображаемом слое для проекта Жилой район возле транспортно-промышленного хаба показаны объекты типа «Нежилое здание», расположенные в радиусе 50 м от объектов типа «Кинотеатр».;1 - слой с объектами «Нежилое здание», 2 - слой с объектами «Кинотеатр», учитывающий буфер 50 м вокруг каждого объекта.;;1747;Кинотеатр;Нежилое здание;83;8;Кинотеатр;Нежилое здание;50
752;;Жилой район возле транспортно-промышленного хаба;1091;Демо;"Подсчитай, сколько домов детского творчества находятся внутри радиуса 100 м от хозяйственных товаров; это поможет в планировании образовательных и коммерческих объектов.";В отображаемом слое для проекта Жилой район возле транспортно-промышленного хаба показаны объекты типа «Дом детского творчества», расположенные в радиусе 100 м от объектов типа «Хозяйственные товары».;1 - слой с объектами «Дом детского творчества», 2 - слой с объектами «Хозяйственные товары», учитывающий буфер 100 м вокруг каждого объекта.;;1747;Хозяйственные товары, Дом детского творчества;;83;9;Хозяйственные товары;Дом детского творчества;100
753;;Жилой район возле транспортно-промышленного хаба;1091;Демо;Определи, сколько рекреационных зон находятся внутри радиуса 500 м от женской консультации, чтобы понять доступность отдыха для пациентов.;В отображаемом слое для проекта Жилой район возле транспортно-промышленного хаба показаны объекты типа «Рекреационная зона», расположенные в радиусе 500 м от объектов типа «Женская консультация».;1 - слой с объектами «Рекреационная зона», 2 - слой с объектами «Женская консультация», учитывающий буфер 500 м вокруг каждого объекта.;;1747;Женская консультация;Рекреационная зона;84;1;Женская консультация;Рекреационная зона;500
754;;Жилой район возле транспортно-промышленного хаба;1091;Демо;Покажи, сколько травматологических пунктов находятся в пределах 100 м от нежилого здания, чтобы оценить экстренную помощь.;В отображаемом слое для проекта Жилой район возле транспортно-промышленного хаба показаны объекты типа «Травматологические пункты», расположенные в радиусе 100 м от объектов типа «Нежилое здание».;1 - слой с объектами «Травматологические пункты», 2 - слой с объектами «Нежилое здание», учитывающий буфер 100 м вокруг каждого объекта.;;1747;Травматологические пункты;Нежилое здание;84;2;Нежилое здание;Травматологические пункты;100
755;;Жилой район возле транспортно-промышленного хаба;1091;Демо;Считай, сколько травматологических пунктов находятся не далее чем 50 м от леса, чтобы определить зоны первой помощи в природных территориях.;В отображаемом слое для проекта Жилой район возле транспортно-промышленного хаба показаны объекты типа «Травматологические пункты», расположенные в радиусе 50 м от объектов типа «Лес».;1 - слой с объектами «Травматологические пункты», 2 - слой с объектами «Лес», учитывающий буфер 50 м вокруг каждого объекта.;;1747;Травматологические пункты;Лес;84;3;Лес;Травматологические пункты;50
756;;Жилой район возле транспортно-промышленного хаба;1091;Демо;Найди, сколько салонов красоты находятся внутри радиуса 150 м от женской консультации, чтобы оценить возможности для пациентов.;В отображаемом слое для проекта Жилой район возле транспортно-промышленного хаба показаны объекты типа «Салон красоты», расположенные в радиусе 150 м от объектов типа «Женская консультация».;1 - слой с объектами «Салон красоты», 2 - слой с объектами «Женская консультация», учитывающий буфер 150 м вокруг каждого объекта.;;1747;Женская консультация, Салон красоты;;84;4;Женская консультация;Салон красоты;150
757;;Жилой район возле транспортно-промышленного хаба;1091;Демо;Узнай, сколько объектов магистрального газопровода расположены в пределах 50 м от пункта выдачи, чтобы оценить риски.;В отображаемом слое для проекта Жилой район возле транспортно-промышленного хаба показаны объекты типа «Объект магистрального газопровода», расположенные в радиусе 50 м от объектов типа «Пункт выдачи».;1 - слой с объектами «Объект магистрального газопровода», 2 - слой с объектами «Пункт выдачи», учитывающий буфер 50 м вокруг каждого объекта.;;1747;Пункт выдачи;Объект магистрального газопровода;84;5;Пункт выдачи;Объект магистрального газопровода;50
758;;Жилой район возле транспортно-промышленного хаба;1091;Демо;Проверь, сколько адвокатов находятся не далее чем 100 м от хозяйственных товаров, чтобы понять юридическую доступность.;В отображаемом слое для проекта Жилой район возле транспортно-промышленного хаба показаны объекты типа «Адвокат», расположенные в радиусе 100 м от объектов типа «Хозяйственные товары».;1 - слой с объектами «Адвокат», 2 - слой с объектами «Хозяйственные товары», учитывающий буфер 100 м вокруг каждого объекта.;;1747;Хозяйственные товары, Адвокат;;84;6;Хозяйственные товары;Адвокат;100
759;;Жилой район возле транспортно-промышленного хаба;1091;Демо;Вычисли, сколько реабилитационных центров находятся внутри радиуса 150 м от станции скорой медицинской помощи, чтобы планировать маршруты.;В отображаемом слое для проекта Жилой район возле транспортно-промышленного хаба показаны объекты типа «Реабилитационный центр», расположенные в радиусе 150 м от объектов типа «Станция скорой медицинской помощи».;1 - слой с объектами «Реабилитационный центр», 2 - слой с объектами «Станция скорой медицинской помощи», учитывающий буфер 150 м вокруг каждого объекта.;;1747;Станция скорой медицинской помощи, Реабилитационный центр;;84;7;Станция скорой медицинской помощи;Реабилитационный центр;150
760;;Жилой район возле транспортно-промышленного хаба;1091;Демо;Выведи количество аптек, расположенных в пределах 50 м от детского сада, чтобы оценить доступность медикаментов для детей.;В отображаемом слое для проекта Жилой район возле транспортно-промышленного хаба показаны объекты типа «Аптека», расположенные в радиусе 50 м от объектов типа «Детский сад».;1 - слой с объектами «Аптека», 2 - слой с объектами «Детский сад», учитывающий буфер 50 м вокруг каждого объекта.;;1747;Детский сад, Аптека;;84;8;Детский сад;Аптека;50
761;;Жилой район возле транспортно-промышленного хаба;1091;Демо;Сколько детских садов находятся не далее чем 500 м от станции скорой медицинской помощи, чтобы проверить покрытие экстренной помощи для семей.;В отображаемом слое для проекта Жилой район возле транспортно-промышленного хаба показаны объекты типа «Детский сад», расположенные в радиусе 500 м от объектов типа «Станция скорой медицинской помощи».;1 - слой с объектами «Детский сад», 2 - слой с объектами «Станция скорой медицинской помощи», учитывающий буфер 500 м вокруг каждого объекта.;;1747;Станция скорой медицинской помощи, Детский сад;;84;9;Станция скорой медицинской помощи;Детский сад;500
762;;Жилой район возле транспортно-промышленного хаба;1091;Демо;Покажи нежилые здания, находящиеся в радиусе 50 м от библиотек – близость к библиотеке повышает приток пользователей.;В отображаемом слое для проекта Жилой район возле транспортно-промышленного хаба показаны объекты типа «Нежилое здание», расположенные в радиусе 50 м от объектов типа «Библиотека».;1 - слой с объектами «Нежилое здание», 2 - слой с объектами «Библиотека», учитывающий буфер 50 м вокруг каждого объекта.;;1747;Библиотека;Нежилое здание;85;1;Библиотека;Нежилое здание;50
763;;Жилой район возле транспортно-промышленного хаба;1091;Демо;Найди травматологические пункты, расположенные не далее чем 300 м от водных объектов.;В отображаемом слое для проекта Жилой район возле транспортно-промышленного хаба показаны объекты типа «Травматологические пункты», расположенные в радиусе 300 м от объектов типа «Водный объект».;1 - слой с объектами «Травматологические пункты», 2 - слой с объектами «Водный объект», учитывающий буфер 300 м вокруг каждого объекта.;;1747;Травматологические пункты;Водный объект;85;2;Водный объект;Травматологические пункты;300
764;;Жилой район возле транспортно-промышленного хаба;1091;Демо;Определи продукты (магазин у дома), которые находятся не далее чем 200 м от адвоката. Это важно для планирования удобства доступа.;В отображаемом слое для проекта Жилой район возле транспортно-промышленного хаба показаны объекты типа «Продукты (магазин у дома)», расположенные в радиусе 200 м от объектов типа «Адвокат».;1 - слой с объектами «Продукты (магазин у дома)», 2 - слой с объектами «Адвокат», учитывающий буфер 200 м вокруг каждого объекта.;;1747;Адвокат, Продукты (магазин у дома);;85;3;Адвокат;Продукты (магазин у дома);200
765;;Жилой район возле транспортно-промышленного хаба;1091;Демо;Выведи больницы, расположенные в пределах 500 м от почтовых отделений.;В отображаемом слое для проекта Жилой район возле транспортно-промышленного хаба показаны объекты типа «Больница», расположенные в радиусе 500 м от объектов типа «Почтовое отделение».;1 - слой с объектами «Больница», 2 - слой с объектами «Почтовое отделение», учитывающий буфер 500 м вокруг каждого объекта.;;1747;Почтовое отделение, Больница;;85;4;Почтовое отделение;Больница;500
766;;Жилой район возле транспортно-промышленного хаба;1091;Демо;Считай федеральные дороги, которые находятся в радиусе 150 м от лесов – доступ к дорогам важен для лесных массивов.;В отображаемом слое для проекта Жилой район возле транспортно-промышленного хаба показаны объекты типа «Федеральная дорога», расположенные в радиусе 150 м от объектов типа «Лес».;1 - слой с объектами «Федеральная дорога», 2 - слой с объектами «Лес», учитывающий буфер 150 м вокруг каждого объекта.;;1747;;Лес, Федеральная дорога;85;5;Лес;Федеральная дорога;150
767;;Жилой район возле транспортно-промышленного хаба;1091;Демо;Проверь наличие детских садов в пределах 500 м от аптек – детские сады должны быть доступны аптекам.;В отображаемом слое для проекта Жилой район возле транспортно-промышленного хаба показаны объекты типа «Детский сад», расположенные в радиусе 500 м от объектов типа «Аптека».;1 - слой с объектами «Детский сад», 2 - слой с объектами «Аптека», учитывающий буфер 500 м вокруг каждого объекта.;;1747;Аптека, Детский сад;;85;6;Аптека;Детский сад;500
768;;Жилой район возле транспортно-промышленного хаба;1091;Демо;Сколько больниц находится в радиусе 50 м от школ?;В отображаемом слое для проекта Жилой район возле транспортно-промышленного хаба показаны объекты типа «Больница», расположенные в радиусе 50 м от объектов типа «Школа».;1 - слой с объектами «Больница», 2 - слой с объектами «Школа», учитывающий буфер 50 м вокруг каждого объекта.;;1747;Школа, Больница;;85;7;Школа;Больница;50
769;;Жилой район возле транспортно-промышленного хаба;1091;Демо;Найди леса, которые находятся в пределах 300 м от торговых центров – лес рядом с торговыми центрами снижает загрязнение.;В отображаемом слое для проекта Жилой район возле транспортно-промышленного хаба показаны объекты типа «Лес», расположенные в радиусе 300 м от объектов типа «Торговый центр».;1 - слой с объектами «Лес», 2 - слой с объектами «Торговый центр», учитывающий буфер 300 м вокруг каждого объекта.;;1747;Торговый центр;Лес;85;8;Торговый центр;Лес;300
770;;Жилой район возле транспортно-промышленного хаба;1091;Демо;Определи, сколько лесов расположены в радиусе 100 м от местных дорог.;В отображаемом слое для проекта Жилой район возле транспортно-промышленного хаба показаны объекты типа «Лес», расположенные в радиусе 100 м от объектов типа «Местная дорога».;1 - слой с объектами «Лес», 2 - слой с объектами «Местная дорога», учитывающий буфер 100 м вокруг каждого объекта.;;1747;;Местная дорога, Лес;85;9;Местная дорога;Лес;100
771;;Жилой район возле транспортно-промышленного хаба;1091;Демо;Покажи количество торговых центров, находящихся внутри радиуса 200 м от реабилитационного центра, чтобы оценить доступность услуг.;В отображаемом слое для проекта Жилой район возле транспортно-промышленного хаба показаны объекты типа «Торговый центр», расположенные в радиусе 200 м от объектов типа «Реабилитационный центр».;1 - слой с объектами «Торговый центр», 2 - слой с объектами «Реабилитационный центр», учитывающий буфер 200 м вокруг каждого объекта.;;1747;Реабилитационный центр, Торговый центр;;86;1;Реабилитационный центр;Торговый центр;200
772;;Жилой район возле транспортно-промышленного хаба;1091;Демо;Сколько домов детского творчества расположены в пределах 300 м от торгового центра? Это поможет определить удобство доступа к развлечениям.;В отображаемом слое для проекта Жилой район возле транспортно-промышленного хаба показаны объекты типа «Дом детского творчества», расположенные в радиусе 300 м от объектов типа «Торговый центр».;1 - слой с объектами «Дом детского творчества», 2 - слой с объектами «Торговый центр», учитывающий буфер 300 м вокруг каждого объекта.;;1747;Торговый центр, Дом детского творчества;;86;2;Торговый центр;Дом детского творчества;300
773;;Жилой район возле транспортно-промышленного хаба;1091;Демо;Определи, сколько объектов магистрального газопровода находятся не далее чем 200 м от детских товаров – для оценки риска.;В отображаемом слое для проекта Жилой район возле транспортно-промышленного хаба показаны объекты типа «Объект магистрального газопровода», расположенные в радиусе 200 м от объектов типа «Детские товары».;1 - слой с объектами «Объект магистрального газопровода», 2 - слой с объектами «Детские товары», учитывающий буфер 200 м вокруг каждого объекта.;;1747;Детские товары;Объект магистрального газопровода;86;3;Детские товары;Объект магистрального газопровода;200
774;;Жилой район возле транспортно-промышленного хаба;1091;Демо;Найди леса, которые находятся внутри радиуса 300 м от детских товаров, чтобы оценить влияние на экологию.;В отображаемом слое для проекта Жилой район возле транспортно-промышленного хаба показаны объекты типа «Лес», расположенные в радиусе 300 м от объектов типа «Детские товары».;1 - слой с объектами «Лес», 2 - слой с объектами «Детские товары», учитывающий буфер 300 м вокруг каждого объекта.;;1747;Детские товары;Лес;86;4;Детские товары;Лес;300
775;;Жилой район возле транспортно-промышленного хаба;1091;Демо;"Проверь, сколько салонов красоты находятся не далее чем 150 м от станции скорой медицинской помощи; это важно для планирования зоны обслуживания.";В отображаемом слое для проекта Жилой район возле транспортно-промышленного хаба показаны объекты типа «Салон красоты», расположенные в радиусе 150 м от объектов типа «Станция скорой медицинской помощи».;1 - слой с объектами «Салон красоты», 2 - слой с объектами «Станция скорой медицинской помощи», учитывающий буфер 150 м вокруг каждого объекта.;;1747;Станция скорой медицинской помощи, Салон красоты;;86;5;Станция скорой медицинской помощи;Салон красоты;150
776;;Жилой район возле транспортно-промышленного хаба;1091;Демо;Выведи список хозяйственных товаров, размещённых внутри радиуса 500 м от реабилитационного центра, чтобы понять наличие сервисов.;В отображаемом слое для проекта Жилой район возле транспортно-промышленного хаба показаны объекты типа «Хозяйственные товары», расположенные в радиусе 500 м от объектов типа «Реабилитационный центр».;1 - слой с объектами «Хозяйственные товары», 2 - слой с объектами «Реабилитационный центр», учитывающий буфер 500 м вокруг каждого объекта.;;1747;Реабилитационный центр, Хозяйственные товары;;86;6;Реабилитационный центр;Хозяйственные товары;500
777;;Жилой район возле транспортно-промышленного хаба;1091;Демо;Посчитай, сколько кинотеатров расположены в пределах 500 м от жилого дома – для оценки культурного развития района.;В отображаемом слое для проекта Жилой район возле транспортно-промышленного хаба показаны объекты типа «Кинотеатр», расположенные в радиусе 500 м от объектов типа «Жилой дом».;1 - слой с объектами «Кинотеатр», 2 - слой с объектами «Жилой дом», учитывающий буфер 500 м вокруг каждого объекта.;;1747;Кинотеатр;Жилой дом;86;7;Жилой дом;Кинотеатр;500
778;;Жилой район возле транспортно-промышленного хаба;1091;Демо;"Подсчитай, сколько библиотек находятся не далее чем 100 м от школы; это важно для образовательного доступа.";В отображаемом слое для проекта Жилой район возле транспортно-промышленного хаба показаны объекты типа «Библиотека», расположенные в радиусе 100 м от объектов типа «Школа».;1 - слой с объектами «Библиотека», 2 - слой с объектами «Школа», учитывающий буфер 100 м вокруг каждого объекта.;;1747;Школа, Библиотека;;86;8;Школа;Библиотека;100
779;;Жилой район возле транспортно-промышленного хаба;1091;Демо;Узнай, сколько кинотеатров находятся внутри радиуса 200 м от диспансера, чтобы оценить доступность развлечений.;В отображаемом слое для проекта Жилой район возле транспортно-промышленного хаба показаны объекты типа «Кинотеатр», расположенные в радиусе 200 м от объектов типа «Диспансер».;1 - слой с объектами «Кинотеатр», 2 - слой с объектами «Диспансер», учитывающий буфер 200 м вокруг каждого объекта.;;1747;Диспансер, Кинотеатр;;86;9;Диспансер;Кинотеатр;200
780;;Жилой район возле транспортно-промышленного хаба;1091;Демо;Покажи региональные дороги, расположенные в пределах 100 м от Детских товаров.;В отображаемом слое для проекта Жилой район возле транспортно-промышленного хаба показаны объекты типа «Региональная дорога», расположенные в радиусе 100 м от объектов типа «Детские товары».;1 - слой с объектами «Региональная дорога», 2 - слой с объектами «Детские товары», учитывающий буфер 100 м вокруг каждого объекта.;;1747;Детские товары;Региональная дорога;87;1;Детские товары;Региональная дорога;100
781;;Жилой район возле транспортно-промышленного хаба;1091;Демо;Найди аптеки, которые находятся в радиусе 50 м от Торгового центра.;В отображаемом слое для проекта Жилой район возле транспортно-промышленного хаба показаны объекты типа «Аптека», расположенные в радиусе 50 м от объектов типа «Торговый центр».;1 - слой с объектами «Аптека», 2 - слой с объектами «Торговый центр», учитывающий буфер 50 м вокруг каждого объекта.;;1747;Торговый центр, Аптека;;87;2;Торговый центр;Аптека;50
782;;Жилой район возле транспортно-промышленного хаба;1091;Демо;Определи количество Продуктов (магазин у дома), расположенных внутри радиуса 500 м от Водного объекта.;В отображаемом слое для проекта Жилой район возле транспортно-промышленного хаба показаны объекты типа «Продукты (магазин у дома)», расположенные в радиусе 500 м от объектов типа «Водный объект».;1 - слой с объектами «Продукты (магазин у дома)», 2 - слой с объектами «Водный объект», учитывающий буфер 500 м вокруг каждого объекта.;;1747;Продукты (магазин у дома);Водный объект;87;3;Водный объект;Продукты (магазин у дома);500
783;;Жилой район возле транспортно-промышленного хаба;1091;Демо;Сколько лесов находится в пределах 100 м от Салона красоты?;В отображаемом слое для проекта Жилой район возле транспортно-промышленного хаба показаны объекты типа «Лес», расположенные в радиусе 100 м от объектов типа «Салон красоты».;1 - слой с объектами «Лес», 2 - слой с объектами «Салон красоты», учитывающий буфер 100 м вокруг каждого объекта.;;1747;Салон красоты;Лес;87;4;Салон красоты;Лес;100
784;;Жилой район возле транспортно-промышленного хаба;1091;Демо;Проверь, сколько торговых центров находится в радиусе 150 м от Жилого дома.;В отображаемом слое для проекта Жилой район возле транспортно-промышленного хаба показаны объекты типа «Торговый центр», расположенные в радиусе 150 м от объектов типа «Жилой дом».;1 - слой с объектами «Торговый центр», 2 - слой с объектами «Жилой дом», учитывающий буфер 150 м вокруг каждого объекта.;;1747;Торговый центр;Жилой дом;87;5;Жилой дом;Торговый центр;150
785;;Жилой район возле транспортно-промышленного хаба;1091;Демо;Выведи торговые центры, которые находятся в пределах 50 м от Федеральной дороги.;В отображаемом слое для проекта Жилой район возле транспортно-промышленного хаба показаны объекты типа «Торговый центр», расположенные в радиусе 50 м от объектов типа «Федеральная дорога».;1 - слой с объектами «Торговый центр», 2 - слой с объектами «Федеральная дорога», учитывающий буфер 50 м вокруг каждого объекта.;;1747;Торговый центр;Федеральная дорога;87;6;Федеральная дорога;Торговый центр;50
786;;Жилой район возле транспортно-промышленного хаба;1091;Демо;Найди Пожарную станцию, находящуюся внутри радиуса 500 м от Хозяйственных товаров.;В отображаемом слое для проекта Жилой район возле транспортно-промышленного хаба показаны объекты типа «Пожарная станция», расположенные в радиусе 500 м от объектов типа «Хозяйственные товары».;1 - слой с объектами «Пожарная станция», 2 - слой с объектами «Хозяйственные товары», учитывающий буфер 500 м вокруг каждого объекта.;;1747;Хозяйственные товары, Пожарная станция;;87;7;Хозяйственные товары;Пожарная станция;500
787;;Жилой район возле транспортно-промышленного хаба;1091;Демо;Сообщи, какие отделения банка находятся в радиусе 200 м от Региональной дороги.;В отображаемом слое для проекта Жилой район возле транспортно-промышленного хаба показаны объекты типа «Отделение банка», расположенные в радиусе 200 м от объектов типа «Региональная дорога».;1 - слой с объектами «Отделение банка», 2 - слой с объектами «Региональная дорога», учитывающий буфер 200 м вокруг каждого объекта.;;1747;Отделение банка;Региональная дорога;87;8;Региональная дорога;Отделение банка;200
788;;Жилой район возле транспортно-промышленного хаба;1091;Демо;Запроси, какие отделения банка расположены в пределах 500 м от Реабилитационного центра.;В отображаемом слое для проекта Жилой район возле транспортно-промышленного хаба показаны объекты типа «Отделение банка», расположенные в радиусе 500 м от объектов типа «Реабилитационный центр».;1 - слой с объектами «Отделение банка», 2 - слой с объектами «Реабилитационный центр», учитывающий буфер 500 м вокруг каждого объекта.;;1747;Реабилитационный центр, Отделение банка;;87;9;Реабилитационный центр;Отделение банка;500
789;;Жилой район возле транспортно-промышленного хаба;1091;Демо;Найди больницы, которые находятся внутри радиуса 50 м от адвоката, чтобы оценить доступность медицинских услуг поблизости.;В отображаемом слое для проекта Жилой район возле транспортно-промышленного хаба показаны объекты типа «Больница», расположенные в радиусе 50 м от объектов типа «Адвокат».;1 - слой с объектами «Больница», 2 - слой с объектами «Адвокат», учитывающий буфер 50 м вокруг каждого объекта.;;1747;Адвокат, Больница;;88;1;Адвокат;Больница;50
790;;Жилой район возле транспортно-промышленного хаба;1091;Демо;Проверь кафе, расположенные в пределах 300 м от детско-юношеской спортивной школы, чтобы показать, насколько удобно питание для участников.;В отображаемом слое для проекта Жилой район возле транспортно-промышленного хаба показаны объекты типа «Кафе», расположенные в радиусе 300 м от объектов типа «Детско-юношеская спортивная школа».;1 - слой с объектами «Кафе», 2 - слой с объектами «Детско-юношеская спортивная школа», учитывающий буфер 300 м вокруг каждого объекта.;;1747;Детско-юношеская спортивная школа, Кафе;;88;2;Детско-юношеская спортивная школа;Кафе;300
791;;Жилой район возле транспортно-промышленного хаба;1091;Демо;Определи дома детского творчества, находящиеся не далее чем 500 м от диспансера, чтобы понять уровень интеграции общественных центров.;В отображаемом слое для проекта Жилой район возле транспортно-промышленного хаба показаны объекты типа «Дом детского творчества», расположенные в радиусе 500 м от объектов типа «Диспансер».;1 - слой с объектами «Дом детского творчества», 2 - слой с объектами «Диспансер», учитывающий буфер 500 м вокруг каждого объекта.;;1747;Диспансер, Дом детского творчества;;88;3;Диспансер;Дом детского творчества;500
792;;Жилой район возле транспортно-промышленного хаба;1091;Демо;Подсчитай школы, которые находятся внутри радиуса 50 м от водного объекта, чтобы убедиться в отсутствии конфликтов с инфраструктурой.;В отображаемом слое для проекта Жилой район возле транспортно-промышленного хаба показаны объекты типа «Школа», расположенные в радиусе 50 м от объектов типа «Водный объект».;1 - слой с объектами «Школа», 2 - слой с объектами «Водный объект», учитывающий буфер 50 м вокруг каждого объекта.;;1747;Школа;Водный объект;88;4;Водный объект;Школа;50
793;;Жилой район возле транспортно-промышленного хаба;1091;Демо;Выведи диспансеры, которые находятся не далее чем 200 м от региональной дороги, чтобы оценить транспортную доступность.;В отображаемом слое для проекта Жилой район возле транспортно-промышленного хаба показаны объекты типа «Диспансер», расположенные в радиусе 200 м от объектов типа «Региональная дорога».;1 - слой с объектами «Диспансер», 2 - слой с объектами «Региональная дорога», учитывающий буфер 200 м вокруг каждого объекта.;;1747;Диспансер;Региональная дорога;88;5;Региональная дорога;Диспансер;200
794;;Жилой район возле транспортно-промышленного хаба;1091;Демо;Покажи детско-юношескую спортивную школу, располагающуюся в пределах 150 м от хозяйственных товаров, чтобы проверить близость к коммерческим зонам.;В отображаемом слое для проекта Жилой район возле транспортно-промышленного хаба показаны объекты типа «Детско-юношеская спортивная школа», расположенные в радиусе 150 м от объектов типа «Хозяйственные товары».;1 - слой с объектами «Детско-юношеская спортивная школа», 2 - слой с объектами «Хозяйственные товары», учитывающий буфер 150 м вокруг каждого объекта.;;1747;Хозяйственные товары, Детско-юношеская спортивная школа;;88;6;Хозяйственные товары;Детско-юношеская спортивная школа;150
795;;Жилой район возле транспортно-промышленного хаба;1091;Демо;Считай адвокаты, которые находятся внутри радиуса 100 м от водного объекта, чтобы убедиться в наличии юридической поддержки рядом с водой.;В отображаемом слое для проекта Жилой район возле транспортно-промышленного хаба показаны объекты типа «Адвокат», расположенные в радиусе 100 м от объектов типа «Водный объект».;1 - слой с объектами «Адвокат», 2 - слой с объектами «Водный объект», учитывающий буфер 100 м вокруг каждого объекта.;;1747;Адвокат;Водный объект;88;7;Водный объект;Адвокат;100
796;;Жилой район возле транспортно-промышленного хаба;1091;Демо;Оцени реабилитационные центры, которые находятся внутри радиуса 150 м от местной дороги, чтобы оценить транспортную доступность для пациентов.;В отображаемом слое для проекта Жилой район возле транспортно-промышленного хаба показаны объекты типа «Реабилитационный центр», расположенные в радиусе 150 м от объектов типа «Местная дорога».;1 - слой с объектами «Реабилитационный центр», 2 - слой с объектами «Местная дорога», учитывающий буфер 150 м вокруг каждого объекта.;;1747;Реабилитационный центр;Местная дорога;88;8;Местная дорога;Реабилитационный центр;150
797;;Жилой район возле транспортно-промышленного хаба;1091;Демо;Разберись, какие региональные дороги находятся в пределах 500 м от торгового центра, чтобы оценить логистическую проходимость.;В отображаемом слое для проекта Жилой район возле транспортно-промышленного хаба показаны объекты типа «Региональная дорога», расположенные в радиусе 500 м от объектов типа «Торговый центр».;1 - слой с объектами «Региональная дорога», 2 - слой с объектами «Торговый центр», учитывающий буфер 500 м вокруг каждого объекта.;;1747;Торговый центр;Региональная дорога;88;9;Торговый центр;Региональная дорога;500
798;;Проект территории в Новосаратовке;633;Исходный;Покажи промышленные территории, находящиеся внутри радиуса 300 м от пункта выдачи. Это важно для оценки влияния распределительных центров на промышленный парк.;В отображаемом слое для проекта Проект территории в Новосаратовке показаны объекты типа «Промышленная территория», расположенные в радиусе 300 м от объектов типа «Пункт выдачи».;1 - слой с объектами «Промышленная территория», 2 - слой с объектами «Пункт выдачи», учитывающий буфер 300 м вокруг каждого объекта.;;846;Пункт выдачи;Промышленная территория;89;1;Пункт выдачи;Промышленная территория;300
799;;Проект территории в Новосаратовке;633;Исходный;Найди региональные дороги, расположенные в пределах 500 м от промышленной территории. Это поможет планировать транспортную инфраструктуру.;В отображаемом слое для проекта Проект территории в Новосаратовке показаны объекты типа «Региональная дорога», расположенные в радиусе 500 м от объектов типа «Промышленная территория».;1 - слой с объектами «Региональная дорога», 2 - слой с объектами «Промышленная территория», учитывающий буфер 500 м вокруг каждого объекта.;;846;;Промышленная территория, Региональная дорога;89;2;Промышленная территория;Региональная дорога;500
800;;Проект территории в Новосаратовке;633;Исходный;Определи нежилые здания, находящиеся не далее чем 50 м от пункта выдачи. Это необходимо для обеспечения зоны доступа.;В отображаемом слое для проекта Проект территории в Новосаратовке показаны объекты типа «Нежилое здание», расположенные в радиусе 50 м от объектов типа «Пункт выдачи».;1 - слой с объектами «Нежилое здание», 2 - слой с объектами «Пункт выдачи», учитывающий буфер 50 м вокруг каждого объекта.;;846;Пункт выдачи;Нежилое здание;89;3;Пункт выдачи;Нежилое здание;50
801;;Проект территории в Новосаратовке;633;Исходный;Сколько водных объектов находятся внутри радиуса 100 м от остановки наземного общественного транспорта? Это нужно для оценки риска подтопления.;В отображаемом слое для проекта Проект территории в Новосаратовке показаны объекты типа «Водный объект», расположенные в радиусе 100 м от объектов типа «Остановка наземного общественного транспорта».;1 - слой с объектами «Водный объект», 2 - слой с объектами «Остановка наземного общественного транспорта», учитывающий буфер 100 м вокруг каждого объекта.;;846;Остановка наземного общественного транспорта;Водный объект;89;4;Остановка наземного общественного транспорта;Водный объект;100
802;;Проект территории в Новосаратовке;633;Исходный;Проверь наличие промышленных территорий, которые находятся в пределах 50 м от остановки наземного транспорта. Это критично для обеспечения безопасности пассажиров.;В отображаемом слое для проекта Проект территории в Новосаратовке показаны объекты типа «Промышленная территория», расположенные в радиусе 50 м от объектов типа «Остановка наземного транспорта».;1 - слой с объектами «Промышленная территория», 2 - слой с объектами «Остановка наземного транспорта», учитывающий буфер 50 м вокруг каждого объекта.;;846;;Остановка наземного транспорта, Промышленная территория;89;5;Остановка наземного транспорта;Промышленная территория;50
803;;Проект территории в Новосаратовке;633;Исходный;Выведи региональные дороги, расположенные не далее чем 500 м от остановки наземного общественного транспорта. Это поможет оптимизировать маршруты общественного транспорта.;В отображаемом слое для проекта Проект территории в Новосаратовке показаны объекты типа «Региональная дорога», расположенные в радиусе 500 м от объектов типа «Остановка наземного общественного транспорта».;1 - слой с объектами «Региональная дорога», 2 - слой с объектами «Остановка наземного общественного транспорта», учитывающий буфер 500 м вокруг каждого объекта.;;846;Остановка наземного общественного транспорта;Региональная дорога;89;6;Остановка наземного общественного транспорта;Региональная дорога;500
804;;Проект территории в Новосаратовке;633;Исходный;Сколько жилых домов находятся внутри радиуса 150 м от остановки наземного общественного транспорта? Это важно для оценки плотности населения.;В отображаемом слое для проекта Проект территории в Новосаратовке показаны объекты типа «Жилой дом», расположенные в радиусе 150 м от объектов типа «Остановка наземного общественного транспорта».;1 - слой с объектами «Жилой дом», 2 - слой с объектами «Остановка наземного общественного транспорта», учитывающий буфер 150 м вокруг каждого объекта.;;846;Остановка наземного общественного транспорта;Жилой дом;89;7;Остановка наземного общественного транспорта;Жилой дом;150
805;;Проект территории в Новосаратовке;633;Исходный;Покажи местные дороги, которые находятся в пределах 300 м от водного объекта. Это необходимо для планирования береговой инфраструктуры.;В отображаемом слое для проекта Проект территории в Новосаратовке показаны объекты типа «Местная дорога», расположенные в радиусе 300 м от объектов типа «Водный объект».;1 - слой с объектами «Местная дорога», 2 - слой с объектами «Водный объект», учитывающий буфер 300 м вокруг каждого объекта.;;846;;Водный объект, Местная дорога;89;8;Водный объект;Местная дорога;300
806;;Проект территории в Новосаратовке;633;Исходный;Укажи остановки наземного транспорта, которые находятся не далее чем 200 м от региональной дороги, чтобы оценить их расположение относительно транспортной сети.;В отображаемом слое для проекта Проект территории в Новосаратовке показаны объекты типа «Остановка наземного транспорта», расположенные в радиусе 200 м от объектов типа «Региональная дорога».;1 - слой с объектами «Остановка наземного транспорта», 2 - слой с объектами «Региональная дорога», учитывающий буфер 200 м вокруг каждого объекта.;;846;;Региональная дорога, Остановка наземного транспорта;89;9;Региональная дорога;Остановка наземного транспорта;200
807;;Проект территории в Новосаратовке;633;Исходный;Определи количество водных объектов внутри радиуса 300 м от озера, чтобы оценить потенциальные зоны водоочистки.;В отображаемом слое для проекта Проект территории в Новосаратовке показаны объекты типа «Водный объект», расположенные в радиусе 300 м от объектов типа «Озеро».;1 - слой с объектами «Водный объект», 2 - слой с объектами «Озеро», учитывающий буфер 300 м вокруг каждого объекта.;;846;;Озеро, Водный объект;90;1;Озеро;Водный объект;300
808;;Проект территории в Новосаратовке;633;Исходный;Покажи озёра, находящиеся внутри радиуса 300 м от промышленной территории, чтобы проверить возможные источники загрязнения.;В отображаемом слое для проекта Проект территории в Новосаратовке показаны объекты типа «Озеро», расположенные в радиусе 300 м от объектов типа «Промышленная территория».;1 - слой с объектами «Озеро», 2 - слой с объектами «Промышленная территория», учитывающий буфер 300 м вокруг каждого объекта.;;846;;Промышленная территория, Озеро;90;2;Промышленная территория;Озеро;300
809;;Проект территории в Новосаратовке;633;Исходный;Найди промышленную территорию в пределах 500 м от нежилого здания, чтобы оценить влияние инфраструктуры.;В отображаемом слое для проекта Проект территории в Новосаратовке показаны объекты типа «Промышленная территория», расположенные в радиусе 500 м от объектов типа «Нежилое здание».;1 - слой с объектами «Промышленная территория», 2 - слой с объектами «Нежилое здание», учитывающий буфер 500 м вокруг каждого объекта.;;846;;Нежилое здание, Промышленная территория;90;3;Нежилое здание;Промышленная территория;500
810;;Проект территории в Новосаратовке;633;Исходный;Выведи озёра не далее чем 500 м от остановки наземного общественного транспорта, чтобы учесть водные ресурсы в районе доступа.;В отображаемом слое для проекта Проект территории в Новосаратовке показаны объекты типа «Озеро», расположенные в радиусе 500 м от объектов типа «Остановка наземного общественного транспорта».;1 - слой с объектами «Озеро», 2 - слой с объектами «Остановка наземного общественного транспорта», учитывающий буфер 500 м вокруг каждого объекта.;;846;Остановка наземного общественного транспорта;Озеро;90;4;Остановка наземного общественного транспорта;Озеро;500
811;;Проект территории в Новосаратовке;633;Исходный;Проверь наличие нежилых зданий внутри радиуса 300 м от леса, чтобы оценить риск пожара.;В отображаемом слое для проекта Проект территории в Новосаратовке показаны объекты типа «Нежилое здание», расположенные в радиусе 300 м от объектов типа «Лес».;1 - слой с объектами «Нежилое здание», 2 - слой с объектами «Лес», учитывающий буфер 300 м вокруг каждого объекта.;;846;;Лес, Нежилое здание;90;5;Лес;Нежилое здание;300
812;;Проект территории в Новосаратовке;633;Исходный;Определи промышленную территорию, расположенную внутри радиуса 100 м от жилого дома, для анализа возможных воздействий.;В отображаемом слое для проекта Проект территории в Новосаратовке показаны объекты типа «Промышленная территория», расположенные в радиусе 100 м от объектов типа «Жилой дом».;1 - слой с объектами «Промышленная территория», 2 - слой с объектами «Жилой дом», учитывающий буфер 100 м вокруг каждого объекта.;;846;;Жилой дом, Промышленная территория;90;6;Жилой дом;Промышленная территория;100
813;;Проект территории в Новосаратовке;633;Исходный;Найди аптеку не далее чем 500 м от леса, чтобы планировать доступ к медицинским услугам.;В отображаемом слое для проекта Проект территории в Новосаратовке показаны объекты типа «Аптека», расположенные в радиусе 500 м от объектов типа «Лес».;1 - слой с объектами «Аптека», 2 - слой с объектами «Лес», учитывающий буфер 500 м вокруг каждого объекта.;;846;Аптека;Лес;90;7;Лес;Аптека;500
814;;Проект территории в Новосаратовке;633;Исходный;Покажи местную дорогу, находящуюся внутри радиуса 150 м от жилого дома, для оценки транспортных потоков.;В отображаемом слое для проекта Проект территории в Новосаратовке показаны объекты типа «Местная дорога», расположенные в радиусе 150 м от объектов типа «Жилой дом».;1 - слой с объектами «Местная дорога», 2 - слой с объектами «Жилой дом», учитывающий буфер 150 м вокруг каждого объекта.;;846;;Жилой дом, Местная дорога;90;8;Жилой дом;Местная дорога;150
815;;Проект территории в Новосаратовке;633;Исходный;Выведи промышленную территорию не более 500 м от остановки наземного общественного транспорта, чтобы проверить наличие производственных объектов рядом с транспортной инфраструктурой.;В отображаемом слое для проекта Проект территории в Новосаратовке показаны объекты типа «Промышленная территория», расположенные в радиусе 500 м от объектов типа «Остановка наземного общественного транспорта».;1 - слой с объектами «Промышленная территория», 2 - слой с объектами «Остановка наземного общественного транспорта», учитывающий буфер 500 м вокруг каждого объекта.;;846;Остановка наземного общественного транспорта;Промышленная территория;90;9;Остановка наземного общественного транспорта;Промышленная территория;500
816;;Проект территории в Новосаратовке;633;Исходный;Найди, сколько региональных дорог находится в пределах 300 м от озера.;В отображаемом слое для проекта Проект территории в Новосаратовке показаны объекты типа «Региональная дорога», расположенные в радиусе 300 м от объектов типа «Озеро».;1 - слой с объектами «Региональная дорога», 2 - слой с объектами «Озеро», учитывающий буфер 300 м вокруг каждого объекта.;;846;;Озеро, Региональная дорога;91;1;Озеро;Региональная дорога;300
817;;Проект территории в Новосаратовке;633;Исходный;Определи, сколько озер находится в радиусе 150 м от жилого дома.;В отображаемом слое для проекта Проект территории в Новосаратовке показаны объекты типа «Озеро», расположенные в радиусе 150 м от объектов типа «Жилой дом».;1 - слой с объектами «Озеро», 2 - слой с объектами «Жилой дом», учитывающий буфер 150 м вокруг каждого объекта.;;846;;Жилой дом, Озеро;91;2;Жилой дом;Озеро;150
818;;Проект территории в Новосаратовке;633;Исходный;Покажи, сколько региональных дорог находится в радиусе 100 м от остановки наземного общественного транспорта.;В отображаемом слое для проекта Проект территории в Новосаратовке показаны объекты типа «Региональная дорога», расположенные в радиусе 100 м от объектов типа «Остановка наземного общественного транспорта».;1 - слой с объектами «Региональная дорога», 2 - слой с объектами «Остановка наземного общественного транспорта», учитывающий буфер 100 м вокруг каждого объекта.;;846;Остановка наземного общественного транспорта;Региональная дорога;91;3;Остановка наземного общественного транспорта;Региональная дорога;100
819;;Проект территории в Новосаратовке;633;Исходный;Выведи, сколько остановок наземного общественного транспорта находится в пределах 100 м от остановки наземного транспорта.;В отображаемом слое для проекта Проект территории в Новосаратовке показаны объекты типа «Остановка наземного общественного транспорта», расположенные в радиусе 100 м от объектов типа «Остановка наземного транспорта».;1 - слой с объектами «Остановка наземного общественного транспорта», 2 - слой с объектами «Остановка наземного транспорта», учитывающий буфер 100 м вокруг каждого объекта.;;846;Остановка наземного общественного транспорта;Остановка наземного транспорта;91;4;Остановка наземного транспорта;Остановка наземного общественного транспорта;100
820;;Проект территории в Новосаратовке;633;Исходный;Узнай, сколько пунктов выдачи находится в радиусе 200 м от озера.;В отображаемом слое для проекта Проект территории в Новосаратовке показаны объекты типа «Пункт выдачи», расположенные в радиусе 200 м от объектов типа «Озеро».;1 - слой с объектами «Пункт выдачи», 2 - слой с объектами «Озеро», учитывающий буфер 200 м вокруг каждого объекта.;;846;Пункт выдачи;Озеро;91;5;Озеро;Пункт выдачи;200
821;;Проект территории в Новосаратовке;633;Исходный;Сколько аптек находится в пределах 150 м от водного объекта?;В отображаемом слое для проекта Проект территории в Новосаратовке показаны объекты типа «Водный объект», расположенные в радиусе 150 м от объектов типа «Аптека».;1 - слой с объектами «Водный объект», 2 - слой с объектами «Аптека», учитывающий буфер 150 м вокруг каждого объекта.;;846;Аптека;Водный объект;91;6;Аптека;Водный объект;150
822;;Проект территории в Новосаратовке;633;Исходный;Считай, сколько пунктов выдачи находится в радиусе 300 м от водного объекта.;В отображаемом слое для проекта Проект территории в Новосаратовке показаны объекты типа «Пункт выдачи», расположенные в радиусе 300 м от объектов типа «Водный объект».;1 - слой с объектами «Пункт выдачи», 2 - слой с объектами «Водный объект», учитывающий буфер 300 м вокруг каждого объекта.;;846;Пункт выдачи;Водный объект;91;7;Водный объект;Пункт выдачи;300
823;;Проект территории в Новосаратовке;633;Исходный;Проверь, сколько лесов находится в радиусе 500 м от остановки наземного транспорта.;В отображаемом слое для проекта Проект территории в Новосаратовке показаны объекты типа «Лес», расположенные в радиусе 500 м от объектов типа «Остановка наземного транспорта».;1 - слой с объектами «Лес», 2 - слой с объектами «Остановка наземного транспорта», учитывающий буфер 500 м вокруг каждого объекта.;;846;;Остановка наземного транспорта, Лес;91;8;Остановка наземного транспорта;Лес;500
824;;Проект территории в Новосаратовке;633;Исходный;Подсчитай, сколько лесов находится в пределах 500 м от аптеки.;В отображаемом слое для проекта Проект территории в Новосаратовке показаны объекты типа «Лес», расположенные в радиусе 500 м от объектов типа «Аптека».;1 - слой с объектами «Лес», 2 - слой с объектами «Аптека», учитывающий буфер 500 м вокруг каждого объекта.;;846;Аптека;Лес;91;9;Аптека;Лес;500
825;;Проект территории в Новосаратовке;633;Исходный;Покажи остановки наземного транспорта в пределах радиуса 50 м от жилого дома, чтобы оценить доступность для жителей.;В отображаемом слое для проекта Проект территории в Новосаратовке показаны объекты типа «Остановка наземного транспорта», расположенные в радиусе 50 м от объектов типа «Жилой дом».;1 - слой с объектами «Остановка наземного транспорта», 2 - слой с объектами «Жилой дом», учитывающий буфер 50 м вокруг каждого объекта.;;846;;Жилой дом, Остановка наземного транспорта;92;1;Жилой дом;Остановка наземного транспорта;50
826;;Проект территории в Новосаратовке;633;Исходный;Найди озера, расположенные в пределах радиуса 500 м от местной дороги, чтобы понять влияние инфраструктуры на водный баланс.;В отображаемом слое для проекта Проект территории в Новосаратовке показаны объекты типа «Озеро», расположенные в радиусе 500 м от объектов типа «Местная дорога».;1 - слой с объектами «Озеро», 2 - слой с объектами «Местная дорога», учитывающий буфер 500 м вокруг каждого объекта.;;846;;Местная дорога, Озеро;92;2;Местная дорога;Озеро;500
827;;Проект территории в Новосаратовке;633;Исходный;Определи остановки наземного транспорта, находящиеся в пределах радиуса 50 м от остановки наземного общественного транспорта, для планирования пересадок.;В отображаемом слое для проекта Проект территории в Новосаратовке показаны объекты типа «Остановка наземного транспорта», расположенные в радиусе 50 м от объектов типа «Остановка наземного общественного транспорта».;1 - слой с объектами «Остановка наземного транспорта», 2 - слой с объектами «Остановка наземного общественного транспорта», учитывающий буфер 50 м вокруг каждого объекта.;;846;Остановка наземного общественного транспорта;Остановка наземного транспорта;92;3;Остановка наземного общественного транспорта;Остановка наземного транспорта;50
828;;Проект территории в Новосаратовке;633;Исходный;Выведи аптеки, которые находятся в пределах радиуса 500 м от региональной дороги, чтобы оценить доступ к медицинским услугам.;В отображаемом слое для проекта Проект территории в Новосаратовке показаны объекты типа «Аптека», расположенные в радиусе 500 м от объектов типа «Региональная дорога».;1 - слой с объектами «Аптека», 2 - слой с объектами «Региональная дорога», учитывающий буфер 500 м вокруг каждого объекта.;;846;Аптека;Региональная дорога;92;4;Региональная дорога;Аптека;500
829;;Проект территории в Новосаратовке;633;Исходный;Проверь наличие остановок наземного транспорта в пределах радиуса 150 м от водного объекта, чтобы обеспечить транспортную доступность.;В отображаемом слое для проекта Проект территории в Новосаратовке показаны объекты типа «Остановка наземного транспорта», расположенные в радиусе 150 м от объектов типа «Водный объект».;1 - слой с объектами «Остановка наземного транспорта», 2 - слой с объектами «Водный объект», учитывающий буфер 150 м вокруг каждого объекта.;;846;;Водный объект, Остановка наземного транспорта;92;5;Водный объект;Остановка наземного транспорта;150
830;;Проект территории в Новосаратовке;633;Исходный;Сколько озер находится в пределах радиуса 200 м от водного объекта, чтобы оценить водные ресурсы региона.;В отображаемом слое для проекта Проект территории в Новосаратовке показаны объекты типа «Озеро», расположенные в радиусе 200 м от объектов типа «Водный объект».;1 - слой с объектами «Озеро», 2 - слой с объектами «Водный объект», учитывающий буфер 200 м вокруг каждого объекта.;;846;;Водный объект, Озеро;92;6;Водный объект;Озеро;200
831;;Проект территории в Новосаратовке;633;Исходный;Уточни, какие озера расположены в пределах радиуса 100 м от пункта выдачи, чтобы улучшить логистику.;В отображаемом слое для проекта Проект территории в Новосаратовке показаны объекты типа «Озеро», расположенные в радиусе 100 м от объектов типа «Пункт выдачи».;1 - слой с объектами «Озеро», 2 - слой с объектами «Пункт выдачи», учитывающий буфер 100 м вокруг каждого объекта.;;846;Пункт выдачи;Озеро;92;7;Пункт выдачи;Озеро;100
832;;Проект территории в Новосаратовке;633;Исходный;Посчитай аптеки, которые находятся в пределах радиуса 100 м от леса, чтобы понять влияние лесных зон на доступность.;В отображаемом слое для проекта Проект территории в Новосаратовке показаны объекты типа «Аптека», расположенные в радиусе 100 м от объектов типа «Лес».;1 - слой с объектами «Аптека», 2 - слой с объектами «Лес», учитывающий буфер 100 м вокруг каждого объекта.;;846;Аптека;Лес;92;8;Лес;Аптека;100
833;;Проект территории в Новосаратовке;633;Исходный;Собери данные о нежилых зданиях, расположенных в пределах радиуса 50 м от остановки наземного общественного транспорта, чтобы планировать инфраструктуру.;В отображаемом слое для проекта Проект территории в Новосаратовке показаны объекты типа «Нежилое здание», расположенные в радиусе 50 м от объектов типа «Остановка наземного общественного транспорта».;1 - слой с объектами «Нежилое здание», 2 - слой с объектами «Остановка наземного общественного транспорта», учитывающий буфер 50 м вокруг каждого объекта.;;846;Остановка наземного общественного транспорта;Нежилое здание;92;9;Остановка наземного общественного транспорта;Нежилое здание;50
834;;Проект территории в Новосаратовке;633;Исходный;Определи, сколько озер находятся внутри радиуса 500 м от местной дороги. Это удобно: близость водоемов к дорогам повышает безопасность.;В отображаемом слое для проекта Проект территории в Новосаратовке показаны объекты типа «Озеро», расположенные в радиусе 500 м от объектов типа «Местная дорога».;1 - слой с объектами «Озеро», 2 - слой с объектами «Местная дорога», учитывающий буфер 500 м вокруг каждого объекта.;;846;;Местная дорога, Озеро;93;1;Местная дорога;Озеро;500
835;;Проект территории в Новосаратовке;633;Исходный;Проверь, есть ли региональные дороги в пределах 150 м от местной дороги. Это важно для планирования перекрёстков.;В отображаемом слое для проекта Проект территории в Новосаратовке показаны объекты типа «Региональная дорога», расположенные в радиусе 150 м от объектов типа «Местная дорога».;1 - слой с объектами «Региональная дорога», 2 - слой с объектами «Местная дорога», учитывающий буфер 150 м вокруг каждого объекта.;;846;;Местная дорога, Региональная дорога;93;2;Местная дорога;Региональная дорога;150
836;;Проект территории в Новосаратовке;633;Исходный;Найди водные объекты, расположенные не далее чем 500 м от местной дороги. Это поможет оценить риск подтопления.;В отображаемом слое для проекта Проект территории в Новосаратовке показаны объекты типа «Водный объект», расположенные в радиусе 500 м от объектов типа «Местная дорога».;1 - слой с объектами «Водный объект», 2 - слой с объектами «Местная дорога», учитывающий буфер 500 м вокруг каждого объекта.;;846;;Местная дорога, Водный объект;93;3;Местная дорога;Водный объект;500
837;;Проект территории в Новосаратовке;633;Исходный;Выведи, сколько региональных дорог находятся внутри радиуса 50 м от остановки наземного транспорта. Это важно для удобства пассажиров.;В отображаемом слое для проекта Проект территории в Новосаратовке показаны объекты типа «Региональная дорога», расположенные в радиусе 50 м от объектов типа «Остановка наземного транспорта».;1 - слой с объектами «Региональная дорога», 2 - слой с объектами «Остановка наземного транспорта», учитывающий буфер 50 м вокруг каждого объекта.;;846;;Остановка наземного транспорта, Региональная дорога;93;4;Остановка наземного транспорта;Региональная дорога;50
838;;Проект территории в Новосаратовке;633;Исходный;Покажи, сколько промышленных территорий находятся в пределах 50 м от остановки наземного общественного транспорта. Это важно для соблюдения санитарных норм.;В отображаемом слое для проекта Проект территории в Новосаратовке показаны объекты типа «Промышленная территория», расположенные в радиусе 50 м от объектов типа «Остановка наземного общественного транспорта».;1 - слой с объектами «Промышленная территория», 2 - слой с объектами «Остановка наземного общественного транспорта», учитывающий буфер 50 м вокруг каждого объекта.;;846;Остановка наземного общественного транспорта;Промышленная территория;93;5;Остановка наземного общественного транспорта;Промышленная территория;50
839;;Проект территории в Новосаратовке;633;Исходный;Сколько остановок наземного общественного транспорта находятся не далее чем 50 м от леса? Это поможет оценить доступность общественного транспорта для лесных зон.;В отображаемом слое для проекта Проект территории в Новосаратовке показаны объекты типа «Остановка наземного общественного транспорта», расположенные в радиусе 50 м от объектов типа «Лес».;1 - слой с объектами «Остановка наземного общественного транспорта», 2 - слой с объектами «Лес», учитывающий буфер 50 м вокруг каждого объекта.;;846;Остановка наземного общественного транспорта;Лес;93;6;Лес;Остановка наземного общественного транспорта;50
840;;Проект территории в Новосаратовке;633;Исходный;Проверь, сколько пунктов выдачи находятся внутри радиуса 300 м от промышленной территории. Это нужно для расчёта логистики.;В отображаемом слое для проекта Проект территории в Новосаратовке показаны объекты типа «Пункт выдачи», расположенные в радиусе 300 м от объектов типа «Промышленная территория».;1 - слой с объектами «Пункт выдачи», 2 - слой с объектами «Промышленная территория», учитывающий буфер 300 м вокруг каждого объекта.;;846;Пункт выдачи;Промышленная территория;93;7;Промышленная территория;Пункт выдачи;300
841;;Проект территории в Новосаратовке;633;Исходный;Определи, сколько остановок наземного транспорта находятся в пределах 50 м от пункта выдачи. Это удобно для пассажиров.;В отображаемом слое для проекта Проект территории в Новосаратовке показаны объекты типа «Остановка наземного транспорта», расположенные в радиусе 50 м от объектов типа «Пункт выдачи».;1 - слой с объектами «Остановка наземного транспорта», 2 - слой с объектами «Пункт выдачи», учитывающий буфер 50 м вокруг каждого объекта.;;846;Пункт выдачи;Остановка наземного транспорта;93;8;Пункт выдачи;Остановка наземного транспорта;50
842;;Проект территории в Новосаратовке;633;Исходный;Найди региональные дороги, расположенные не далее чем 300 м от аптеки. Это важно для обеспечения доступа к лекарствам.;В отображаемом слое для проекта Проект территории в Новосаратовке показаны объекты типа «Региональная дорога», расположенные в радиусе 300 м от объектов типа «Аптека».;1 - слой с объектами «Региональная дорога», 2 - слой с объектами «Аптека», учитывающий буфер 300 м вокруг каждого объекта.;;846;Аптека;Региональная дорога;93;9;Аптека;Региональная дорога;300
843;;Проект территории в Новосаратовке;633;Исходный;Покажи Пункт выдачи, находящийся в радиусе 500 м от Остановки наземного транспорта, чтобы оценить доступность для пассажиров.;В отображаемом слое для проекта Проект территории в Новосаратовке показаны объекты типа «Пункт выдачи», расположенные в радиусе 500 м от объектов типа «Остановка наземного транспорта».;1 - слой с объектами «Пункт выдачи», 2 - слой с объектами «Остановка наземного транспорта», учитывающий буфер 500 м вокруг каждого объекта.;;846;Пункт выдачи;Остановка наземного транспорта;94;1;Остановка наземного транспорта;Пункт выдачи;500
844;;Проект территории в Новосаратовке;633;Исходный;Найди Жилой дом, расположенный в пределах 300 м от Местной дороги, для проверки соблюдения требований к размещению.;В отображаемом слое для проекта Проект территории в Новосаратовке показаны объекты типа «Жилой дом», расположенные в радиусе 300 м от объектов типа «Местная дорога».;1 - слой с объектами «Жилой дом», 2 - слой с объектами «Местная дорога», учитывающий буфер 300 м вокруг каждого объекта.;;846;;Местная дорога, Жилой дом;94;2;Местная дорога;Жилой дом;300
845;;Проект территории в Новосаратовке;633;Исходный;Определи Аптека, которая находится в радиусе 150 м от Озера, чтобы убедиться, что она соответствует нормам по близости к водному объекту.;В отображаемом слое для проекта Проект территории в Новосаратовке показаны объекты типа «Аптека», расположенные в радиусе 150 м от объектов типа «Озеро».;1 - слой с объектами «Аптека», 2 - слой с объектами «Озеро», учитывающий буфер 150 м вокруг каждого объекта.;;846;Аптека;Озеро;94;3;Озеро;Аптека;150
846;;Проект территории в Новосаратовке;633;Исходный;Сколько лесов находятся в пределах 300 м от Аптеки, чтобы оценить влияние на экологический баланс.;В отображаемом слое для проекта Проект территории в Новосаратовке показаны объекты типа «Лес», расположенные в радиусе 300 м от объектов типа «Аптека».;1 - слой с объектами «Лес», 2 - слой с объектами «Аптека», учитывающий буфер 300 м вокруг каждого объекта.;;846;Аптека;Лес;94;4;Аптека;Лес;300
847;;Проект территории в Новосаратовке;633;Исходный;Проверь наличие Аптеки в радиусе 150 м от Местной дороги, чтобы гарантировать доступ к медицинским услугам.;В отображаемом слое для проекта Проект территории в Новосаратовке показаны объекты типа «Аптека», расположенные в радиусе 150 м от объектов типа «Местная дорога».;1 - слой с объектами «Аптека», 2 - слой с объектами «Местная дорога», учитывающий буфер 150 м вокруг каждого объекта.;;846;Аптека;Местная дорога;94;5;Местная дорога;Аптека;150
848;;Проект территории в Новосаратовке;633;Исходный;Выведи озеро, которое расположено в радиусе 100 м от Местной дороги, для анализа риска наводнения.;В отображаемом слое для проекта Проект территории в Новосаратовке показаны объекты типа «Озеро», расположенные в радиусе 100 м от объектов типа «Местная дорога».;1 - слой с объектами «Озеро», 2 - слой с объектами «Местная дорога», учитывающий буфер 100 м вокруг каждого объекта.;;846;;Местная дорога, Озеро;94;6;Местная дорога;Озеро;100
849;;Проект территории в Новосаратовке;633;Исходный;Покажи водный объект, находящийся в пределах 500 м от Леса, чтобы оценить влияние лесной зоны на водный ресурс.;В отображаемом слое для проекта Проект территории в Новосаратовке показаны объекты типа «Водный объект», расположенные в радиусе 500 м от объектов типа «Лес».;1 - слой с объектами «Водный объект», 2 - слой с объектами «Лес», учитывающий буфер 500 м вокруг каждого объекта.;;846;;Лес, Водный объект;94;7;Лес;Водный объект;500
850;;Проект территории в Новосаратовке;633;Исходный;Найди нежилое здание, которое находится в радиусе 50 м от Леса, чтобы проверить соответствие нормам застройки.;В отображаемом слое для проекта Проект территории в Новосаратовке показаны объекты типа «Нежилое здание», расположенные в радиусе 50 м от объектов типа «Лес».;1 - слой с объектами «Нежилое здание», 2 - слой с объектами «Лес», учитывающий буфер 50 м вокруг каждого объекта.;;846;;Лес, Нежилое здание;94;8;Лес;Нежилое здание;50
851;;Проект территории в Новосаратовке;633;Исходный;Определи лес, расположенный в пределах 150 м от Промышленной территории, чтобы оценить экологический риск загрязнения.;В отображаемом слое для проекта Проект территории в Новосаратовке показаны объекты типа «Лес», расположенные в радиусе 150 м от объектов типа «Промышленная территория».;1 - слой с объектами «Лес», 2 - слой с объектами «Промышленная территория», учитывающий буфер 150 м вокруг каждого объекта.;;846;;Промышленная территория, Лес;94;9;Промышленная территория;Лес;150
852;;Город Канск;716;Исходный;Покажи количество парковок, находящихся внутри радиуса 500 м от ветеринарной клиники, чтобы оценить доступность парковки для посетителей.;В отображаемом слое для проекта Город Канск показаны объекты типа «Парковка», расположенные в радиусе 500 м от объектов типа «Ветеринарная клиника».;1 - слой с объектами «Парковка», 2 - слой с объектами «Ветеринарная клиника», учитывающий буфер 500 м вокруг каждого объекта.;;953;Ветеринарная клиника, Парковка;;0;10;Ветеринарная клиника;Парковка;500
853;;Город Канск;716;Исходный;Найди полигон ТБО, расположенный внутри радиуса 50 м от рекреационной зоны, чтобы проверить соблюдение норм утилизации отходов.;В отображаемом слое для проекта Город Канск показаны объекты типа «Полигон ТБО», расположенные в радиусе 50 м от объектов типа «Рекреационная зона».;1 - слой с объектами «Полигон ТБО», 2 - слой с объектами «Рекреационная зона», учитывающий буфер 50 м вокруг каждого объекта.;;953;;Рекреационная зона, Полигон ТБО;0;11;Рекреационная зона;Полигон ТБО;50
854;;Город Канск;716;Исходный;Определи процент книжных магазинов, которые находятся не далее чем 100 м от продуктов (магазин у дома), чтобы понять удобство доступа к культурным ресурсам.;В отображаемом слое для проекта Город Канск показаны объекты типа «Книжный магазин», расположенные в радиусе 100 м от объектов типа «Продукты (магазин у дома)».;1 - слой с объектами «Книжный магазин», 2 - слой с объектами «Продукты (магазин у дома)», учитывающий буфер 100 м вокруг каждого объекта.;;953;Продукты (магазин у дома), Книжный магазин;;0;12;Продукты (магазин у дома);Книжный магазин;100
855;;Город Канск;716;Исходный;Сколько кладбищ находятся внутри радиуса 150 м от железнодорожного вокзала? Это поможет оценить влияние транспорта на территорию.;В отображаемом слое для проекта Город Канск показаны объекты типа «Кладбище», расположенные в радиусе 150 м от объектов типа «Железнодорожный вокзал».;1 - слой с объектами «Кладбище», 2 - слой с объектами «Железнодорожный вокзал», учитывающий буфер 150 м вокруг каждого объекта.;;953;Железнодорожный вокзал, Кладбище;;0;13;Железнодорожный вокзал;Кладбище;150
856;;Город Канск;716;Исходный;Проверь наличие аптек внутри радиуса 500 м от федеральной дороги, чтобы убедиться в доступности медицинских услуг для проезжающих.;В отображаемом слое для проекта Город Канск показаны объекты типа «Аптека», расположенные в радиусе 500 м от объектов типа «Федеральная дорога».;1 - слой с объектами «Аптека», 2 - слой с объектами «Федеральная дорога», учитывающий буфер 500 м вокруг каждого объекта.;;953;Аптека;Федеральная дорога;0;14;Федеральная дорога;Аптека;500
857;;Город Канск;716;Исходный;Выведи список школ, которые находятся не далее чем 200 м от парикмахера, чтобы проверить плотность образовательных объектов.;В отображаемом слое для проекта Город Канск показаны объекты типа «Школа», расположенные в радиусе 200 м от объектов типа «Парикмахер».;1 - слой с объектами «Школа», 2 - слой с объектами «Парикмахер», учитывающий буфер 200 м вокруг каждого объекта.;;953;Парикмахер, Школа;;0;15;Парикмахер;Школа;200
858;;Город Канск;716;Исходный;Составь перечень столовых, расположенных внутри радиуса 100 м от железнодорожной станции, чтобы оценить питание пассажиров.;В отображаемом слое для проекта Город Канск показаны объекты типа «Столовая», расположенные в радиусе 100 м от объектов типа «Железнодорожная станция».;1 - слой с объектами «Столовая», 2 - слой с объектами «Железнодорожная станция», учитывающий буфер 100 м вокруг каждого объекта.;;953;Железнодорожная станция, Столовая;;0;16;Железнодорожная станция;Столовая;100
859;;Город Канск;716;Исходный;Опиши среднее специальное учебное заведение, находящееся внутри радиуса 50 м от гостиницы, чтобы понять доступность образования для гостей.;В отображаемом слое для проекта Город Канск показаны объекты типа «Среднее специальное учебное заведение», расположенные в радиусе 50 м от объектов типа «Гостиница».;1 - слой с объектами «Среднее специальное учебное заведение», 2 - слой с объектами «Гостиница», учитывающий буфер 50 м вокруг каждого объекта.;;953;Гостиница, Среднее специальное учебное заведение;;0;17;Гостиница;Среднее специальное учебное заведение;50
860;;Город Канск;716;Исходный;Считай количество кладбищ, расположенных не далее чем 50 м от среднего специального учебного заведения, чтобы оценить санитарные требования.;В отображаемом слое для проекта Город Канск показаны объекты типа «Кладбище», расположенные в радиусе 50 м от объектов типа «Среднее специальное учебное заведение».;1 - слой с объектами «Кладбище», 2 - слой с объектами «Среднее специальное учебное заведение», учитывающий буфер 50 м вокруг каждого объекта.;;953;Среднее специальное учебное заведение, Кладбище;;0;18;Среднее специальное учебное заведение;Кладбище;50
861;;Город Канск;716;Исходный;Покажи все электрические подстанции, находящиеся внутри радиуса 500 м от поликлиники.;В отображаемом слое для проекта Город Канск показаны объекты типа «Электрическая подстанция», расположенные в радиусе 500 м от объектов типа «Поликлиника».;1 - слой с объектами «Электрическая подстанция», 2 - слой с объектами «Поликлиника», учитывающий буфер 500 м вокруг каждого объекта.;;953;Поликлиника;Электрическая подстанция;1;10;Поликлиника;Электрическая подстанция;500
862;;Город Канск;716;Исходный;Найди парковки, расположенные в пределах 500 м от автозаправки.;В отображаемом слое для проекта Город Канск показаны объекты типа «Парковка», расположенные в радиусе 500 м от объектов типа «Автозаправка».;1 - слой с объектами «Парковка», 2 - слой с объектами «Автозаправка», учитывающий буфер 500 м вокруг каждого объекта.;;953;Автозаправка, Парковка;;1;11;Автозаправка;Парковка;500
863;;Город Канск;716;Исходный;Определи количество почтовых отделений, находящихся не далее 500 м от кинотеатра.;В отображаемом слое для проекта Город Канск показаны объекты типа «Почтовое отделение», расположенные в радиусе 500 м от объектов типа «Кинотеатр».;1 - слой с объектами «Почтовое отделение», 2 - слой с объектами «Кинотеатр», учитывающий буфер 500 м вокруг каждого объекта.;;953;Кинотеатр, Почтовое отделение;;1;12;Кинотеатр;Почтовое отделение;500
864;;Город Канск;716;Исходный;Сколько супермаркетов находится внутри 100 м от леса?;В отображаемом слое для проекта Город Канск показаны объекты типа «Супермаркет», расположенные в радиусе 100 м от объектов типа «Лес».;1 - слой с объектами «Супермаркет», 2 - слой с объектами «Лес», учитывающий буфер 100 м вокруг каждого объекта.;;953;Супермаркет;Лес;1;13;Лес;Супермаркет;100
865;;Город Канск;716;Исходный;Проверь наличие рекреационных зон в радиусе 500 м от кинотеатра.;В отображаемом слое для проекта Город Канск показаны объекты типа «Рекреационная зона», расположенные в радиусе 500 м от объектов типа «Кинотеатр».;1 - слой с объектами «Рекреационная зона», 2 - слой с объектами «Кинотеатр», учитывающий буфер 500 м вокруг каждого объекта.;;953;Кинотеатр;Рекреационная зона;1;14;Кинотеатр;Рекреационная зона;500
866;;Город Канск;716;Исходный;Выведи озёра, расположенные внутри 500 м от полигона ТБО.;В отображаемом слое для проекта Город Канск показаны объекты типа «Озеро», расположенные в радиусе 500 м от объектов типа «Полигон ТБО».;1 - слой с объектами «Озеро», 2 - слой с объектами «Полигон ТБО», учитывающий буфер 500 м вокруг каждого объекта.;;953;;Полигон ТБО, Озеро;1;15;Полигон ТБО;Озеро;500
867;;Город Канск;716;Исходный;Уточни поликлиники, расположенные в пределах 300 м от автозаправки.;В отображаемом слое для проекта Город Канск показаны объекты типа «Поликлиника», расположенные в радиусе 300 м от объектов типа «Автозаправка».;1 - слой с объектами «Поликлиника», 2 - слой с объектами «Автозаправка», учитывающий буфер 300 м вокруг каждого объекта.;;953;Автозаправка, Поликлиника;;1;16;Автозаправка;Поликлиника;300
868;;Город Канск;716;Исходный;Считай ветеринарные клиники, находящиеся не далее 200 м от стоматологической клиники.;В отображаемом слое для проекта Город Канск показаны объекты типа «Ветеринарная клиника», расположенные в радиусе 200 м от объектов типа «Стоматологическая клиника».;1 - слой с объектами «Ветеринарная клиника», 2 - слой с объектами «Стоматологическая клиника», учитывающий буфер 200 м вокруг каждого объекта.;;953;Стоматологическая клиника, Ветеринарная клиника;;1;17;Стоматологическая клиника;Ветеринарная клиника;200
869;;Город Канск;716;Исходный;Расчитай памятники, расположенные не далее 300 м от стоматологической клиники.;В отображаемом слое для проекта Город Канск показаны объекты типа «Памятник», расположенные в радиусе 300 м от объектов типа «Стоматологическая клиника».;1 - слой с объектами «Памятник», 2 - слой с объектами «Стоматологическая клиника», учитывающий буфер 300 м вокруг каждого объекта.;;953;Стоматологическая клиника, Памятник;;1;18;Стоматологическая клиника;Памятник;300
870;;Город Канск;716;Исходный;Определи количество Кинотеатров, находящихся в пределах 300 м от Зеленой зоны.;В отображаемом слое для проекта Город Канск показаны объекты типа «Кинотеатр», расположенные в радиусе 300 м от объектов типа «Зеленая зона».;1 - слой с объектами «Кинотеатр», 2 - слой с объектами «Зеленая зона», учитывающий буфер 300 м вокруг каждого объекта.;;953;Кинотеатр;Зеленая зона;2;10;Зеленая зона;Кинотеатр;300
871;;Город Канск;716;Исходный;Определи, сколько библиотек находятся в пределах 150 м от хозяйственных товаров, чтобы понять уровень образовательных ресурсов.;В отображаемом слое для проекта Город Канск показаны объекты типа «Библиотека», расположенные в радиусе 150 м от объектов типа «Хозяйственные товары».;1 - слой с объектами «Библиотека», 2 - слой с объектами «Хозяйственные товары», учитывающий буфер 150 м вокруг каждого объекта.;;953;Хозяйственные товары, Библиотека;;2;11;Хозяйственные товары;Библиотека;150
872;;Город Канск;716;Исходный;Проверь наличие Заправочной станции в радиусе 100 м от Среднего специального учебного заведения.;В отображаемом слое для проекта Город Канск показаны объекты типа «Заправочная станция», расположенные в радиусе 100 м от объектов типа «Среднее специальное учебное заведение».;1 - слой с объектами «Заправочная станция», 2 - слой с объектами «Среднее специальное учебное заведение», учитывающий буфер 100 м вокруг каждого объекта.;;953;Среднее специальное учебное заведение;Заправочная станция;2;12;Среднее специальное учебное заведение;Заправочная станция;100
873;;Город Канск;716;Исходный;Выведи все Электрические подстанции, которые находятся в пределах 300 м от Кафе.;В отображаемом слое для проекта Город Канск показаны объекты типа «Электрическая подстанция», расположенные в радиусе 300 м от объектов типа «Кафе».;1 - слой с объектами «Электрическая подстанция», 2 - слой с объектами «Кафе», учитывающий буфер 300 м вокруг каждого объекта.;;953;Кафе;Электрическая подстанция;2;13;Кафе;Электрическая подстанция;300
874;;Город Канск;716;Исходный;Сколько стоматологических клиник находится в пределах 150 м от Ветеринарной клиники?;В отображаемом слое для проекта Город Канск показаны объекты типа «Стоматологическая клиника», расположенные в радиусе 150 м от объектов типа «Ветеринарная клиника».;1 - слой с объектами «Стоматологическая клиника», 2 - слой с объектами «Ветеринарная клиника», учитывающий буфер 150 м вокруг каждого объекта.;;953;Ветеринарная клиника, Стоматологическая клиника;;2;14;Ветеринарная клиника;Стоматологическая клиника;150
875;;Город Канск;716;Исходный;Покажи нежилое здание, которое находится в пределах 300 м от Аптеки.;В отображаемом слое для проекта Город Канск показаны объекты типа «Нежилое здание», расположенные в радиусе 300 м от объектов типа «Аптека».;1 - слой с объектами «Нежилое здание», 2 - слой с объектами «Аптека», учитывающий буфер 300 м вокруг каждого объекта.;;953;Аптека;Нежилое здание;2;15;Аптека;Нежилое здание;300
876;;Город Канск;716;Исходный;Определи, есть ли зоомагазин в радиусе 300 м от Ветеринарной клиники.;В отображаемом слое для проекта Город Канск показаны объекты типа «Зоомагазин», расположенные в радиусе 300 м от объектов типа «Ветеринарная клиника».;1 - слой с объектами «Зоомагазин», 2 - слой с объектами «Ветеринарная клиника», учитывающий буфер 300 м вокруг каждого объекта.;;953;Ветеринарная клиника, Зоомагазин;;2;16;Ветеринарная клиника;Зоомагазин;300
877;;Город Канск;716;Исходный;Найди лес, который находится в пределах 500 м от Электрической подстанции.;В отображаемом слое для проекта Город Канск показаны объекты типа «Лес», расположенные в радиусе 500 м от объектов типа «Электрическая подстанция».;1 - слой с объектами «Лес», 2 - слой с объектами «Электрическая подстанция», учитывающий буфер 500 м вокруг каждого объекта.;;953;;Электрическая подстанция, Лес;2;17;Электрическая подстанция;Лес;500
878;;Город Канск;716;Исходный;Проверь памятник, расположенный в пределах 100 м от Реки.;В отображаемом слое для проекта Город Канск показаны объекты типа «Памятник», расположенные в радиусе 100 м от объектов типа «Река».;1 - слой с объектами «Памятник», 2 - слой с объектами «Река», учитывающий буфер 100 м вокруг каждого объекта.;;953;Памятник;Река;2;18;Река;Памятник;100
879;;Город Канск;716;Исходный;Покажи долю травяных покрытий, находящихся в радиусе 200 м от полицейского участка, чтобы оценить зеленые зоны в зоне охраны.;В отображаемом слое для проекта Город Канск показаны объекты типа «Травяное покрытие», расположенные в радиусе 200 м от объектов типа «Полицейский участок».;1 - слой с объектами «Травяное покрытие», 2 - слой с объектами «Полицейский участок», учитывающий буфер 200 м вокруг каждого объекта.;;953;Полицейский участок;Травяное покрытие;3;10;Полицейский участок;Травяное покрытие;200
880;;Город Канск;716;Исходный;Определи количество травяных покрытий, расположенных в пределах 200 м от парка, чтобы убедиться, что парковые территории поддерживают достаточную растительность.;В отображаемом слое для проекта Город Канск показаны объекты типа «Травяное покрытие», расположенные в радиусе 200 м от объектов типа «Парк».;1 - слой с объектами «Травяное покрытие», 2 - слой с объектами «Парк», учитывающий буфер 200 м вокруг каждого объекта.;;953;Парк;Травяное покрытие;3;11;Парк;Травяное покрытие;200
881;;Город Канск;716;Исходный;Найди все водонапорные башни, находящиеся в радиусе 100 м от нежилого здания, чтобы проверить наличие резервных водных источников рядом с коммерческой площадью.;В отображаемом слое для проекта Город Канск показаны объекты типа «Водонапорная башня», расположенные в радиусе 100 м от объектов типа «Нежилое здание».;1 - слой с объектами «Водонапорная башня», 2 - слой с объектами «Нежилое здание», учитывающий буфер 100 м вокруг каждого объекта.;;953;;Нежилое здание, Водонапорная башня;3;12;Нежилое здание;Водонапорная башня;100
882;;Город Канск;716;Исходный;Проверь, сколько ресторанов находится в 200 м от парковки, чтобы оценить удобство питания для автомобилистов.;В отображаемом слое для проекта Город Канск показаны объекты типа «Ресторан», расположенные в радиусе 200 м от объектов типа «Парковка».;1 - слой с объектами «Ресторан», 2 - слой с объектами «Парковка», учитывающий буфер 200 м вокруг каждого объекта.;;953;Парковка, Ресторан;;3;13;Парковка;Ресторан;200
883;;Город Канск;716;Исходный;Выведи список почтовых отделений, расположенных в пределах 100 м от среднего специального учебного заведения, чтобы улучшить доступность почтовых услуг для студентов.;В отображаемом слое для проекта Город Канск показаны объекты типа «Почтовое отделение», расположенные в радиусе 100 м от объектов типа «Среднее специальное учебное заведение».;1 - слой с объектами «Почтовое отделение», 2 - слой с объектами «Среднее специальное учебное заведение», учитывающий буфер 100 м вокруг каждого объекта.;;953;Среднее специальное учебное заведение, Почтовое отделение;;3;14;Среднее специальное учебное заведение;Почтовое отделение;100
884;;Город Канск;716;Исходный;Считай отделения банка, находящиеся в радиусе 300 м от заправочной станции, чтобы проанализировать финансовую инфраструктуру в зоне автозаправки.;В отображаемом слое для проекта Город Канск показаны объекты типа «Отделение банка», расположенные в радиусе 300 м от объектов типа «Заправочная станция».;1 - слой с объектами «Отделение банка», 2 - слой с объектами «Заправочная станция», учитывающий буфер 300 м вокруг каждого объекта.;;953;Отделение банка;Заправочная станция;3;15;Заправочная станция;Отделение банка;300
885;;Город Канск;716;Исходный;Оцени рестораны, расположенные в 150 м от больницы, чтобы оценить доступность питания для пациентов и персонала.;В отображаемом слое для проекта Город Канск показаны объекты типа «Ресторан», расположенные в радиусе 150 м от объектов типа «Больница».;1 - слой с объектами «Ресторан», 2 - слой с объектами «Больница», учитывающий буфер 150 м вокруг каждого объекта.;;953;Больница, Ресторан;;3;16;Больница;Ресторан;150
886;;Город Канск;716;Исходный;Вычисли запчасти (заправочные станции) в пределах 200 м от железнодорожного вокзала, чтобы обеспечить топливные услуги для прибывающих поездов.;В отображаемом слое для проекта Город Канск показаны объекты типа «Заправочная станция», расположенные в радиусе 200 м от объектов типа «Железнодорожный вокзал».;1 - слой с объектами «Заправочная станция», 2 - слой с объектами «Железнодорожный вокзал», учитывающий буфер 200 м вокруг каждого объекта.;;953;Железнодорожный вокзал;Заправочная станция;3;17;Железнодорожный вокзал;Заправочная станция;200
887;;Город Канск;716;Исходный;Сравни супермаркеты, находящиеся в 100 м от водонапорной башни, чтобы оценить доступность продуктовых магазинов рядом с водоснабжением.;В отображаемом слое для проекта Город Канск показаны объекты типа «Супермаркет», расположенные в радиусе 100 м от объектов типа «Водонапорная башня».;1 - слой с объектами «Супермаркет», 2 - слой с объектами «Водонапорная башня», учитывающий буфер 100 м вокруг каждого объекта.;;953;Супермаркет;Водонапорная башня;3;18;Водонапорная башня;Супермаркет;100
888;;Город Канск;716;Исходный;Покажи, сколько столовых находится в пределах 50 м от Театра, чтобы оценить доступность питания для зрителей.;В отображаемом слое для проекта Город Канск показаны объекты типа «Столовая», расположенные в радиусе 50 м от объектов типа «Театр».;1 - слой с объектами «Столовая», 2 - слой с объектами «Театр», учитывающий буфер 50 м вокруг каждого объекта.;;953;Театр, Столовая;;4;10;Театр;Столовая;50
889;;Город Канск;716;Исходный;Найди, сколько парковок находится в пределах 150 м от Жилого дома, чтобы понять доступность парковки.;В отображаемом слое для проекта Город Канск показаны объекты типа «Парковка», расположенные в радиусе 150 м от объектов типа «Жилой дом».;1 - слой с объектами «Парковка», 2 - слой с объектами «Жилой дом», учитывающий буфер 150 м вокруг каждого объекта.;;953;Парковка;Жилой дом;4;11;Жилой дом;Парковка;150
890;;Город Канск;716;Исходный;Определи, сколько остановок наземного транспорта находится в пределах 200 м от Супермаркета, чтобы оценить транспортную доступность.;В отображаемом слое для проекта Город Канск показаны объекты типа «Остановка наземного транспорта», расположенные в радиусе 200 м от объектов типа «Супермаркет».;1 - слой с объектами «Остановка наземного транспорта», 2 - слой с объектами «Супермаркет», учитывающий буфер 200 м вокруг каждого объекта.;;953;Супермаркет;Остановка наземного транспорта;4;12;Супермаркет;Остановка наземного транспорта;200
891;;Город Канск;716;Исходный;Выведи, сколько библиотек находится в пределах 200 м от Парикмахера, чтобы оценить культурную инфраструктуру.;В отображаемом слое для проекта Город Канск показаны объекты типа «Библиотека», расположенные в радиусе 200 м от объектов типа «Парикмахер».;1 - слой с объектами «Библиотека», 2 - слой с объектами «Парикмахер», учитывающий буфер 200 м вокруг каждого объекта.;;953;Парикмахер, Библиотека;;4;13;Парикмахер;Библиотека;200
892;;Город Канск;716;Исходный;Проверь, есть ли река в пределах 500 м от Больницы, чтобы оценить экологический риск.;В отображаемом слое для проекта Город Канск показаны объекты типа «Река», расположенные в радиусе 500 м от объектов типа «Больница».;1 - слой с объектами «Река», 2 - слой с объектами «Больница», учитывающий буфер 500 м вокруг каждого объекта.;;953;Больница;Река;4;14;Больница;Река;500
893;;Город Канск;716;Исходный;Считай, сколько линий электропередачи находится в пределах 50 м от Травяного покрытия, чтобы оценить электробезопасность.;В отображаемом слое для проекта Город Канск показаны объекты типа «Линия электропередачи», расположенные в радиусе 50 м от объектов типа «Травяное покрытие».;1 - слой с объектами «Линия электропередачи», 2 - слой с объектами «Травяное покрытие», учитывающий буфер 50 м вокруг каждого объекта.;;953;;Травяное покрытие, Линия электропередачи;4;15;Травяное покрытие;Линия электропередачи;50
894;;Город Канск;716;Исходный;Расчитай, сколько кладбищ находится в пределах 150 м от Полигон ТБО, чтобы оценить санитарно-эпидемиологические риски.;В отображаемом слое для проекта Город Канск показаны объекты типа «Кладбище», расположенные в радиусе 150 м от объектов типа «Полигон ТБО».;1 - слой с объектами «Кладбище», 2 - слой с объектами «Полигон ТБО», учитывающий буфер 150 м вокруг каждого объекта.;;953;Кладбище;Полигон ТБО;4;16;Полигон ТБО;Кладбище;150
895;;Город Канск;716;Исходный;Выясни, сколько полицейских участков находится в пределах 100 м от Кладбища, чтобы проверить уровень безопасности.;В отображаемом слое для проекта Город Канск показаны объекты типа «Полицейский участок», расположенные в радиусе 100 м от объектов типа «Кладбище».;1 - слой с объектами «Полицейский участок», 2 - слой с объектами «Кладбище», учитывающий буфер 100 м вокруг каждого объекта.;;953;Кладбище, Полицейский участок;;4;17;Кладбище;Полицейский участок;100
896;;Город Канск;716;Исходный;Получи, сколько зоомагазинов находится в пределах 300 м от Водонапорной башни, чтобы оценить доступность ветеринарных услуг.;В отображаемом слое для проекта Город Канск показаны объекты типа «Зоомагазин», расположенные в радиусе 300 м от объектов типа «Водонапорная башня».;1 - слой с объектами «Зоомагазин», 2 - слой с объектами «Водонапорная башня», учитывающий буфер 300 м вокруг каждого объекта.;;953;Зоомагазин;Водонапорная башня;4;18;Водонапорная башня;Зоомагазин;300
897;;Город Лесосибирск;718;Исходный;Покажи водные объекты, находящиеся внутри радиуса 100 м от салона красоты, чтобы оценить близость водных ресурсов.;В отображаемом слое для проекта Город Лесосибирск показаны объекты типа «Водный объект», расположенные в радиусе 100 м от объектов типа «Салон красоты».;1 - слой с объектами «Водный объект», 2 - слой с объектами «Салон красоты», учитывающий буфер 100 м вокруг каждого объекта.;;954;Салон красоты;Водный объект;5;10;Салон красоты;Водный объект;100
898;;Город Лесосибирск;718;Исходный;Найди детские сады, расположенные внутри радиуса 500 м от ресторана, чтобы определить зоны детского отдыха.;В отображаемом слое для проекта Город Лесосибирск показаны объекты типа «Детский сад», расположенные в радиусе 500 м от объектов типа «Ресторан».;1 - слой с объектами «Детский сад», 2 - слой с объектами «Ресторан», учитывающий буфер 500 м вокруг каждого объекта.;;954;Ресторан, Детский сад;;5;11;Ресторан;Детский сад;500
899;;Город Лесосибирск;718;Исходный;Определи жилые дома, находящиеся в пределах 300 м от поликлиники, чтобы оценить доступность медицинских услуг.;В отображаемом слое для проекта Город Лесосибирск показаны объекты типа «Жилой дом», расположенные в радиусе 300 м от объектов типа «Поликлиника».;1 - слой с объектами «Жилой дом», 2 - слой с объектами «Поликлиника», учитывающий буфер 300 м вокруг каждого объекта.;;954;Поликлиника;Жилой дом;5;12;Поликлиника;Жилой дом;300
900;;Город Лесосибирск;718;Исходный;Сколько почтовых отделений находятся внутри радиуса 50 м от продуктов (магазина у дома), чтобы проверить доступность корреспонденции.;В отображаемом слое для проекта Город Лесосибирск показаны объекты типа «Почтовое отделение», расположенные в радиусе 50 м от объектов типа «Продукты (магазин у дома)».;1 - слой с объектами «Почтовое отделение», 2 - слой с объектами «Продукты (магазин у дома)», учитывающий буфер 50 м вокруг каждого объекта.;;954;Продукты (магазин у дома), Почтовое отделение;;5;13;Продукты (магазин у дома);Почтовое отделение;50
901;;Город Лесосибирск;718;Исходный;Проверь линии электропередачи, расположенные в пределах 500 м от библиотеки, чтобы оценить электроснабжение.;В отображаемом слое для проекта Город Лесосибирск показаны объекты типа «Линия электропередачи», расположенные в радиусе 500 м от объектов типа «Библиотека».;1 - слой с объектами «Линия электропередачи», 2 - слой с объектами «Библиотека», учитывающий буфер 500 м вокруг каждого объекта.;;954;Библиотека;Линия электропередачи;5;14;Библиотека;Линия электропередачи;500
902;;Город Лесосибирск;718;Исходный;Выведи пожарные станции, находящиеся внутри радиуса 100 м от кладбища, чтобы обеспечить пожарную безопасность.;В отображаемом слое для проекта Город Лесосибирск показаны объекты типа «Пожарная станция», расположенные в радиусе 100 м от объектов типа «Кладбище».;1 - слой с объектами «Пожарная станция», 2 - слой с объектами «Кладбище», учитывающий буфер 100 м вокруг каждого объекта.;;954;Кладбище, Пожарная станция;;5;15;Кладбище;Пожарная станция;100
903;;Город Лесосибирск;718;Исходный;Построй список больниц, расположенных в пределах 150 м от рекреационной зоны, чтобы оценить медицинскую доступность.;В отображаемом слое для проекта Город Лесосибирск показаны объекты типа «Больница», расположенные в радиусе 150 м от объектов типа «Рекреационная зона».;1 - слой с объектами «Больница», 2 - слой с объектами «Рекреационная зона», учитывающий буфер 150 м вокруг каждого объекта.;;954;Больница;Рекреационная зона;5;16;Рекреационная зона;Больница;150
904;;Город Лесосибирск;718;Исходный;А какие детские сады находятся в пределах 500 м от железнодорожного вокзала? Это поможет планировать инфраструктуру.;В отображаемом слое для проекта Город Лесосибирск показаны объекты типа «Детский сад», расположенные в радиусе 500 м от объектов типа «Железнодорожный вокзал».;1 - слой с объектами «Детский сад», 2 - слой с объектами «Железнодорожный вокзал», учитывающий буфер 500 м вокруг каждого объекта.;;954;Железнодорожный вокзал, Детский сад;;5;17;Железнодорожный вокзал;Детский сад;500
905;;Город Лесосибирск;718;Исходный;Оцените больницы, расположенные внутри радиуса 300 м от ресторана, чтобы планировать услуги для посетителей.;В отображаемом слое для проекта Город Лесосибирск показаны объекты типа «Больница», расположенные в радиусе 300 м от объектов типа «Ресторан».;1 - слой с объектами «Больница», 2 - слой с объектами «Ресторан», учитывающий буфер 300 м вокруг каждого объекта.;;954;Ресторан, Больница;;5;18;Ресторан;Больница;300
906;;Город Лесосибирск;718;Исходный;Покажи, сколько книжных магазинов находится внутри радиуса 500 м от кладбища, чтобы оценить доступность.;В отображаемом слое для проекта Город Лесосибирск показаны объекты типа «Книжный магазин», расположенные в радиусе 500 м от объектов типа «Кладбище».;1 - слой с объектами «Книжный магазин», 2 - слой с объектами «Кладбище», учитывающий буфер 500 м вокруг каждого объекта.;;954;Кладбище, Книжный магазин;;6;10;Кладбище;Книжный магазин;500
907;;Город Лесосибирск;718;Исходный;Найди отделения банка, расположенные в пределах 500 м от ресторана, для оценки коммерческой привлекательности.;В отображаемом слое для проекта Город Лесосибирск показаны объекты типа «Отделение банка», расположенные в радиусе 500 м от объектов типа «Ресторан».;1 - слой с объектами «Отделение банка», 2 - слой с объектами «Ресторан», учитывающий буфер 500 м вокруг каждого объекта.;;954;Ресторан, Отделение банка;;6;11;Ресторан;Отделение банка;500
908;;Город Лесосибирск;718;Исходный;Определи, находятся ли железнодорожные вокзалы в пределах 150 м от супермаркета, чтобы планировать транспортные потоки.;В отображаемом слое для проекта Город Лесосибирск показаны объекты типа «Железнодорожный вокзал», расположенные в радиусе 150 м от объектов типа «Супермаркет».;1 - слой с объектами «Железнодорожный вокзал», 2 - слой с объектами «Супермаркет», учитывающий буфер 150 м вокруг каждого объекта.;;954;Супермаркет, Железнодорожный вокзал;;6;12;Супермаркет;Железнодорожный вокзал;150
909;;Город Лесосибирск;718;Исходный;Выведи типы травяного покрытия, расположенные внутри радиуса 150 м от пожарной станции, для оценки пожарной безопасности.;В отображаемом слое для проекта Город Лесосибирск показаны объекты типа «Травяное покрытие», расположенные в радиусе 150 м от объектов типа «Пожарная станция».;1 - слой с объектами «Травяное покрытие», 2 - слой с объектами «Пожарная станция», учитывающий буфер 150 м вокруг каждого объекта.;;954;Пожарная станция;Травяное покрытие;6;13;Пожарная станция;Травяное покрытие;150
910;;Город Лесосибирск;718;Исходный;Проверь, находятся ли музеи не далее чем 150 м от нежилого здания, чтобы проверить культурный доступ.;В отображаемом слое для проекта Город Лесосибирск показаны объекты типа «Музей», расположенные в радиусе 150 м от объектов типа «Нежилое здание».;1 - слой с объектами «Музей», 2 - слой с объектами «Нежилое здание», учитывающий буфер 150 м вокруг каждого объекта.;;954;Музей;Нежилое здание;6;14;Нежилое здание;Музей;150
911;;Город Лесосибирск;718;Исходный;Сколько театров находится в пределах 200 м от полицейского участка, чтобы оценить уровень культурной инфраструктуры.;В отображаемом слое для проекта Город Лесосибирск показаны объекты типа «Театр», расположенные в радиусе 200 м от объектов типа «Полицейский участок».;1 - слой с объектами «Театр», 2 - слой с объектами «Полицейский участок», учитывающий буфер 200 м вокруг каждого объекта.;;954;Полицейский участок, Театр;;6;15;Полицейский участок;Театр;200
912;;Город Лесосибирск;718;Исходный;Укажи автозаправки, расположенные не далее чем 50 м от парковки, чтобы оптимизировать транспортный поток.;В отображаемом слое для проекта Город Лесосибирск показаны объекты типа «Автозаправка», расположенные в радиусе 50 м от объектов типа «Парковка».;1 - слой с объектами «Автозаправка», 2 - слой с объектами «Парковка», учитывающий буфер 50 м вокруг каждого объекта.;;954;Парковка, Автозаправка;;6;16;Парковка;Автозаправка;50
913;;Город Лесосибирск;718;Исходный;Уточни музеи, находящиеся внутри радиуса 300 м от поликлиники, для оценки культурного доступа к здравоохранению.;В отображаемом слое для проекта Город Лесосибирск показаны объекты типа «Музей», расположенные в радиусе 300 м от объектов типа «Поликлиника».;1 - слой с объектами «Музей», 2 - слой с объектами «Поликлиника», учитывающий буфер 300 м вокруг каждого объекта.;;954;Поликлиника, Музей;;6;17;Поликлиника;Музей;300
914;;Город Лесосибирск;718;Исходный;Считай детские сады, расположенные в пределах 50 м от салона красоты, чтобы оценить семейное удобство.;В отображаемом слое для проекта Город Лесосибирск показаны объекты типа «Детский сад», расположенные в радиусе 50 м от объектов типа «Салон красоты».;1 - слой с объектами «Детский сад», 2 - слой с объектами «Салон красоты», учитывающий буфер 50 м вокруг каждого объекта.;;954;Салон красоты, Детский сад;;6;18;Салон красоты;Детский сад;50
915;;Город Лесосибирск;718;Исходный;Определи количество травяного покрытия в пределах 500 м от музея.;В отображаемом слое для проекта Город Лесосибирск показаны объекты типа «Травяное покрытие», расположенные в радиусе 500 м от объектов типа «Музей».;1 - слой с объектами «Травяное покрытие», 2 - слой с объектами «Музей», учитывающий буфер 500 м вокруг каждого объекта.;;954;Музей;Травяное покрытие;7;10;Музей;Травяное покрытие;500
916;;Город Лесосибирск;718;Исходный;Проверь наличие линии электропередачи не далее чем 300 м от промышленной территории.;В отображаемом слое для проекта Город Лесосибирск показаны объекты типа «Линия электропередачи», расположенные в радиусе 300 м от объектов типа «Промышленная территория».;1 - слой с объектами «Линия электропередачи», 2 - слой с объектами «Промышленная территория», учитывающий буфер 300 м вокруг каждого объекта.;;954;;Промышленная территория, Линия электропередачи;7;11;Промышленная территория;Линия электропередачи;300
917;;Город Лесосибирск;718;Исходный;Сколько жилых домов находится внутри 200 м от промышленной территории?;В отображаемом слое для проекта Город Лесосибирск показаны объекты типа «Жилой дом», расположенные в радиусе 200 м от объектов типа «Промышленная территория».;1 - слой с объектами «Жилой дом», 2 - слой с объектами «Промышленная территория», учитывающий буфер 200 м вокруг каждого объекта.;;954;;Промышленная территория, Жилой дом;7;12;Промышленная территория;Жилой дом;200
918;;Город Лесосибирск;718;Исходный;Выведи список кладбищ, расположенных не далее чем 300 м от больницы.;В отображаемом слое для проекта Город Лесосибирск показаны объекты типа «Кладбище», расположенные в радиусе 300 м от объектов типа «Больница».;1 - слой с объектами «Кладбище», 2 - слой с объектами «Больница», учитывающий буфер 300 м вокруг каждого объекта.;;954;Больница, Кладбище;;7;13;Больница;Кладбище;300
919;;Город Лесосибирск;718;Исходный;Покажи все нежилые здания, которые находятся в пределах 500 м от промышленной территории.;В отображаемом слое для проекта Город Лесосибирск показаны объекты типа «Нежилое здание», расположенные в радиусе 500 м от объектов типа «Промышленная территория».;1 - слой с объектами «Нежилое здание», 2 - слой с объектами «Промышленная территория», учитывающий буфер 500 м вокруг каждого объекта.;;954;;Промышленная территория, Нежилое здание;7;14;Промышленная территория;Нежилое здание;500
920;;Город Лесосибирск;718;Исходный;Выведи адвокатов, расположенных не далее чем 300 м от Продукты (магазин у дома), для планирования юридической поддержки.;В отображаемом слое для проекта Город Лесосибирск показаны объекты типа «Адвокат», расположенные в радиусе 300 м от объектов типа «Продукты (магазин у дома)».;1 - слой с объектами «Адвокат», 2 - слой с объектами «Продукты (магазин у дома)», учитывающий буфер 300 м вокруг каждого объекта.;;954;Продукты (магазин у дома), Адвокат;;7;15;Продукты (магазин у дома);Адвокат;300
921;;Город Лесосибирск;718;Исходный;Уточни, какие отделения банка находятся в пределах 50 м от дворца культуры.;В отображаемом слое для проекта Город Лесосибирск показаны объекты типа «Отделение банка», расположенные в радиусе 50 м от объектов типа «Дворец культуры».;1 - слой с объектами «Отделение банка», 2 - слой с объектами «Дворец культуры», учитывающий буфер 50 м вокруг каждого объекта.;;954;Дворец культуры, Отделение банка;;7;16;Дворец культуры;Отделение банка;50
922;;Город Лесосибирск;718;Исходный;Сравни количество спортивных магазинов, расположенных не далее чем 150 м от бара/паба.;В отображаемом слое для проекта Город Лесосибирск показаны объекты типа «Спортивный магазин», расположенные в радиусе 150 м от объектов типа «Бар/Паб».;1 - слой с объектами «Спортивный магазин», 2 - слой с объектами «Бар/Паб», учитывающий буфер 150 м вокруг каждого объекта.;;954;Бар/Паб, Спортивный магазин;;7;17;Бар/Паб;Спортивный магазин;150
923;;Город Лесосибирск;718;Исходный;Считай количество школ, находящихся не далее чем 300 м от парка.;В отображаемом слое для проекта Город Лесосибирск показаны объекты типа «Школа», расположенные в радиусе 300 м от объектов типа «Парк».;1 - слой с объектами «Школа», 2 - слой с объектами «Парк», учитывающий буфер 300 м вокруг каждого объекта.;;954;Парк, Школа;;7;18;Парк;Школа;300
924;;Город Лесосибирск;718;Исходный;Проверь, сколько промышленных территорий находится внутри радиуса 200 м от Центра занятости населения, чтобы оценить доступность рабочих мест.;В отображаемом слое для проекта Город Лесосибирск показаны объекты типа «Промышленная территория», расположенные в радиусе 200 м от объектов типа «Центр занятости населения».;1 - слой с объектами «Промышленная территория», 2 - слой с объектами «Центр занятости населения», учитывающий буфер 200 м вокруг каждого объекта.;;954;Центр занятости населения;Промышленная территория;8;10;Центр занятости населения;Промышленная территория;200
925;;Город Лесосибирск;718;Исходный;Определи, какие дворцы культуры расположены в пределах 200 м от адвоката, чтобы понять взаимную доступность.;В отображаемом слое для проекта Город Лесосибирск показаны объекты типа «Дворец культуры», расположенные в радиусе 200 м от объектов типа «Адвокат».;1 - слой с объектами «Дворец культуры», 2 - слой с объектами «Адвокат», учитывающий буфер 200 м вокруг каждого объекта.;;954;Адвокат, Дворец культуры;;8;11;Адвокат;Дворец культуры;200
926;;Город Лесосибирск;718;Исходный;Выведи список автозаправок, находящихся не далее чем 50 м от гостиницы, чтобы оценить инфраструктуру.;В отображаемом слое для проекта Город Лесосибирск показаны объекты типа «Автозаправка», расположенные в радиусе 50 м от объектов типа «Гостиница».;1 - слой с объектами «Автозаправка», 2 - слой с объектами «Гостиница», учитывающий буфер 50 м вокруг каждого объекта.;;954;Гостиница, Автозаправка;;8;12;Гостиница;Автозаправка;50
927;;Город Лесосибирск;718;Исходный;Считай, сколько травяных покрытий находится внутри радиуса 200 м от жилого дома, чтобы проверить зеленые зоны.;В отображаемом слое для проекта Город Лесосибирск показаны объекты типа «Травяное покрытие», расположенные в радиусе 200 м от объектов типа «Жилой дом».;1 - слой с объектами «Травяное покрытие», 2 - слой с объектами «Жилой дом», учитывающий буфер 200 м вокруг каждого объекта.;;954;;Жилой дом, Травяное покрытие;8;13;Жилой дом;Травяное покрытие;200
928;;Город Лесосибирск;718;Исходный;Покажи, какие школы находятся в пределах 50 м от пожарной станции, чтобы оценить безопасность района.;В отображаемом слое для проекта Город Лесосибирск показаны объекты типа «Школа», расположенные в радиусе 50 м от объектов типа «Пожарная станция».;1 - слой с объектами «Школа», 2 - слой с объектами «Пожарная станция», учитывающий буфер 50 м вокруг каждого объекта.;;954;Пожарная станция, Школа;;8;14;Пожарная станция;Школа;50
929;;Город Лесосибирск;718;Исходный;Найди водные объекты, которые расположены не далее чем 50 м от остановки наземного транспорта, чтобы проверить доступность воды.;В отображаемом слое для проекта Город Лесосибирск показаны объекты типа «Водный объект», расположенные в радиусе 50 м от объектов типа «Остановка наземного транспорта».;1 - слой с объектами «Водный объект», 2 - слой с объектами «Остановка наземного транспорта», учитывающий буфер 50 м вокруг каждого объекта.;;954;;Остановка наземного транспорта, Водный объект;8;15;Остановка наземного транспорта;Водный объект;50
930;;Город Лесосибирск;718;Исходный;Определи, сколько детских садов находится внутри радиуса 200 м от железнодорожной станции, чтобы оценить семейный транспорт.;В отображаемом слое для проекта Город Лесосибирск показаны объекты типа «Детский сад», расположенные в радиусе 200 м от объектов типа «Железнодорожная станция».;1 - слой с объектами «Детский сад», 2 - слой с объектами «Железнодорожная станция», учитывающий буфер 200 м вокруг каждого объекта.;;954;Железнодорожная станция, Детский сад;;8;16;Железнодорожная станция;Детский сад;200
931;;Город Лесосибирск;718;Исходный;Проверь, какие театры находятся в пределах 500 м от кладбища, чтобы оценить культурную близость.;В отображаемом слое для проекта Город Лесосибирск показаны объекты типа «Театр», расположенные в радиусе 500 м от объектов типа «Кладбище».;1 - слой с объектами «Театр», 2 - слой с объектами «Кладбище», учитывающий буфер 500 м вокруг каждого объекта.;;954;Кладбище, Театр;;8;17;Кладбище;Театр;500
932;;Город Лесосибирск;718;Исходный;Выведи количество полицейских участков, которые находятся не далее чем 200 м от дворца культуры, чтобы понять охранную инфраструктуру.;В отображаемом слое для проекта Город Лесосибирск показаны объекты типа «Полицейский участок», расположенные в радиусе 200 м от объектов типа «Дворец культуры».;1 - слой с объектами «Полицейский участок», 2 - слой с объектами «Дворец культуры», учитывающий буфер 200 м вокруг каждого объекта.;;954;Дворец культуры, Полицейский участок;;8;18;Дворец культуры;Полицейский участок;200
933;;Город Лесосибирск;718;Исходный;Покажи рестораны, находящиеся в пределах 50 м от библиотеки, чтобы оценить доступность питания.;В отображаемом слое для проекта Город Лесосибирск показаны объекты типа «Ресторан», расположенные в радиусе 50 м от объектов типа «Библиотека».;1 - слой с объектами «Ресторан», 2 - слой с объектами «Библиотека», учитывающий буфер 50 м вокруг каждого объекта.;;954;Библиотека, Ресторан;;9;10;Библиотека;Ресторан;50
934;;Город Лесосибирск;718;Исходный;Найди зеленые зоны, не далее чем 500 м от памятника, чтобы понять уровень зелёной инфраструктуры.;В отображаемом слое для проекта Город Лесосибирск показаны объекты типа «Зеленая зона», расположенные в радиусе 500 м от объектов типа «Памятник».;1 - слой с объектами «Зеленая зона», 2 - слой с объектами «Памятник», учитывающий буфер 500 м вокруг каждого объекта.;;954;Памятник;Зеленая зона;9;11;Памятник;Зеленая зона;500
935;;Город Лесосибирск;718;Исходный;Определи спортивные магазины, которые находятся внутри радиуса 500 м от больницы, чтобы проверить доступность спортивных товаров.;В отображаемом слое для проекта Город Лесосибирск показаны объекты типа «Спортивный магазин», расположенные в радиусе 500 м от объектов типа «Больница».;1 - слой с объектами «Спортивный магазин», 2 - слой с объектами «Больница», учитывающий буфер 500 м вокруг каждого объекта.;;954;Больница, Спортивный магазин;;9;12;Больница;Спортивный магазин;500
936;;Город Лесосибирск;718;Исходный;Сколько парков находится в пределах 200 м от кафе, чтобы оценить прогулочные зоны.;В отображаемом слое для проекта Город Лесосибирск показаны объекты типа «Парк», расположенные в радиусе 200 м от объектов типа «Кафе».;1 - слой с объектами «Парк», 2 - слой с объектами «Кафе», учитывающий буфер 200 м вокруг каждого объекта.;;954;Кафе, Парк;;9;13;Кафе;Парк;200
937;;Город Лесосибирск;718;Исходный;Проверь наличие баров/пабов, не далее чем 100 м от памятника, чтобы оценить ночную жизнь.;В отображаемом слое для проекта Город Лесосибирск показаны объекты типа «Бар/Паб», расположенные в радиусе 100 м от объектов типа «Памятник».;1 - слой с объектами «Бар/Паб», 2 - слой с объектами «Памятник», учитывающий буфер 100 м вокруг каждого объекта.;;954;Памятник, Бар/Паб;;9;14;Памятник;Бар/Паб;100
938;;Город Лесосибирск;718;Исходный;Выведи гостиницы, которые расположены внутри радиуса 200 м от аптеки, чтобы оценить доступность проживания.;В отображаемом слое для проекта Город Лесосибирск показаны объекты типа «Гостиница», расположенные в радиусе 200 м от объектов типа «Аптека».;1 - слой с объектами «Гостиница», 2 - слой с объектами «Аптека», учитывающий буфер 200 м вокруг каждого объекта.;;954;Аптека, Гостиница;;9;15;Аптека;Гостиница;200
939;;Город Лесосибирск;718;Исходный;Определи магазины продуктов рядом с адвокатом, не далее чем 150 м от адвоката, чтобы понять удобство питания.;В отображаемом слое для проекта Город Лесосибирск показаны объекты типа «Продукты (магазин у дома)», расположенные в радиусе 150 м от объектов типа «Адвокат».;1 - слой с объектами «Продукты (магазин у дома)», 2 - слой с объектами «Адвокат», учитывающий буфер 150 м вокруг каждого объекта.;;954;Адвокат, Продукты (магазин у дома);;9;16;Адвокат;Продукты (магазин у дома);150
940;;Город Лесосибирск;718;Исходный;Покажи железнодорожные вокзалы, находящиеся в пределах 300 м от спортивного магазина, чтобы оценить транспортную доступность.;В отображаемом слое для проекта Город Лесосибирск показаны объекты типа «Железнодорожный вокзал», расположенные в радиусе 300 м от объектов типа «Спортивный магазин».;1 - слой с объектами «Железнодорожный вокзал», 2 - слой с объектами «Спортивный магазин», учитывающий буфер 300 м вокруг каждого объекта.;;954;Спортивный магазин, Железнодорожный вокзал;;9;17;Спортивный магазин;Железнодорожный вокзал;300
941;;Город Лесосибирск;718;Исходный;Найди школы, которые находятся внутри радиуса 150 м от театра, чтобы проверить образовательную доступность.;В отображаемом слое для проекта Город Лесосибирск показаны объекты типа «Школа», расположенные в радиусе 150 м от объектов типа «Театр».;1 - слой с объектами «Школа», 2 - слой с объектами «Театр», учитывающий буфер 150 м вокруг каждого объекта.;;954;Театр, Школа;;9;18;Театр;Школа;150
942;;город Светогорск;604;Исходный;Покажи количество местных дорог, расположенных внутри радиуса 300 м от салона красоты, чтобы оценить транспортную доступность.;В отображаемом слое для проекта город Светогорск показаны объекты типа «Местная дорога», расположенные в радиусе 300 м от объектов типа «Салон красоты».;1 - слой с объектами «Местная дорога», 2 - слой с объектами «Салон красоты», учитывающий буфер 300 м вокруг каждого объекта.;;772;Салон красоты;Местная дорога;10;10;Салон красоты;Местная дорога;300
943;;город Светогорск;604;Исходный;Найди площадки, находящиеся в пределах 50 м от парикмахера, чтобы проанализировать плотность обслуживания.;В отображаемом слое для проекта город Светогорск показаны объекты типа «Площадка», расположенные в радиусе 50 м от объектов типа «Парикмахер».;1 - слой с объектами «Площадка», 2 - слой с объектами «Парикмахер», учитывающий буфер 50 м вокруг каждого объекта.;;772;Парикмахер;Площадка;10;11;Парикмахер;Площадка;50
944;;город Светогорск;604;Исходный;Определи банкоматы, которые находятся внутри радиуса 150 м от местной дороги, чтобы оценить банковскую инфраструктуру.;В отображаемом слое для проекта город Светогорск показаны объекты типа «Банкомат», расположенные в радиусе 150 м от объектов типа «Местная дорога».;1 - слой с объектами «Банкомат», 2 - слой с объектами «Местная дорога», учитывающий буфер 150 м вокруг каждого объекта.;;772;Банкомат;Местная дорога;10;12;Местная дорога;Банкомат;150
945;;город Светогорск;604;Исходный;Сколько рекреационных зон находятся в пределах 150 м от зеленой зоны, чтобы понять взаимосвязь пространственных объектов.;В отображаемом слое для проекта город Светогорск показаны объекты типа «Рекреационная зона», расположенные в радиусе 150 м от объектов типа «Зеленая зона».;1 - слой с объектами «Рекреационная зона», 2 - слой с объектами «Зеленая зона», учитывающий буфер 150 м вокруг каждого объекта.;;772;;Зеленая зона, Рекреационная зона;10;13;Зеленая зона;Рекреационная зона;150
946;;город Светогорск;604;Исходный;Проверь наличие водных объектов, находящихся не далее чем 150 м от рекреационной зоны, чтобы оценить доступ к воде.;В отображаемом слое для проекта город Светогорск показаны объекты типа «Водный объект», расположенные в радиусе 150 м от объектов типа «Рекреационная зона».;1 - слой с объектами «Водный объект», 2 - слой с объектами «Рекреационная зона», учитывающий буфер 150 м вокруг каждого объекта.;;772;;Рекреационная зона, Водный объект;10;14;Рекреационная зона;Водный объект;150
947;;город Светогорск;604;Исходный;Выведи парикмахеров, находящихся внутри радиуса 100 м от пожарной станции, чтобы оценить доступность в экстренных ситуациях.;В отображаемом слое для проекта город Светогорск показаны объекты типа «Парикмахер», расположенные в радиусе 100 м от объектов типа «Пожарная станция».;1 - слой с объектами «Парикмахер», 2 - слой с объектами «Пожарная станция», учитывающий буфер 100 м вокруг каждого объекта.;;772;Пожарная станция, Парикмахер;;10;15;Пожарная станция;Парикмахер;100
948;;город Светогорск;604;Исходный;Сравни количество остановок наземного транспорта, которые расположены в пределах 200 м от нежилого здания, чтобы оценить транспортную доступность.;В отображаемом слое для проекта город Светогорск показаны объекты типа «Остановка наземного транспорта», расположенные в радиусе 200 м от объектов типа «Нежилое здание».;1 - слой с объектами «Остановка наземного транспорта», 2 - слой с объектами «Нежилое здание», учитывающий буфер 200 м вокруг каждого объекта.;;772;;Нежилое здание, Остановка наземного транспорта;10;16;Нежилое здание;Остановка наземного транспорта;200
949;;город Светогорск;604;Исходный;Проверь торговые центры, расположенные внутри радиуса 150 м от парикмахера, чтобы оценить коммерческую плотность.;В отображаемом слое для проекта город Светогорск показаны объекты типа «Торговый центр», расположенные в радиусе 150 м от объектов типа «Парикмахер».;1 - слой с объектами «Торговый центр», 2 - слой с объектами «Парикмахер», учитывающий буфер 150 м вокруг каждого объекта.;;772;Парикмахер, Торговый центр;;10;17;Парикмахер;Торговый центр;150
950;;город Светогорск;604;Исходный;Определи супермаркеты, расположенные не далее чем 500 м от водного объекта, чтобы проанализировать доступность товаров.;В отображаемом слое для проекта город Светогорск показаны объекты типа «Супермаркет», расположенные в радиусе 500 м от объектов типа «Водный объект».;1 - слой с объектами «Супермаркет», 2 - слой с объектами «Водный объект», учитывающий буфер 500 м вокруг каждого объекта.;;772;Супермаркет;Водный объект;10;18;Водный объект;Супермаркет;500
951;;город Светогорск;604;Исходный;Покажи рекреационную зону, находящуюся внутри радиуса 500 м от Одежды и обуви, чтобы оценить доступность.;В отображаемом слое для проекта город Светогорск показаны объекты типа «Рекреационная зона», расположенные в радиусе 500 м от объектов типа «Одежда и обувь».;1 - слой с объектами «Рекреационная зона», 2 - слой с объектами «Одежда и обувь», учитывающий буфер 500 м вокруг каждого объекта.;;772;Одежда и обувь;Рекреационная зона;11;10;Одежда и обувь;Рекреационная зона;500
952;;город Светогорск;604;Исходный;Найди стоматологическую клинику, расположенную в пределах 150 м от жилого дома, чтобы понять её покрытие.;В отображаемом слое для проекта город Светогорск показаны объекты типа «Стоматологическая клиника», расположенные в радиусе 150 м от объектов типа «Жилой дом».;1 - слой с объектами «Стоматологическая клиника», 2 - слой с объектами «Жилой дом», учитывающий буфер 150 м вокруг каждого объекта.;;772;Стоматологическая клиника;Жилой дом;11;11;Жилой дом;Стоматологическая клиника;150
953;;город Светогорск;604;Исходный;Определи промышленную территорию, находящуюся в радиусе 150 м от аптеки, чтобы оценить потенциальные зоны риска.;В отображаемом слое для проекта город Светогорск показаны объекты типа «Промышленная территория», расположенные в радиусе 150 м от объектов типа «Аптека».;1 - слой с объектами «Промышленная территория», 2 - слой с объектами «Аптека», учитывающий буфер 150 м вокруг каждого объекта.;;772;Аптека;Промышленная территория;11;12;Аптека;Промышленная территория;150
954;;город Светогорск;604;Исходный;Проверь, есть ли региональная дорога, расположенная внутри 150 м от банкомата, чтобы убедиться в удобстве доступа.;В отображаемом слое для проекта город Светогорск показаны объекты типа «Региональная дорога», расположенные в радиусе 150 м от объектов типа «Банкомат».;1 - слой с объектами «Региональная дорога», 2 - слой с объектами «Банкомат», учитывающий буфер 150 м вокруг каждого объекта.;;772;Банкомат;Региональная дорога;11;13;Банкомат;Региональная дорога;150
955;;город Светогорск;604;Исходный;Выведи почтовое отделение, которое находится в пределах 300 м от парка, чтобы проанализировать доступность для пешеходов.;В отображаемом слое для проекта город Светогорск показаны объекты типа «Почтовое отделение», расположенные в радиусе 300 м от объектов типа «Парк».;1 - слой с объектами «Почтовое отделение», 2 - слой с объектами «Парк», учитывающий буфер 300 м вокруг каждого объекта.;;772;Парк, Почтовое отделение;;11;14;Парк;Почтовое отделение;300
956;;город Светогорск;604;Исходный;Считай травяное покрытие, которое находится в радиусе 100 м от почтового отделения, чтобы оценить озеленённость.;В отображаемом слое для проекта город Светогорск показаны объекты типа «Травяное покрытие», расположенные в радиусе 100 м от объектов типа «Почтовое отделение».;1 - слой с объектами «Травяное покрытие», 2 - слой с объектами «Почтовое отделение», учитывающий буфер 100 м вокруг каждого объекта.;;772;Почтовое отделение;Травяное покрытие;11;15;Почтовое отделение;Травяное покрытие;100
957;;город Светогорск;604;Исходный;Определи полицейский участок, расположенный внутри 500 м от пункта выдачи, чтобы проверить охранную доступность.;В отображаемом слое для проекта город Светогорск показаны объекты типа «Полицейский участок», расположенные в радиусе 500 м от объектов типа «Пункт выдачи».;1 - слой с объектами «Полицейский участок», 2 - слой с объектами «Пункт выдачи», учитывающий буфер 500 м вокруг каждого объекта.;;772;Пункт выдачи, Полицейский участок;;11;16;Пункт выдачи;Полицейский участок;500
958;;город Светогорск;604;Исходный;Найди стоматологическую клинику, находящуюся в пределах 50 м от продуктов (магазина у дома), чтобы узнать её близость к потребителям.;В отображаемом слое для проекта город Светогорск показаны объекты типа «Стоматологическая клиника», расположенные в радиусе 50 м от объектов типа «Продукты (магазин у дома)».;1 - слой с объектами «Стоматологическая клиника», 2 - слой с объектами «Продукты (магазин у дома)», учитывающий буфер 50 м вокруг каждого объекта.;;772;Продукты (магазин у дома), Стоматологическая клиника;;11;17;Продукты (магазин у дома);Стоматологическая клиника;50
959;;город Светогорск;604;Исходный;Проверь промышленную территорию, которую можно найти в радиусе 50 м от стоматологической клиники, чтобы оценить совместимость использования.;В отображаемом слое для проекта город Светогорск показаны объекты типа «Промышленная территория», расположенные в радиусе 50 м от объектов типа «Стоматологическая клиника».;1 - слой с объектами «Промышленная территория», 2 - слой с объектами «Стоматологическая клиника», учитывающий буфер 50 м вокруг каждого объекта.;;772;Стоматологическая клиника;Промышленная территория;11;18;Стоматологическая клиника;Промышленная территория;50
960;;город Светогорск;604;Исходный;Проверь наличие библиотек в радиусе 150 м от остановки наземного общественного транспорта.;В отображаемом слое для проекта город Светогорск показаны объекты типа «Библиотека», расположенные в радиусе 150 м от объектов типа «Остановка наземного общественного транспорта».;1 - слой с объектами «Библиотека», 2 - слой с объектами «Остановка наземного общественного транспорта», учитывающий буфер 150 м вокруг каждого объекта.;;772;Остановка наземного общественного транспорта, Библиотека;;12;11;Остановка наземного общественного транспорта;Библиотека;150
961;;город Светогорск;604;Исходный;Определи количество супермаркетов в радиусе 500 м от спортивной площадки.;В отображаемом слое для проекта город Светогорск показаны объекты типа «Супермаркет», расположенные в радиусе 500 м от объектов типа «Спортивная площадка».;1 - слой с объектами «Супермаркет», 2 - слой с объектами «Спортивная площадка», учитывающий буфер 500 м вокруг каждого объекта.;;772;Спортивная площадка, Супермаркет;;12;13;Спортивная площадка;Супермаркет;500
962;;город Светогорск;604;Исходный;Сколько аптек расположены в пределах 300 м от многофункциональных центров предоставления государственных и муниципальных услуг?;В отображаемом слое для проекта город Светогорск показаны объекты типа «Аптека», расположенные в радиусе 300 м от объектов типа «Многофункциональные центры предоставления государственных и муниципальных услуг».;1 - слой с объектами «Аптека», 2 - слой с объектами «Многофункциональные центры предоставления государственных и муниципальных услуг», учитывающий буфер 300 м вокруг каждого объекта.;;772;Многофункциональные центры предоставления государственных и муниципальных услуг, Аптека;;12;14;Многофункциональные центры предоставления государственных и муниципальных услуг;Аптека;300
963;;город Светогорск;604;Исходный;Посчитай федеральные дороги, проходящие в пределах 100 м от остановки наземного общественного транспорта.;В отображаемом слое для проекта город Светогорск показаны объекты типа «Федеральная дорога», расположенные в радиусе 100 м от объектов типа «Остановка наземного общественного транспорта».;1 - слой с объектами «Федеральная дорога», 2 - слой с объектами «Остановка наземного общественного транспорта», учитывающий буфер 100 м вокруг каждого объекта.;;772;Остановка наземного общественного транспорта;Федеральная дорога;12;15;Остановка наземного общественного транспорта;Федеральная дорога;100
964;;город Светогорск;604;Исходный;Уточни зеленые зоны, находящиеся в пределах 150 м от спортивной площадки.;В отображаемом слое для проекта город Светогорск показаны объекты типа «Зеленая зона», расположенные в радиусе 150 м от объектов типа «Спортивная площадка».;1 - слой с объектами «Зеленая зона», 2 - слой с объектами «Спортивная площадка», учитывающий буфер 150 м вокруг каждого объекта.;;772;Спортивная площадка;Зеленая зона;12;16;Спортивная площадка;Зеленая зона;150
965;;город Светогорск;604;Исходный;Рассчитай спортивные площадки, расположенные в пределах 50 м от региональной дороги.;В отображаемом слое для проекта город Светогорск показаны объекты типа «Спортивная площадка», расположенные в радиусе 50 м от объектов типа «Региональная дорога».;1 - слой с объектами «Спортивная площадка», 2 - слой с объектами «Региональная дорога», учитывающий буфер 50 м вокруг каждого объекта.;;772;Спортивная площадка;Региональная дорога;12;17;Региональная дорога;Спортивная площадка;50
966;;город Светогорск;604;Исходный;Пожалуйста, покажи многофункциональные центры предоставления государственных и муниципальных услуг, которые находятся в радиусе 200 м от местной дороги.;В отображаемом слое для проекта город Светогорск показаны объекты типа «Многофункциональные центры предоставления государственных и муниципальных услуг», расположенные в радиусе 200 м от объектов типа «Местная дорога».;1 - слой с объектами «Многофункциональные центры предоставления государственных и муниципальных услуг», 2 - слой с объектами «Местная дорога», учитывающий буфер 200 м вокруг каждого объекта.;;772;Многофункциональные центры предоставления государственных и муниципальных услуг;Местная дорога;12;18;Местная дорога;Многофункциональные центры предоставления государственных и муниципальных услуг;200
967;;город Светогорск;604;Исходный;Определи, сколько библиотек находится внутри 150 м от аптек.;В отображаемом слое для проекта город Светогорск показаны объекты типа «Библиотека», расположенные в радиусе 150 м от объектов типа «Аптека».;1 - слой с объектами «Библиотека», 2 - слой с объектами «Аптека», учитывающий буфер 150 м вокруг каждого объекта.;;772;Аптека, Библиотека;;13;10;Аптека;Библиотека;150
968;;город Светогорск;604;Исходный;Покажи, какие леса расположены в пределах 200 м от рекреационных зон, чтобы оценить экосистему.;В отображаемом слое для проекта город Светогорск показаны объекты типа «Лес», расположенные в радиусе 200 м от объектов типа «Рекреационная зона».;1 - слой с объектами «Лес», 2 - слой с объектами «Рекреационная зона», учитывающий буфер 200 м вокруг каждого объекта.;;772;;Рекреационная зона, Лес;13;11;Рекреационная зона;Лес;200
969;;город Светогорск;604;Исходный;Найди местные дороги, которые находятся не далее чем в 500 м от промышленных территорий, чтобы оценить транспортную доступность.;В отображаемом слое для проекта город Светогорск показаны объекты типа «Местная дорога», расположенные в радиусе 500 м от объектов типа «Промышленная территория».;1 - слой с объектами «Местная дорога», 2 - слой с объектами «Промышленная территория», учитывающий буфер 500 м вокруг каждого объекта.;;772;;Промышленная территория, Местная дорога;13;12;Промышленная территория;Местная дорога;500
970;;город Светогорск;604;Исходный;Проверь, какие банкоматы расположены внутри 200 м от региональных дорог, чтобы убедиться в обслуживании.;В отображаемом слое для проекта город Светогорск показаны объекты типа «Банкомат», расположенные в радиусе 200 м от объектов типа «Региональная дорога».;1 - слой с объектами «Банкомат», 2 - слой с объектами «Региональная дорога», учитывающий буфер 200 м вокруг каждого объекта.;;772;Банкомат;Региональная дорога;13;13;Региональная дорога;Банкомат;200
971;;город Светогорск;604;Исходный;Выведи, сколько травяных покрытий находится в пределах 500 м от торговых центров, для оценки зеленых зон.;В отображаемом слое для проекта город Светогорск показаны объекты типа «Травяное покрытие», расположенные в радиусе 500 м от объектов типа «Торговый центр».;1 - слой с объектами «Травяное покрытие», 2 - слой с объектами «Торговый центр», учитывающий буфер 500 м вокруг каждого объекта.;;772;Торговый центр;Травяное покрытие;13;14;Торговый центр;Травяное покрытие;500
972;;город Светогорск;604;Исходный;Сколько федеральных дорог находятся не далее чем в 50 м от промышленных территорий, чтобы проверить безопасные зоны.;В отображаемом слое для проекта город Светогорск показаны объекты типа «Федеральная дорога», расположенные в радиусе 50 м от объектов типа «Промышленная территория».;1 - слой с объектами «Федеральная дорога», 2 - слой с объектами «Промышленная территория», учитывающий буфер 50 м вокруг каждого объекта.;;772;;Промышленная территория, Федеральная дорога;13;15;Промышленная территория;Федеральная дорога;50
973;;город Светогорск;604;Исходный;Узнай, какие парикмахерские находятся внутри 500 м от магазинов одежды и обуви, поскольку это удобно для покупателей.;В отображаемом слое для проекта город Светогорск показаны объекты типа «Парикмахер», расположенные в радиусе 500 м от объектов типа «Одежда и обувь».;1 - слой с объектами «Парикмахер», 2 - слой с объектами «Одежда и обувь», учитывающий буфер 500 м вокруг каждого объекта.;;772;Одежда и обувь, Парикмахер;;13;16;Одежда и обувь;Парикмахер;500
974;;город Светогорск;604;Исходный;Посчитай, какие федеральные дороги находятся в пределах 300 м от средних специальных учебных заведений, чтобы оценить транспортную доступность студентов.;В отображаемом слое для проекта город Светогорск показаны объекты типа «Федеральная дорога», расположенные в радиусе 300 м от объектов типа «Среднее специальное учебное заведение».;1 - слой с объектами «Федеральная дорога», 2 - слой с объектами «Среднее специальное учебное заведение», учитывающий буфер 300 м вокруг каждого объекта.;;772;Среднее специальное учебное заведение;Федеральная дорога;13;17;Среднее специальное учебное заведение;Федеральная дорога;300
975;;город Светогорск;604;Исходный;Сделай, какие федеральные дороги находятся не далее чем 500 м от торговых центров, чтобы проверить доступность банковских сервисов.;В отображаемом слое для проекта город Светогорск показаны объекты типа «Федеральная дорога», расположенные в радиусе 500 м от объектов типа «Торговый центр».;1 - слой с объектами «Федеральная дорога», 2 - слой с объектами «Торговый центр», учитывающий буфер 500 м вокруг каждого объекта.;;772;Торговый центр;Федеральная дорога;13;18;Торговый центр;Федеральная дорога;500
976;;город Светогорск;604;Исходный;Покажи количество многофункциональных центров предоставления государственных и муниципальных услуг, находящихся в пределах 500 м от объектов одежды и обуви, чтобы оценить доступность госуслуг.;В отображаемом слое для проекта город Светогорск показаны объекты типа «Многофункциональные центры предоставления государственных и муниципальных услуг», расположенные в радиусе 500 м от объектов типа «Одежда и обувь».;1 - слой с объектами «Многофункциональные центры предоставления государственных и муниципальных услуг», 2 - слой с объектами «Одежда и обувь», учитывающий буфер 500 м вокруг каждого объекта.;;772;Одежда и обувь, Многофункциональные центры предоставления государственных и муниципальных услуг;;14;10;Одежда и обувь;Многофункциональные центры предоставления государственных и муниципальных услуг;500
977;;город Светогорск;604;Исходный;Найди среднее специальное учебное заведение, расположенное не далее чем 50 м от одежды и обуви, чтобы понять ближайшую образовательную инфраструктуру.;В отображаемом слое для проекта город Светогорск показаны объекты типа «Среднее специальное учебное заведение», расположенные в радиусе 50 м от объектов типа «Одежда и обувь».;1 - слой с объектами «Среднее специальное учебное заведение», 2 - слой с объектами «Одежда и обувь», учитывающий буфер 50 м вокруг каждого объекта.;;772;Одежда и обувь, Среднее специальное учебное заведение;;14;11;Одежда и обувь;Среднее специальное учебное заведение;50
978;;город Светогорск;604;Исходный;Определи число парков, которые находятся внутри радиуса 500 м от торгового центра, чтобы оценить зоны отдыха рядом с коммерцией.;В отображаемом слое для проекта город Светогорск показаны объекты типа «Парк», расположенные в радиусе 500 м от объектов типа «Торговый центр».;1 - слой с объектами «Парк», 2 - слой с объектами «Торговый центр», учитывающий буфер 500 м вокруг каждого объекта.;;772;Торговый центр, Парк;;14;12;Торговый центр;Парк;500
979;;город Светогорск;604;Исходный;Считай детские площадки, которые находятся в радиусе 200 м от отделения банка, чтобы проверить удобство для семей.;В отображаемом слое для проекта город Светогорск показаны объекты типа «Детская площадка», расположенные в радиусе 200 м от объектов типа «Отделение банка».;1 - слой с объектами «Детская площадка», 2 - слой с объектами «Отделение банка», учитывающий буфер 200 м вокруг каждого объекта.;;772;Отделение банка, Детская площадка;;14;13;Отделение банка;Детская площадка;200
980;;город Светогорск;604;Исходный;Проверь наличие остановок наземного транспорта, расположенных в пределах 50 м от леса, чтобы улучшить транспортную доступность.;В отображаемом слое для проекта город Светогорск показаны объекты типа «Остановка наземного транспорта», расположенные в радиусе 50 м от объектов типа «Лес».;1 - слой с объектами «Остановка наземного транспорта», 2 - слой с объектами «Лес», учитывающий буфер 50 м вокруг каждого объекта.;;772;;Лес, Остановка наземного транспорта;14;14;Лес;Остановка наземного транспорта;50
981;;город Светогорск;604;Исходный;Выведи количество парков, находящихся внутри радиуса 50 м от жилого дома, чтобы убедиться в зеленой зоне для жильцов.;В отображаемом слое для проекта город Светогорск показаны объекты типа «Парк», расположенные в радиусе 50 м от объектов типа «Жилой дом».;1 - слой с объектами «Парк», 2 - слой с объектами «Жилой дом», учитывающий буфер 50 м вокруг каждого объекта.;;772;Парк;Жилой дом;14;15;Жилой дом;Парк;50
982;;город Светогорск;604;Исходный;Расчитай водные объекты, расположенные не далее чем 50 м от школы, чтобы оценить риск затопления.;В отображаемом слое для проекта город Светогорск показаны объекты типа «Водный объект», расположенные в радиусе 50 м от объектов типа «Школа».;1 - слой с объектами «Водный объект», 2 - слой с объектами «Школа», учитывающий буфер 50 м вокруг каждого объекта.;;772;Школа;Водный объект;14;16;Школа;Водный объект;50
983;;город Светогорск;604;Исходный;Получи перечень зеленых зон, которые находятся в радиусе 500 м от площадки, чтобы планировать мероприятия.;В отображаемом слое для проекта город Светогорск показаны объекты типа «Зеленая зона», расположенные в радиусе 500 м от объектов типа «Площадка».;1 - слой с объектами «Зеленая зона», 2 - слой с объектами «Площадка», учитывающий буфер 500 м вокруг каждого объекта.;;772;;Площадка, Зеленая зона;14;17;Площадка;Зеленая зона;500
984;;город Светогорск;604;Исходный;Покажи количество многофункциональных центров предоставления государственных и муниципальных услуг, находящихся в пределах 50 м от стоматологической клиники, чтобы определить перекрытие сервисов.;В отображаемом слое для проекта город Светогорск показаны объекты типа «Многофункциональные центры предоставления государственных и муниципальных услуг», расположенные в радиусе 50 м от объектов типа «Стоматологическая клиника».;1 - слой с объектами «Многофункциональные центры предоставления государственных и муниципальных услуг», 2 - слой с объектами «Стоматологическая клиника», учитывающий буфер 50 м вокруг каждого объекта.;;772;Стоматологическая клиника, Многофункциональные центры предоставления государственных и муниципальных услуг;;14;18;Стоматологическая клиника;Многофункциональные центры предоставления государственных и муниципальных услуг;50
985;;Город Тюмень;714;Исходный;Определи количество средних специальных учебных заведений, расположенных внутри радиуса 100 м от катка, чтобы оценить доступность образования для местных жителей.;В отображаемом слое для проекта Город Тюмень показаны объекты типа «Среднее специальное учебное заведение», расположенные в радиусе 100 м от объектов типа «Каток».;1 - слой с объектами «Среднее специальное учебное заведение», 2 - слой с объектами «Каток», учитывающий буфер 100 м вокруг каждого объекта.;;950;Каток, Среднее специальное учебное заведение;;15;10;Каток;Среднее специальное учебное заведение;100
986;;Город Тюмень;714;Исходный;Покажи рестораны, расположенные не далее 150 м от автозаправки.;В отображаемом слое для проекта Город Тюмень показаны объекты типа «Ресторан», расположенные в радиусе 150 м от объектов типа «Автозаправка».;1 - слой с объектами «Ресторан», 2 - слой с объектами «Автозаправка», учитывающий буфер 150 м вокруг каждого объекта.;;950;Автозаправка, Ресторан;;15;11;Автозаправка;Ресторан;150
987;;Город Тюмень;714;Исходный;Покажи пляжи, расположенные внутри радиуса 100 м от магазина детских товаров, чтобы проверить доступность пляжей.;В отображаемом слое для проекта Город Тюмень показаны объекты типа «Пляж», расположенные в радиусе 100 м от объектов типа «Детские товары».;1 - слой с объектами «Пляж», 2 - слой с объектами «Детские товары», учитывающий буфер 100 м вокруг каждого объекта.;;950;Детские товары;Пляж;15;12;Детские товары;Пляж;100
988;;Город Тюмень;714;Исходный;Считай пункты выдачи, размещённые в радиусе 150 м от гостиницы.;В отображаемом слое для проекта Город Тюмень показаны объекты типа «Пункт выдачи», расположенные в радиусе 150 м от объектов типа «Гостиница».;1 - слой с объектами «Пункт выдачи», 2 - слой с объектами «Гостиница», учитывающий буфер 150 м вокруг каждого объекта.;;950;Гостиница, Пункт выдачи;;15;13;Гостиница;Пункт выдачи;150
989;;Город Тюмень;714;Исходный;Проверь наличие больниц, расположенных внутри радиуса 50 м от почтового отделения, для оценки медицинской доступности.;В отображаемом слое для проекта Город Тюмень показаны объекты типа «Больница», расположенные в радиусе 50 м от объектов типа «Почтовое отделение».;1 - слой с объектами «Больница», 2 - слой с объектами «Почтовое отделение», учитывающий буфер 50 м вокруг каждого объекта.;;950;Почтовое отделение, Больница;;15;14;Почтовое отделение;Больница;50
990;;Город Тюмень;714;Исходный;Определи площадки, расположенные в пределах 500 м от бассейна.;В отображаемом слое для проекта Город Тюмень показаны объекты типа «Площадка», расположенные в радиусе 500 м от объектов типа «Бассейн».;1 - слой с объектами «Площадка», 2 - слой с объектами «Бассейн», учитывающий буфер 500 м вокруг каждого объекта.;;950;Бассейн;Площадка;15;15;Бассейн;Площадка;500
991;;Город Тюмень;714;Исходный;Проверь, сколько площадок для выгула собак находятся в радиусе 50 м от столовой.;В отображаемом слое для проекта Город Тюмень показаны объекты типа «Площадка для выгула собак», расположенные в радиусе 50 м от объектов типа «Столовая».;1 - слой с объектами «Площадка для выгула собак», 2 - слой с объектами «Столовая», учитывающий буфер 50 м вокруг каждого объекта.;;950;Столовая, Площадка для выгула собак;;15;16;Столовая;Площадка для выгула собак;50
992;;Город Тюмень;714;Исходный;Покажи электрические подстанции, расположенные не далее 150 м от парковки.;В отображаемом слое для проекта Город Тюмень показаны объекты типа «Электрическая подстанция», расположенные в радиусе 150 м от объектов типа «Парковка».;1 - слой с объектами «Электрическая подстанция», 2 - слой с объектами «Парковка», учитывающий буфер 150 м вокруг каждого объекта.;;950;;Парковка, Электрическая подстанция;15;17;Парковка;Электрическая подстанция;150
993;;Город Тюмень;714;Исходный;Найди спортивные магазины, которые находятся в пределах 200 м от детского сада.;В отображаемом слое для проекта Город Тюмень показаны объекты типа «Спортивный магазин», расположенные в радиусе 200 м от объектов типа «Детский сад».;1 - слой с объектами «Спортивный магазин», 2 - слой с объектами «Детский сад», учитывающий буфер 200 м вокруг каждого объекта.;;950;Детский сад, Спортивный магазин;;15;18;Детский сад;Спортивный магазин;200
994;;Город Тюмень;714;Исходный;Покажи, сколько нежилых зданий находятся внутри радиуса 50 м от Федеральной дороги.;В отображаемом слое для проекта Город Тюмень показаны объекты типа «Нежилое здание», расположенные в радиусе 50 м от объектов типа «Федеральная дорога».;1 - слой с объектами «Нежилое здание», 2 - слой с объектами «Федеральная дорога», учитывающий буфер 50 м вокруг каждого объекта.;;950;;Федеральная дорога, Нежилое здание;16;10;Федеральная дорога;Нежилое здание;50
995;;Город Тюмень;714;Исходный;Найди все пляжи, расположенные в пределах 150 м от Библиотеки.;В отображаемом слое для проекта Город Тюмень показаны объекты типа «Пляж», расположенные в радиусе 150 м от объектов типа «Библиотека».;1 - слой с объектами «Пляж», 2 - слой с объектами «Библиотека», учитывающий буфер 150 м вокруг каждого объекта.;;950;Библиотека;Пляж;16;11;Библиотека;Пляж;150
996;;Город Тюмень;714;Исходный;Определи, сколько рекреационных зон находится не далее чем 50 м от Полицейского участка.;В отображаемом слое для проекта Город Тюмень показаны объекты типа «Рекреационная зона», расположенные в радиусе 50 м от объектов типа «Полицейский участок».;1 - слой с объектами «Рекреационная зона», 2 - слой с объектами «Полицейский участок», учитывающий буфер 50 м вокруг каждого объекта.;;950;Полицейский участок;Рекреационная зона;16;12;Полицейский участок;Рекреационная зона;50
997;;Город Тюмень;714;Исходный;Выведи все распределительные трубопроводы для транспортировки газа, расположенные внутри радиуса 150 м от высшего учебного заведения.;В отображаемом слое для проекта Город Тюмень показаны объекты типа «Распределительный трубопровод для транспортировки газа», расположенные в радиусе 150 м от объектов типа «Высшее учебное заведение».;1 - слой с объектами «Распределительный трубопровод для транспортировки газа», 2 - слой с объектами «Высшее учебное заведение», учитывающий буфер 150 м вокруг каждого объекта.;;950;Высшее учебное заведение;Распределительный трубопровод для транспортировки газа;16;13;Высшее учебное заведение;Распределительный трубопровод для транспортировки газа;150
998;;Город Тюмень;714;Исходный;Проверь, находятся ли железнодорожные вокзалы в пределах 150 м от памятника.;В отображаемом слое для проекта Город Тюмень показаны объекты типа «Железнодорожный вокзал», расположенные в радиусе 150 м от объектов типа «Памятник».;1 - слой с объектами «Железнодорожный вокзал», 2 - слой с объектами «Памятник», учитывающий буфер 150 м вокруг каждого объекта.;;950;Железнодорожный вокзал;Памятник;16;14;Памятник;Железнодорожный вокзал;150
999;;Город Тюмень;714;Исходный;Сколько рекреационных зон расположены не далее чем 200 м от высшего учебного заведения?;В отображаемом слое для проекта Город Тюмень показаны объекты типа «Рекреационная зона», расположенные в радиусе 200 м от объектов типа «Высшее учебное заведение».;1 - слой с объектами «Рекреационная зона», 2 - слой с объектами «Высшее учебное заведение», учитывающий буфер 200 м вокруг каждого объекта.;;950;Высшее учебное заведение;Рекреационная зона;16;15;Высшее учебное заведение;Рекреационная зона;200
1000;;Город Тюмень;714;Исходный;Выведи распределительные трубопроводы для транспортировки газа, которые находятся в пределах 100 м от водонапорной башни.;В отображаемом слое для проекта Город Тюмень показаны объекты типа «Распределительный трубопровод для транспортировки газа», расположенные в радиусе 100 м от объектов типа «Водонапорная башня».;1 - слой с объектами «Распределительный трубопровод для транспортировки газа», 2 - слой с объектами «Водонапорная башня», учитывающий буфер 100 м вокруг каждого объекта.;;950;;Водонапорная башня, Распределительный трубопровод для транспортировки газа;16;16;Водонапорная башня;Распределительный трубопровод для транспортировки газа;100
1001;;Город Тюмень;714;Исходный;Покажи, сколько водозаборных сооружений расположены внутри радиуса 100 м от кладбища.;В отображаемом слое для проекта Город Тюмень показаны объекты типа «Водозаборное сооружение», расположенные в радиусе 100 м от объектов типа «Кладбище».;1 - слой с объектами «Водозаборное сооружение», 2 - слой с объектами «Кладбище», учитывающий буфер 100 м вокруг каждого объекта.;;950;Кладбище;Водозаборное сооружение;16;17;Кладбище;Водозаборное сооружение;100
1002;;Город Тюмень;714;Исходный;Найди стадионы, находящиеся не далее чем 200 м от бара/паба.;В отображаемом слое для проекта Город Тюмень показаны объекты типа «Стадион», расположенные в радиусе 200 м от объектов типа «Бар/Паб».;1 - слой с объектами «Стадион», 2 - слой с объектами «Бар/Паб», учитывающий буфер 200 м вокруг каждого объекта.;;950;Бар/Паб, Стадион;;16;18;Бар/Паб;Стадион;200
1003;;Город Тюмень;714;Исходный;Покажи скейт-парк внутри радиуса 150 м от Одежда и обувь, чтобы понять его доступность для молодежи.;В отображаемом слое для проекта Город Тюмень показаны объекты типа «Скейт-парк», расположенные в радиусе 150 м от объектов типа «Одежда и обувь».;1 - слой с объектами «Скейт-парк», 2 - слой с объектами «Одежда и обувь», учитывающий буфер 150 м вокруг каждого объекта.;;950;Одежда и обувь, Скейт-парк;;17;10;Одежда и обувь;Скейт-парк;150
1004;;Город Тюмень;714;Исходный;Найди гостиницу в пределах 150 м от Музей, чтобы оценить туристическую привлекательность района.;В отображаемом слое для проекта Город Тюмень показаны объекты типа «Гостиница», расположенные в радиусе 150 м от объектов типа «Музей».;1 - слой с объектами «Гостиница», 2 - слой с объектами «Музей», учитывающий буфер 150 м вокруг каждого объекта.;;950;Музей, Гостиница;;17;11;Музей;Гостиница;150
1005;;Город Тюмень;714;Исходный;Определи столовую не далее чем 300 м от Сеть теплоснабжения, чтобы проанализировать инфраструктурную совместимость.;В отображаемом слое для проекта Город Тюмень показаны объекты типа «Столовая», расположенные в радиусе 300 м от объектов типа «Сеть теплоснабжения».;1 - слой с объектами «Столовая», 2 - слой с объектами «Сеть теплоснабжения», учитывающий буфер 300 м вокруг каждого объекта.;;950;Столовая;Сеть теплоснабжения;17;12;Сеть теплоснабжения;Столовая;300
1006;;Город Тюмень;714;Исходный;Проверь наличие общественной бани в пределах 200 м от Промышленная территория, чтобы гарантировать соблюдение санитарных норм.;В отображаемом слое для проекта Город Тюмень показаны объекты типа «Общественная баня», расположенные в радиусе 200 м от объектов типа «Промышленная территория».;1 - слой с объектами «Общественная баня», 2 - слой с объектами «Промышленная территория», учитывающий буфер 200 м вокруг каждого объекта.;;950;Общественная баня;Промышленная территория;17;13;Промышленная территория;Общественная баня;200
1007;;Город Тюмень;714;Исходный;Выведи дом детского творчества внутри радиуса 200 м от Стадион, чтобы оценить синергию спортивных и культурных объектов.;В отображаемом слое для проекта Город Тюмень показаны объекты типа «Дом детского творчества», расположенные в радиусе 200 м от объектов типа «Стадион».;1 - слой с объектами «Дом детского творчества», 2 - слой с объектами «Стадион», учитывающий буфер 200 м вокруг каждого объекта.;;950;Стадион, Дом детского творчества;;17;14;Стадион;Дом детского творчества;200
1008;;Город Тюмень;714;Исходный;Сколько спортивных площадок находится не далее чем 100 м от Нежилое здание, чтобы уточнить зоны отдыха для сотрудников.;В отображаемом слое для проекта Город Тюмень показаны объекты типа «Спортивная площадка», расположенные в радиусе 100 м от объектов типа «Нежилое здание».;1 - слой с объектами «Спортивная площадка», 2 - слой с объектами «Нежилое здание», учитывающий буфер 100 м вокруг каждого объекта.;;950;Спортивная площадка;Нежилое здание;17;15;Нежилое здание;Спортивная площадка;100
1009;;Город Тюмень;714;Исходный;Подсчитай отделение банка в пределах 50 м от Федеральная дорога, чтобы оптимизировать доступность для пассажиров.;В отображаемом слое для проекта Город Тюмень показаны объекты типа «Отделение банка», расположенные в радиусе 50 м от объектов типа «Федеральная дорога».;1 - слой с объектами «Отделение банка», 2 - слой с объектами «Федеральная дорога», учитывающий буфер 50 м вокруг каждого объекта.;;950;Отделение банка;Федеральная дорога;17;16;Федеральная дорога;Отделение банка;50
1010;;Город Тюмень;714;Исходный;Опиши детскую площадку в пределах 200 м от Спортивный зал, чтобы сравнить уровни безопасности.;В отображаемом слое для проекта Город Тюмень показаны объекты типа «Детская площадка», расположенные в радиусе 200 м от объектов типа «Спортивный зал».;1 - слой с объектами «Детская площадка», 2 - слой с объектами «Спортивный зал», учитывающий буфер 200 м вокруг каждого объекта.;;950;Спортивный зал, Детская площадка;;17;17;Спортивный зал;Детская площадка;200
1011;;Город Тюмень;714;Исходный;Проверь наличие сети теплоснабжения не далее чем 500 м от Железнодорожная станция, чтобы проверить покрытие районов.;В отображаемом слое для проекта Город Тюмень показаны объекты типа «Сеть теплоснабжения», расположенные в радиусе 500 м от объектов типа «Железнодорожная станция».;1 - слой с объектами «Сеть теплоснабжения», 2 - слой с объектами «Железнодорожная станция», учитывающий буфер 500 м вокруг каждого объекта.;;950;;Железнодорожная станция, Сеть теплоснабжения;17;18;Железнодорожная станция;Сеть теплоснабжения;500
1012;;Город Тюмень;714;Исходный;Покажи, сколько остановок наземного транспорта находится в пределах 50 м от парка развлечений.;В отображаемом слое для проекта Город Тюмень показаны объекты типа «Остановка наземного транспорта», расположенные в радиусе 50 м от объектов типа «Парк развлечений».;1 - слой с объектами «Остановка наземного транспорта», 2 - слой с объектами «Парк развлечений», учитывающий буфер 50 м вокруг каждого объекта.;;950;;Парк развлечений, Остановка наземного транспорта;18;10;Парк развлечений;Остановка наземного транспорта;50
1013;;Город Тюмень;714;Исходный;Найди парки развлечений, находящиеся в пределах 300 м от библиотеки.;В отображаемом слое для проекта Город Тюмень показаны объекты типа «Парк развлечений», расположенные в радиусе 300 м от объектов типа «Библиотека».;1 - слой с объектами «Парк развлечений», 2 - слой с объектами «Библиотека», учитывающий буфер 300 м вокруг каждого объекта.;;950;Библиотека;Парк развлечений;18;11;Библиотека;Парк развлечений;300
1014;;Город Тюмень;714;Исходный;Определи, сколько нежилых зданий находится в пределах 100 м от парка атракционов.;В отображаемом слое для проекта Город Тюмень показаны объекты типа «Нежилое здание», расположенные в радиусе 100 м от объектов типа «Парк атракционов».;1 - слой с объектами «Нежилое здание», 2 - слой с объектами «Парк атракционов», учитывающий буфер 100 м вокруг каждого объекта.;;950;Парк атракционов;Нежилое здание;18;12;Парк атракционов;Нежилое здание;100
1015;;Город Тюмень;714;Исходный;Сколько детских товаров находится в пределах 50 м от детско‑юношеской спортивной школы?;В отображаемом слое для проекта Город Тюмень показаны объекты типа «Детские товары», расположенные в радиусе 50 м от объектов типа «Детско-юношеская спортивная школа».;1 - слой с объектами «Детские товары», 2 - слой с объектами «Детско-юношеская спортивная школа», учитывающий буфер 50 м вокруг каждого объекта.;;950;Детско-юношеская спортивная школа, Детские товары;;18;13;Детско-юношеская спортивная школа;Детские товары;50
1016;;Город Тюмень;714;Исходный;Проверь, сколько водозаборных сооружений находится не далее 500 м от столовой.;В отображаемом слое для проекта Город Тюмень показаны объекты типа «Водозаборное сооружение», расположенные в радиусе 500 м от объектов типа «Столовая».;1 - слой с объектами «Водозаборное сооружение», 2 - слой с объектами «Столовая», учитывающий буфер 500 м вокруг каждого объекта.;;950;Столовая;Водозаборное сооружение;18;14;Столовая;Водозаборное сооружение;500
1017;;Город Тюмень;714;Исходный;Выведи, сколько гостиниц расположены в пределах 150 м от рынка.;В отображаемом слое для проекта Город Тюмень показаны объекты типа «Гостиница», расположенные в радиусе 150 м от объектов типа «Рынок».;1 - слой с объектами «Гостиница», 2 - слой с объектами «Рынок», учитывающий буфер 150 м вокруг каждого объекта.;;950;Рынок, Гостиница;;18;15;Рынок;Гостиница;150
1018;;Город Тюмень;714;Исходный;Уточни, сколько бытовой техники находится в пределах 500 м от заправочной станции.;В отображаемом слое для проекта Город Тюмень показаны объекты типа «Бытовая техника», расположенные в радиусе 500 м от объектов типа «Заправочная станция».;1 - слой с объектами «Бытовая техника», 2 - слой с объектами «Заправочная станция», учитывающий буфер 500 м вокруг каждого объекта.;;950;Бытовая техника;Заправочная станция;18;16;Заправочная станция;Бытовая техника;500
1019;;Город Тюмень;714;Исходный;Посчитай, сколько гостиниц находится в пределах 50 м от аквапарка.;В отображаемом слое для проекта Город Тюмень показаны объекты типа «Гостиница», расположенные в радиусе 50 м от объектов типа «Аквапарк».;1 - слой с объектами «Гостиница», 2 - слой с объектами «Аквапарк», учитывающий буфер 50 м вокруг каждого объекта.;;950;Аквапарк, Гостиница;;18;17;Аквапарк;Гостиница;50
1020;;Город Тюмень;714;Исходный;Сравни, сколько гостиниц находится в пределах 100 м от пожарной станции.;В отображаемом слое для проекта Город Тюмень показаны объекты типа «Гостиница», расположенные в радиусе 100 м от объектов типа «Пожарная станция».;1 - слой с объектами «Гостиница», 2 - слой с объектами «Пожарная станция», учитывающий буфер 100 м вокруг каждого объекта.;;950;Пожарная станция, Гостиница;;18;18;Пожарная станция;Гостиница;100
1021;;Город Шуя;838;Исходный;Покажи, сколько парковок находится внутри радиуса 100 м от торгового центра.;В отображаемом слое для проекта Город Шуя показаны объекты типа «Парковка», расположенные в радиусе 100 м от объектов типа «Торговый центр».;1 - слой с объектами «Парковка», 2 - слой с объектами «Торговый центр», учитывающий буфер 100 м вокруг каждого объекта.;;1244;Торговый центр;Парковка;19;10;Торговый центр;Парковка;100
1022;;Город Шуя;838;Исходный;Определи, сколько торговых центров находится в пределах 300 м от зеленой зоны.;В отображаемом слое для проекта Город Шуя показаны объекты типа «Торговый центр», расположенные в радиусе 300 м от объектов типа «Зеленая зона».;1 - слой с объектами «Торговый центр», 2 - слой с объектами «Зеленая зона», учитывающий буфер 300 м вокруг каждого объекта.;;1244;Торговый центр;Зеленая зона;19;11;Зеленая зона;Торговый центр;300
1023;;Город Шуя;838;Исходный;Подсчитай, сколько детских садов находится в пределах 150 м от стадиона.;В отображаемом слое для проекта Город Шуя показаны объекты типа «Детский сад», расположенные в радиусе 150 м от объектов типа «Стадион».;1 - слой с объектами «Детский сад», 2 - слой с объектами «Стадион», учитывающий буфер 150 м вокруг каждого объекта.;;1244;Стадион, Детский сад;;19;12;Стадион;Детский сад;150
1024;;Город Шуя;838;Исходный;Проверь, сколько спортивных площадок находится внутри радиуса 50 м от высшего учебного заведения.;В отображаемом слое для проекта Город Шуя показаны объекты типа «Спортивная площадка», расположенные в радиусе 50 м от объектов типа «Высшее учебное заведение».;1 - слой с объектами «Спортивная площадка», 2 - слой с объектами «Высшее учебное заведение», учитывающий буфер 50 м вокруг каждого объекта.;;1244;Высшее учебное заведение, Спортивная площадка;;19;13;Высшее учебное заведение;Спортивная площадка;50
1025;;Город Шуя;838;Исходный;Уточни, сколько нежилых зданий находится в пределах 300 м от гостиницы.;В отображаемом слое для проекта Город Шуя показаны объекты типа «Нежилое здание», расположенные в радиусе 300 м от объектов типа «Гостиница».;1 - слой с объектами «Нежилое здание», 2 - слой с объектами «Гостиница», учитывающий буфер 300 м вокруг каждого объекта.;;1244;Гостиница;Нежилое здание;19;14;Гостиница;Нежилое здание;300
1026;;Город Шуя;838;Исходный;Выведи, сколько рынков находится в пределах 300 м от ресторана.;В отображаемом слое для проекта Город Шуя показаны объекты типа «Рынок», расположенные в радиусе 300 м от объектов типа «Ресторан».;1 - слой с объектами «Рынок», 2 - слой с объектами «Ресторан», учитывающий буфер 300 м вокруг каждого объекта.;;1244;Ресторан, Рынок;;19;15;Ресторан;Рынок;300
1027;;Город Шуя;838;Исходный;Сравни, сколько водных объектов находится в пределах 500 м от автозаправки.;В отображаемом слое для проекта Город Шуя показаны объекты типа «Водный объект», расположенные в радиусе 500 м от объектов типа «Автозаправка».;1 - слой с объектами «Водный объект», 2 - слой с объектами «Автозаправка», учитывающий буфер 500 м вокруг каждого объекта.;;1244;Автозаправка;Водный объект;19;16;Автозаправка;Водный объект;500
1028;;Город Шуя;838;Исходный;Объясни, сколько парков находится в пределах 100 м от заправочной станции.;В отображаемом слое для проекта Город Шуя показаны объекты типа «Парк», расположенные в радиусе 100 м от объектов типа «Заправочная станция».;1 - слой с объектами «Парк», 2 - слой с объектами «Заправочная станция», учитывающий буфер 100 м вокруг каждого объекта.;;1244;Парк;Заправочная станция;19;17;Заправочная станция;Парк;100
1029;;Город Шуя;838;Исходный;Найди, сколько площадок находится в пределах 150 м от парковки.;В отображаемом слое для проекта Город Шуя показаны объекты типа «Площадка», расположенные в радиусе 150 м от объектов типа «Парковка».;1 - слой с объектами «Площадка», 2 - слой с объектами «Парковка», учитывающий буфер 150 м вокруг каждого объекта.;;1244;;Парковка, Площадка;19;18;Парковка;Площадка;150
1030;;Город Шуя;838;Исходный;Определи, сколько заправочных станций находится в пределах 100 м от музея.;В отображаемом слое для проекта Город Шуя показаны объекты типа «Заправочная станция», расположенные в радиусе 100 м от объектов типа «Музей».;1 - слой с объектами «Заправочная станция», 2 - слой с объектами «Музей», учитывающий буфер 100 м вокруг каждого объекта.;;1244;Музей;Заправочная станция;20;10;Музей;Заправочная станция;100
1031;;Город Шуя;838;Исходный;Покажи рестораны, расположенные внутри радиуса 300 м от больницы.;В отображаемом слое для проекта Город Шуя показаны объекты типа «Ресторан», расположенные в радиусе 300 м от объектов типа «Больница».;1 - слой с объектами «Ресторан», 2 - слой с объектами «Больница», учитывающий буфер 300 м вокруг каждого объекта.;;1244;Больница, Ресторан;;20;11;Больница;Ресторан;300
1032;;Город Шуя;838;Исходный;Найди пункты выдачи, которые находятся не далее чем 150 м от кладбища.;В отображаемом слое для проекта Город Шуя показаны объекты типа «Пункт выдачи», расположенные в радиусе 150 м от объектов типа «Кладбище».;1 - слой с объектами «Пункт выдачи», 2 - слой с объектами «Кладбище», учитывающий буфер 150 м вокруг каждого объекта.;;1244;Кладбище, Пункт выдачи;;20;12;Кладбище;Пункт выдачи;150
1033;;Город Шуя;838;Исходный;Проверь, сколько водных объектов находится внутри радиуса 200 м от среднего специального учебного заведения.;В отображаемом слое для проекта Город Шуя показаны объекты типа «Водный объект», расположенные в радиусе 200 м от объектов типа «Среднее специальное учебное заведение».;1 - слой с объектами «Водный объект», 2 - слой с объектами «Среднее специальное учебное заведение», учитывающий буфер 200 м вокруг каждого объекта.;;1244;Среднее специальное учебное заведение;Водный объект;20;13;Среднее специальное учебное заведение;Водный объект;200
1034;;Город Шуя;838;Исходный;Выведи стадионы, расположенные внутри радиуса 50 м от промышленной территории.;В отображаемом слое для проекта Город Шуя показаны объекты типа «Стадион», расположенные в радиусе 50 м от объектов типа «Промышленная территория».;1 - слой с объектами «Стадион», 2 - слой с объектами «Промышленная территория», учитывающий буфер 50 м вокруг каждого объекта.;;1244;Стадион;Промышленная территория;20;14;Промышленная территория;Стадион;50
1035;;Город Шуя;838;Исходный;Сколько бытовых техник находится в пределах 50 м от детского сада?;В отображаемом слое для проекта Город Шуя показаны объекты типа «Бытовая техника», расположенные в радиусе 50 м от объектов типа «Детский сад».;1 - слой с объектами «Бытовая техника», 2 - слой с объектами «Детский сад», учитывающий буфер 50 м вокруг каждого объекта.;;1244;Детский сад, Бытовая техника;;20;15;Детский сад;Бытовая техника;50
1036;;Город Шуя;838;Исходный;Найди средние специальные учебные заведения, расположенные не далее чем 500 м от заправочной станции.;В отображаемом слое для проекта Город Шуя показаны объекты типа «Среднее специальное учебное заведение», расположенные в радиусе 500 м от объектов типа «Заправочная станция».;1 - слой с объектами «Среднее специальное учебное заведение», 2 - слой с объектами «Заправочная станция», учитывающий буфер 500 м вокруг каждого объекта.;;1244;Среднее специальное учебное заведение;Заправочная станция;20;16;Заправочная станция;Среднее специальное учебное заведение;500
1037;;Город Шуя;838;Исходный;Проверь, сколько необрабатываемых полей находится внутри радиуса 500 м от рынка.;В отображаемом слое для проекта Город Шуя показаны объекты типа «Необрабатываемое поле», расположенные в радиусе 500 м от объектов типа «Рынок».;1 - слой с объектами «Необрабатываемое поле», 2 - слой с объектами «Рынок», учитывающий буфер 500 м вокруг каждого объекта.;;1244;Рынок;Необрабатываемое поле;20;17;Рынок;Необрабатываемое поле;500
1038;;Город Шуя;838;Исходный;Выведи рестораны, находящиеся не далее чем 200 м от нежилого здания.;В отображаемом слое для проекта Город Шуя показаны объекты типа «Ресторан», расположенные в радиусе 200 м от объектов типа «Нежилое здание».;1 - слой с объектами «Ресторан», 2 - слой с объектами «Нежилое здание», учитывающий буфер 200 м вокруг каждого объекта.;;1244;Ресторан;Нежилое здание;20;18;Нежилое здание;Ресторан;200
1039;;Город Шуя;838;Исходный;Покажи, сколько парков находятся внутри радиуса 200 м от площадки, чтобы оценить возможности отдыха.;В отображаемом слое для проекта Город Шуя показаны объекты типа «Парк», расположенные в радиусе 200 м от объектов типа «Площадка».;1 - слой с объектами «Парк», 2 - слой с объектами «Площадка», учитывающий буфер 200 м вокруг каждого объекта.;;1244;Парк;Площадка;21;10;Площадка;Парк;200
1040;;Город Шуя;838;Исходный;Найди количество жилых домов, расположенных в пределах 300 м от пункта выдачи, для анализа удобства доступа.;В отображаемом слое для проекта Город Шуя показаны объекты типа «Жилой дом», расположенные в радиусе 300 м от объектов типа «Пункт выдачи».;1 - слой с объектами «Жилой дом», 2 - слой с объектами «Пункт выдачи», учитывающий буфер 300 м вокруг каждого объекта.;;1244;Пункт выдачи;Жилой дом;21;11;Пункт выдачи;Жилой дом;300
1041;;Город Шуя;838;Исходный;Определи, сколько объектов бытовой техники находится в радиусе 500 м от супермаркета, чтобы проверить наличие сервисных точек.;В отображаемом слое для проекта Город Шуя показаны объекты типа «Бытовая техника», расположенные в радиусе 500 м от объектов типа «Супермаркет».;1 - слой с объектами «Бытовая техника», 2 - слой с объектами «Супермаркет», учитывающий буфер 500 м вокруг каждого объекта.;;1244;Супермаркет, Бытовая техника;;21;12;Супермаркет;Бытовая техника;500
1042;;Город Шуя;838;Исходный;Сколько элементов бытовой техники расположено в пределах 50 м от салона красоты? Это поможет понять наличие сервисных услуг.;В отображаемом слое для проекта Город Шуя показаны объекты типа «Бытовая техника», расположенные в радиусе 50 м от объектов типа «Салон красоты».;1 - слой с объектами «Бытовая техника», 2 - слой с объектами «Салон красоты», учитывающий буфер 50 м вокруг каждого объекта.;;1244;Салон красоты, Бытовая техника;;21;13;Салон красоты;Бытовая техника;50
1043;;Город Шуя;838;Исходный;Проведи проверку, сколько пожарных станций находится в радиусе 500 м от водного объекта, чтобы оценить охрану территории.;В отображаемом слое для проекта Город Шуя показаны объекты типа «Пожарная станция», расположенные в радиусе 500 м от объектов типа «Водный объект».;1 - слой с объектами «Пожарная станция», 2 - слой с объектами «Водный объект», учитывающий буфер 500 м вокруг каждого объекта.;;1244;Пожарная станция;Водный объект;21;14;Водный объект;Пожарная станция;500
1044;;Город Шуя;838;Исходный;Выведи число средних специальных учебных заведений, расположенных не далее 500 м от водонапорной башни, для планирования инфраструктуры.;В отображаемом слое для проекта Город Шуя показаны объекты типа «Среднее специальное учебное заведение», расположенные в радиусе 500 м от объектов типа «Водонапорная башня».;1 - слой с объектами «Среднее специальное учебное заведение», 2 - слой с объектами «Водонапорная башня», учитывающий буфер 500 м вокруг каждого объекта.;;1244;Среднее специальное учебное заведение;Водонапорная башня;21;15;Водонапорная башня;Среднее специальное учебное заведение;500
1045;;Город Шуя;838;Исходный;Считай, сколько железнодорожных станций находится в пределах 500 м от кладбища, чтобы проверить доступность транспорта.;В отображаемом слое для проекта Город Шуя показаны объекты типа «Железнодорожная станция», расположенные в радиусе 500 м от объектов типа «Кладбище».;1 - слой с объектами «Железнодорожная станция», 2 - слой с объектами «Кладбище», учитывающий буфер 500 м вокруг каждого объекта.;;1244;Кладбище;Железнодорожная станция;21;16;Кладбище;Железнодорожная станция;500
1046;;Город Шуя;838;Исходный;Проверь, сколько пожарных станций находится внутри 50 м от высшего учебного заведения, чтобы оценить безопасность студентов.;В отображаемом слое для проекта Город Шуя показаны объекты типа «Пожарная станция», расположенные в радиусе 50 м от объектов типа «Высшее учебное заведение».;1 - слой с объектами «Пожарная станция», 2 - слой с объектами «Высшее учебное заведение», учитывающий буфер 50 м вокруг каждого объекта.;;1244;Высшее учебное заведение, Пожарная станция;;21;17;Высшее учебное заведение;Пожарная станция;50
1047;;Город Шуя;838;Исходный;Отобрази, сколько стадионов расположено в радиусе 100 м от зеленой зоны, чтобы изучить спортивную инфраструктуру.;В отображаемом слое для проекта Город Шуя показаны объекты типа «Стадион», расположенные в радиусе 100 м от объектов типа «Зеленая зона».;1 - слой с объектами «Стадион», 2 - слой с объектами «Зеленая зона», учитывающий буфер 100 м вокруг каждого объекта.;;1244;Стадион;Зеленая зона;21;18;Зеленая зона;Стадион;100
1048;;Город Шуя;838;Исходный;Определи количество ресторанов, находящихся внутри радиуса 100 м от железнодорожной станции, чтобы оценить доступность питания для пассажиров.;В отображаемом слое для проекта Город Шуя показаны объекты типа «Ресторан», расположенные в радиусе 100 м от объектов типа «Железнодорожная станция».;1 - слой с объектами «Ресторан», 2 - слой с объектами «Железнодорожная станция», учитывающий буфер 100 м вокруг каждого объекта.;;1244;Ресторан;Железнодорожная станция;22;10;Железнодорожная станция;Ресторан;100
1049;;Город Шуя;838;Исходный;Проверь, сколько гостиниц расположены в пределах 500 м от полицейского участка, чтобы понять уровень комфорта для посетителей.;В отображаемом слое для проекта Город Шуя показаны объекты типа «Гостиница», расположенные в радиусе 500 м от объектов типа «Полицейский участок».;1 - слой с объектами «Гостиница», 2 - слой с объектами «Полицейский участок», учитывающий буфер 500 м вокруг каждого объекта.;;1244;Полицейский участок, Гостиница;;22;11;Полицейский участок;Гостиница;500
1050;;Город Шуя;838;Исходный;Сколько водонапорных башен находятся не далее 150 м от больницы, чтобы убедиться в надежности водоснабжения для медицинских учреждений.;В отображаемом слое для проекта Город Шуя показаны объекты типа «Водонапорная башня», расположенные в радиусе 150 м от объектов типа «Больница».;1 - слой с объектами «Водонапорная башня», 2 - слой с объектами «Больница», учитывающий буфер 150 м вокруг каждого объекта.;;1244;Больница;Водонапорная башня;22;12;Больница;Водонапорная башня;150
1051;;Город Шуя;838;Исходный;Выведи список водонапорных башен, расположенных в радиусе 100 м от школы, чтобы оценить доступность питьевой воды для учащихся.;В отображаемом слое для проекта Город Шуя показаны объекты типа «Водонапорная башня», расположенные в радиусе 100 м от объектов типа «Школа».;1 - слой с объектами «Водонапорная башня», 2 - слой с объектами «Школа», учитывающий буфер 100 м вокруг каждого объекта.;;1244;Школа;Водонапорная башня;22;13;Школа;Водонапорная башня;100
1052;;Город Шуя;838;Исходный;Найди количество супермаркетов, которые находятся внутри 150 м от рекреационной зоны, чтобы изучить торговую привлекательность.;В отображаемом слое для проекта Город Шуя показаны объекты типа «Супермаркет», расположенные в радиусе 150 м от объектов типа «Рекреационная зона».;1 - слой с объектами «Супермаркет», 2 - слой с объектами «Рекреационная зона», учитывающий буфер 150 м вокруг каждого объекта.;;1244;Супермаркет;Рекреационная зона;22;14;Рекреационная зона;Супермаркет;150
1053;;Город Шуя;838;Исходный;Определи, сколько водонапорных башен находятся в пределах 200 м от среднего специального учебного заведения, чтобы оценить инфраструктуру.;В отображаемом слое для проекта Город Шуя показаны объекты типа «Водонапорная башня», расположенные в радиусе 200 м от объектов типа «Среднее специальное учебное заведение».;1 - слой с объектами «Водонапорная башня», 2 - слой с объектами «Среднее специальное учебное заведение», учитывающий буфер 200 м вокруг каждого объекта.;;1244;Среднее специальное учебное заведение;Водонапорная башня;22;15;Среднее специальное учебное заведение;Водонапорная башня;200
1054;;Город Шуя;838;Исходный;Покажи, сколько парковок расположено в радиусе 500 м от кинотеатра, чтобы оценить транспортную доступность.;В отображаемом слое для проекта Город Шуя показаны объекты типа «Парковка», расположенные в радиусе 500 м от объектов типа «Кинотеатр».;1 - слой с объектами «Парковка», 2 - слой с объектами «Кинотеатр», учитывающий буфер 500 м вокруг каждого объекта.;;1244;Кинотеатр;Парковка;22;16;Кинотеатр;Парковка;500
1055;;Город Шуя;838;Исходный;Выведи количество площадок, находящихся внутри 300 м от салона красоты, чтобы понять возможности отдыха.;В отображаемом слое для проекта Город Шуя показаны объекты типа «Площадка», расположенные в радиусе 300 м от объектов типа «Салон красоты».;1 - слой с объектами «Площадка», 2 - слой с объектами «Салон красоты», учитывающий буфер 300 м вокруг каждого объекта.;;1244;Салон красоты;Площадка;22;17;Салон красоты;Площадка;300
1056;;Город Шуя;838;Исходный;Найди, сколько ресторанов находятся в пределах 500 м от высшего учебного заведения, чтобы оценить питание для студентов.;В отображаемом слое для проекта Город Шуя показаны объекты типа «Ресторан», расположенные в радиусе 500 м от объектов типа «Высшее учебное заведение».;1 - слой с объектами «Ресторан», 2 - слой с объектами «Высшее учебное заведение», учитывающий буфер 500 м вокруг каждого объекта.;;1244;Высшее учебное заведение, Ресторан;;22;18;Высшее учебное заведение;Ресторан;500
1057;;ДПО Шуя;863;Исходный;Покажи детские сады, расположенные внутри радиуса 200 м от банкоматов.;В отображаемом слое для проекта ДПО Шуя показаны объекты типа «Детский сад», расположенные в радиусе 200 м от объектов типа «Банкомат».;1 - слой с объектами «Детский сад», 2 - слой с объектами «Банкомат», учитывающий буфер 200 м вокруг каждого объекта.;;1269;Банкомат, Детский сад;;23;10;Банкомат;Детский сад;200
1058;;ДПО Шуя;863;Исходный;Найди продукты (магазин у дома), расположенные в пределах 50 м от федеральной дороги.;В отображаемом слое для проекта ДПО Шуя показаны объекты типа «Продукты (магазин у дома)», расположенные в радиусе 50 м от объектов типа «Федеральная дорога».;1 - слой с объектами «Продукты (магазин у дома)», 2 - слой с объектами «Федеральная дорога», учитывающий буфер 50 м вокруг каждого объекта.;;1269;Продукты (магазин у дома);Федеральная дорога;23;11;Федеральная дорога;Продукты (магазин у дома);50
1059;;ДПО Шуя;863;Исходный;Найди магазины бытовой техники, расположенные не далее чем 50 м от железнодорожной станции.;В отображаемом слое для проекта ДПО Шуя показаны объекты типа «Бытовая техника», расположенные в радиусе 50 м от объектов типа «Железнодорожная станция».;1 - слой с объектами «Бытовая техника», 2 - слой с объектами «Железнодорожная станция», учитывающий буфер 50 м вокруг каждого объекта.;;1269;Бытовая техника;Железнодорожная станция;23;12;Железнодорожная станция;Бытовая техника;50
1060;;ДПО Шуя;863;Исходный;Сколько салонов красоты находятся в пределах 150 м от пожарной станции?;В отображаемом слое для проекта ДПО Шуя показаны объекты типа «Салон красоты», расположенные в радиусе 150 м от объектов типа «Пожарная станция».;1 - слой с объектами «Салон красоты», 2 - слой с объектами «Пожарная станция», учитывающий буфер 150 м вокруг каждого объекта.;;1269;Пожарная станция, Салон красоты;;23;13;Пожарная станция;Салон красоты;150
1061;;ДПО Шуя;863;Исходный;Выведи высшие учебные заведения, которые находятся внутри радиуса 200 м от салонов красоты.;В отображаемом слое для проекта ДПО Шуя показаны объекты типа «Высшее учебное заведение», расположенные в радиусе 200 м от объектов типа «Салон красоты».;1 - слой с объектами «Высшее учебное заведение», 2 - слой с объектами «Салон красоты», учитывающий буфер 200 м вокруг каждого объекта.;;1269;Салон красоты, Высшее учебное заведение;;23;14;Салон красоты;Высшее учебное заведение;200
1062;;ДПО Шуя;863;Исходный;Проверь, сколько рынков расположены не далее чем 300 м от больницы.;В отображаемом слое для проекта ДПО Шуя показаны объекты типа «Рынок», расположенные в радиусе 300 м от объектов типа «Больница».;1 - слой с объектами «Рынок», 2 - слой с объектами «Больница», учитывающий буфер 300 м вокруг каждого объекта.;;1269;Больница, Рынок;;23;15;Больница;Рынок;300
1063;;ДПО Шуя;863;Исходный;Считай, сколько супермаркетов находится в пределах 200 м от полицейского участка.;В отображаемом слое для проекта ДПО Шуя показаны объекты типа «Супермаркет», расположенные в радиусе 200 м от объектов типа «Полицейский участок».;1 - слой с объектами «Супермаркет», 2 - слой с объектами «Полицейский участок», учитывающий буфер 200 м вокруг каждого объекта.;;1269;Полицейский участок, Супермаркет;;23;16;Полицейский участок;Супермаркет;200
1064;;ДПО Шуя;863;Исходный;Расчитай, сколько гостиниц находится внутри радиуса 200 м от автозаправки.;В отображаемом слое для проекта ДПО Шуя показаны объекты типа «Гостиница», расположенные в радиусе 200 м от объектов типа «Автозаправка».;1 - слой с объектами «Гостиница», 2 - слой с объектами «Автозаправка», учитывающий буфер 200 м вокруг каждого объекта.;;1269;Автозаправка, Гостиница;;23;17;Автозаправка;Гостиница;200
1065;;ДПО Шуя;863;Исходный;Укажи рестораны, находящиеся не далее чем 150 м от магазина с продуктами у дома.;В отображаемом слое для проекта ДПО Шуя показаны объекты типа «Ресторан», расположенные в радиусе 150 м от объектов типа «Продукты (магазин у дома)».;1 - слой с объектами «Ресторан», 2 - слой с объектами «Продукты (магазин у дома)», учитывающий буфер 150 м вокруг каждого объекта.;;1269;Продукты (магазин у дома), Ресторан;;23;18;Продукты (магазин у дома);Ресторан;150
1066;;ДПО Шуя;863;Исходный;Проверь, сколько высших учебных заведений находится внутри радиуса 150 м от полицейского участка.;В отображаемом слое для проекта ДПО Шуя показаны объекты типа «Высшее учебное заведение», расположенные в радиусе 150 м от объектов типа «Полицейский участок».;1 - слой с объектами «Высшее учебное заведение», 2 - слой с объектами «Полицейский участок», учитывающий буфер 150 м вокруг каждого объекта.;;1269;Полицейский участок, Высшее учебное заведение;;24;10;Полицейский участок;Высшее учебное заведение;150
1067;;ДПО Шуя;863;Исходный;Найди детские сады, расположенные в пределах 150 м от среднего специального учебного заведения.;В отображаемом слое для проекта ДПО Шуя показаны объекты типа «Детский сад», расположенные в радиусе 150 м от объектов типа «Среднее специальное учебное заведение».;1 - слой с объектами «Детский сад», 2 - слой с объектами «Среднее специальное учебное заведение», учитывающий буфер 150 м вокруг каждого объекта.;;1269;Среднее специальное учебное заведение, Детский сад;;24;11;Среднее специальное учебное заведение;Детский сад;150
1068;;ДПО Шуя;863;Исходный;Определи, есть ли рекреационные зоны не далее чем 500 м от водонапорной башни.;В отображаемом слое для проекта ДПО Шуя показаны объекты типа «Рекреационная зона», расположенные в радиусе 500 м от объектов типа «Водонапорная башня».;1 - слой с объектами «Рекреационная зона», 2 - слой с объектами «Водонапорная башня», учитывающий буфер 500 м вокруг каждого объекта.;;1269;;Водонапорная башня, Рекреационная зона;24;12;Водонапорная башня;Рекреационная зона;500
1069;;ДПО Шуя;863;Исходный;Покажи, какие федеральные дороги находятся внутри радиуса 300 м от памятника.;В отображаемом слое для проекта ДПО Шуя показаны объекты типа «Федеральная дорога», расположенные в радиусе 300 м от объектов типа «Памятник».;1 - слой с объектами «Федеральная дорога», 2 - слой с объектами «Памятник», учитывающий буфер 300 м вокруг каждого объекта.;;1269;;Памятник, Федеральная дорога;24;13;Памятник;Федеральная дорога;300
1070;;ДПО Шуя;863;Исходный;Сколько памятников находятся в пределах 150 м от школы?;В отображаемом слое для проекта ДПО Шуя показаны объекты типа «Памятник», расположенные в радиусе 150 м от объектов типа «Школа».;1 - слой с объектами «Памятник», 2 - слой с объектами «Школа», учитывающий буфер 150 м вокруг каждого объекта.;;1269;Школа;Памятник;24;14;Школа;Памятник;150
1071;;ДПО Шуя;863;Исходный;Выведи автозаправки, расположенные не далее чем 300 м от парка.;В отображаемом слое для проекта ДПО Шуя показаны объекты типа «Автозаправка», расположенные в радиусе 300 м от объектов типа «Парк».;1 - слой с объектами «Автозаправка», 2 - слой с объектами «Парк», учитывающий буфер 300 м вокруг каждого объекта.;;1269;Парк, Автозаправка;;24;15;Парк;Автозаправка;300
1072;;ДПО Шуя;863;Исходный;Проверь, сколько супермаркетов находятся внутри радиуса 150 м от заправочной станции.;В отображаемом слое для проекта ДПО Шуя показаны объекты типа «Супермаркет», расположенные в радиусе 150 м от объектов типа «Заправочная станция».;1 - слой с объектами «Супермаркет», 2 - слой с объектами «Заправочная станция», учитывающий буфер 150 м вокруг каждого объекта.;;1269;Супермаркет;Заправочная станция;24;16;Заправочная станция;Супермаркет;150
1073;;ДПО Шуя;863;Исходный;Найди кладбища, расположенные в пределах 150 м от жилого дома.;В отображаемом слое для проекта ДПО Шуя показаны объекты типа «Кладбище», расположенные в радиусе 150 м от объектов типа «Жилой дом».;1 - слой с объектами «Кладбище», 2 - слой с объектами «Жилой дом», учитывающий буфер 150 м вокруг каждого объекта.;;1269;Кладбище;Жилой дом;24;17;Жилой дом;Кладбище;150
1074;;ДПО Шуя;863;Исходный;Покажи промышленные территории, находящиеся не далее чем 200 м от парка.;В отображаемом слое для проекта ДПО Шуя показаны объекты типа «Промышленная территория», расположенные в радиусе 200 м от объектов типа «Парк».;1 - слой с объектами «Промышленная территория», 2 - слой с объектами «Парк», учитывающий буфер 200 м вокруг каждого объекта.;;1269;Парк;Промышленная территория;24;18;Парк;Промышленная территория;200
1075;;ДПО Шуя;863;Исходный;Покажи количество жилых домов внутри радиуса 200 м от кинотеатра для оценки доступности жилья.;В отображаемом слое для проекта ДПО Шуя показаны объекты типа «Жилой дом», расположенные в радиусе 200 м от объектов типа «Кинотеатр».;1 - слой с объектами «Жилой дом», 2 - слой с объектами «Кинотеатр», учитывающий буфер 200 м вокруг каждого объекта.;;1269;Кинотеатр;Жилой дом;25;10;Кинотеатр;Жилой дом;200
1076;;ДПО Шуя;863;Исходный;Найди в пределах 300 м от религиозного объекта расположенные водонапорные башни, чтобы проверить водоснабжение.;В отображаемом слое для проекта ДПО Шуя показаны объекты типа «Водонапорная башня», расположенные в радиусе 300 м от объектов типа «Религиозный объект».;1 - слой с объектами «Водонапорная башня», 2 - слой с объектами «Религиозный объект», учитывающий буфер 300 м вокруг каждого объекта.;;1269;Религиозный объект;Водонапорная башня;25;11;Религиозный объект;Водонапорная башня;300
1077;;ДПО Шуя;863;Исходный;Определи, сколько супермаркетов находятся не далее 100 м от высшего учебного заведения, чтобы оценить торговую доступность.;В отображаемом слое для проекта ДПО Шуя показаны объекты типа «Супермаркет», расположенные в радиусе 100 м от объектов типа «Высшее учебное заведение».;1 - слой с объектами «Супермаркет», 2 - слой с объектами «Высшее учебное заведение», учитывающий буфер 100 м вокруг каждого объекта.;;1269;Высшее учебное заведение, Супермаркет;;25;12;Высшее учебное заведение;Супермаркет;100
1078;;ДПО Шуя;863;Исходный;Сколько детских садов находятся внутри 50 м от ресторана, чтобы изучить инфраструктуру для детей.;В отображаемом слое для проекта ДПО Шуя показаны объекты типа «Детский сад», расположенные в радиусе 50 м от объектов типа «Ресторан».;1 - слой с объектами «Детский сад», 2 - слой с объектами «Ресторан», учитывающий буфер 50 м вокруг каждого объекта.;;1269;Ресторан, Детский сад;;25;13;Ресторан;Детский сад;50
1079;;ДПО Шуя;863;Исходный;Проверь наличие средних специальных учебных заведений в радиусе 500 м от заправочной станции, чтобы оценить доступность образования.;В отображаемом слое для проекта ДПО Шуя показаны объекты типа «Среднее специальное учебное заведение», расположенные в радиусе 500 м от объектов типа «Заправочная станция».;1 - слой с объектами «Среднее специальное учебное заведение», 2 - слой с объектами «Заправочная станция», учитывающий буфер 500 м вокруг каждого объекта.;;1269;Среднее специальное учебное заведение;Заправочная станция;25;14;Заправочная станция;Среднее специальное учебное заведение;500
1080;;ДПО Шуя;863;Исходный;Выведи список магазинов одежды и обуви, расположенных в пределах 50 м от пожарной станции, для планирования пешеходных зон.;В отображаемом слое для проекта ДПО Шуя показаны объекты типа «Одежда и обувь», расположенные в радиусе 50 м от объектов типа «Пожарная станция».;1 - слой с объектами «Одежда и обувь», 2 - слой с объектами «Пожарная станция», учитывающий буфер 50 м вокруг каждого объекта.;;1269;Пожарная станция, Одежда и обувь;;25;15;Пожарная станция;Одежда и обувь;50
1081;;ДПО Шуя;863;Исходный;Найди рынки, находящиеся не далее 100 м от зеленой зоны, чтобы оценить доступность свежих продуктов.;В отображаемом слое для проекта ДПО Шуя показаны объекты типа «Рынок», расположенные в радиусе 100 м от объектов типа «Зеленая зона».;1 - слой с объектами «Рынок», 2 - слой с объектами «Зеленая зона», учитывающий буфер 100 м вокруг каждого объекта.;;1269;Рынок;Зеленая зона;25;16;Зеленая зона;Рынок;100
1082;;ДПО Шуя;863;Исходный;Определи количество региональных дорог, которые находятся внутри 50 м от высшего учебного заведения, для анализа транспортной сети.;В отображаемом слое для проекта ДПО Шуя показаны объекты типа «Региональная дорога», расположенные в радиусе 50 м от объектов типа «Высшее учебное заведение».;1 - слой с объектами «Региональная дорога», 2 - слой с объектами «Высшее учебное заведение», учитывающий буфер 50 м вокруг каждого объекта.;;1269;Высшее учебное заведение;Региональная дорога;25;17;Высшее учебное заведение;Региональная дорога;50
1083;;ДПО Шуя;863;Исходный;Покажи, сколько железнодорожных станций находятся в радиусе 50 м от полицейского участка, чтобы оценить доступность общественного транспорта.;В отображаемом слое для проекта ДПО Шуя показаны объекты типа «Железнодорожная станция», расположенные в радиусе 50 м от объектов типа «Полицейский участок».;1 - слой с объектами «Железнодорожная станция», 2 - слой с объектами «Полицейский участок», учитывающий буфер 50 м вокруг каждого объекта.;;1269;Полицейский участок;Железнодорожная станция;25;18;Полицейский участок;Железнодорожная станция;50
1084;;ДПО Шуя;863;Исходный;Покажи количество жилых домов в пределах 300 м от почтового отделения.;В отображаемом слое для проекта ДПО Шуя показаны объекты типа «Жилой дом», расположенные в радиусе 300 м от объектов типа «Почтовое отделение».;1 - слой с объектами «Жилой дом», 2 - слой с объектами «Почтовое отделение», учитывающий буфер 300 м вокруг каждого объекта.;;1269;Почтовое отделение;Жилой дом;26;10;Почтовое отделение;Жилой дом;300
1085;;ДПО Шуя;863;Исходный;Найди все местные дороги, находящиеся не далее чем 50 м от ресторана.;В отображаемом слое для проекта ДПО Шуя показаны объекты типа «Местная дорога», расположенные в радиусе 50 м от объектов типа «Ресторан».;1 - слой с объектами «Местная дорога», 2 - слой с объектами «Ресторан», учитывающий буфер 50 м вокруг каждого объекта.;;1269;Ресторан;Местная дорога;26;11;Ресторан;Местная дорога;50
1086;;ДПО Шуя;863;Исходный;Определи, сколько парковок расположено внутри радиуса 300 м от пожарной станции.;В отображаемом слое для проекта ДПО Шуя показаны объекты типа «Парковка», расположенные в радиусе 300 м от объектов типа «Пожарная станция».;1 - слой с объектами «Парковка», 2 - слой с объектами «Пожарная станция», учитывающий буфер 300 м вокруг каждого объекта.;;1269;Пожарная станция;Парковка;26;12;Пожарная станция;Парковка;300
1087;;ДПО Шуя;863;Исходный;Выведи список автозаправок, которые находятся внутри радиуса 500 м от магазина продуктов у дома, чтобы оценить инфраструктуру.;В отображаемом слое для проекта ДПО Шуя показаны объекты типа «Автозаправка», расположенные в радиусе 500 м от объектов типа «Продукты (магазин у дома)».;1 - слой с объектами «Автозаправка», 2 - слой с объектами «Продукты (магазин у дома)», учитывающий буфер 500 м вокруг каждого объекта.;;1269;Продукты (магазин у дома), Автозаправка;;26;13;Продукты (магазин у дома);Автозаправка;500
1088;;ДПО Шуя;863;Исходный;Сколько железнодорожных станций находится в пределах 50 м от кинотеатра, чтобы проверить транспортную доступность?;В отображаемом слое для проекта ДПО Шуя показаны объекты типа «Железнодорожная станция», расположенные в радиусе 50 м от объектов типа «Кинотеатр».;1 - слой с объектами «Железнодорожная станция», 2 - слой с объектами «Кинотеатр», учитывающий буфер 50 м вокруг каждого объекта.;;1269;Кинотеатр;Железнодорожная станция;26;14;Кинотеатр;Железнодорожная станция;50
1089;;ДПО Шуя;863;Исходный;Выведи средние специальные учебные заведения, которые находятся внутри 200 м от банкомата.;В отображаемом слое для проекта ДПО Шуя показаны объекты типа «Среднее специальное учебное заведение», расположенные в радиусе 200 м от объектов типа «Банкомат».;1 - слой с объектами «Среднее специальное учебное заведение», 2 - слой с объектами «Банкомат», учитывающий буфер 200 м вокруг каждого объекта.;;1269;Банкомат, Среднее специальное учебное заведение;;26;15;Банкомат;Среднее специальное учебное заведение;200
1090;;ДПО Шуя;863;Исходный;Сколько банкоматов находятся в пределах 200 м от площадки?;В отображаемом слое для проекта ДПО Шуя показаны объекты типа «Банкомат», расположенные в радиусе 200 м от объектов типа «Площадка».;1 - слой с объектами «Банкомат», 2 - слой с объектами «Площадка», учитывающий буфер 200 м вокруг каждого объекта.;;1269;Банкомат;Площадка;26;16;Площадка;Банкомат;200
1091;;ДПО Шуя;863;Исходный;Покажи нежилые здания, расположенные не далее 500 м от парка.;В отображаемом слое для проекта ДПО Шуя показаны объекты типа «Нежилое здание», расположенные в радиусе 500 м от объектов типа «Парк».;1 - слой с объектами «Нежилое здание», 2 - слой с объектами «Парк», учитывающий буфер 500 м вокруг каждого объекта.;;1269;Парк;Нежилое здание;26;17;Парк;Нежилое здание;500
1092;;ДПО Шуя;863;Исходный;Найди памятники, находящиеся внутри радиуса 500 м от рекреационной зоны.;В отображаемом слое для проекта ДПО Шуя показаны объекты типа «Памятник», расположенные в радиусе 500 м от объектов типа «Рекреационная зона».;1 - слой с объектами «Памятник», 2 - слой с объектами «Рекреационная зона», учитывающий буфер 500 м вокруг каждого объекта.;;1269;;Рекреационная зона, Памятник;26;18;Рекреационная зона;Памятник;500
1093;;Параллельные решения - Приморский край;737;Исходный;Определи, сколько лесов находится внутри радиуса 50 м от школы, чтобы оценить природную составляющую района.;В отображаемом слое для проекта Параллельные решения - Приморский край показаны объекты типа «Лес», расположенные в радиусе 50 м от объектов типа «Школа».;1 - слой с объектами «Лес», 2 - слой с объектами «Школа», учитывающий буфер 50 м вокруг каждого объекта.;;1046;Школа;Лес;27;10;Школа;Лес;50
1094;;Параллельные решения - Приморский край;737;Исходный;Покажи нежилые здания, которые расположены не далее чем 50 м от зеленой зоны, чтобы понять плотность использования территории.;В отображаемом слое для проекта Параллельные решения - Приморский край показаны объекты типа «Нежилое здание», расположенные в радиусе 50 м от объектов типа «Зеленая зона».;1 - слой с объектами «Нежилое здание», 2 - слой с объектами «Зеленая зона», учитывающий буфер 50 м вокруг каждого объекта.;;1046;;Зеленая зона, Нежилое здание;27;11;Зеленая зона;Нежилое здание;50
1095;;Параллельные решения - Приморский край;737;Исходный;Определи количество остановок наземного транспорта, которые находятся внутри 300 м от кафе.;В отображаемом слое для проекта Параллельные решения - Приморский край показаны объекты типа «Остановка наземного транспорта», расположенные в радиусе 300 м от объектов типа «Кафе».;1 - слой с объектами «Остановка наземного транспорта», 2 - слой с объектами «Кафе», учитывающий буфер 300 м вокруг каждого объекта.;;1046;Кафе;Остановка наземного транспорта;27;12;Кафе;Остановка наземного транспорта;300
1096;;Параллельные решения - Приморский край;737;Исходный;Проверь наличие школ, которые находятся не далее чем 300 м от зеленой зоны, чтобы определить образовательные объекты в экологически благоприятной среде.;В отображаемом слое для проекта Параллельные решения - Приморский край показаны объекты типа «Школа», расположенные в радиусе 300 м от объектов типа «Зеленая зона».;1 - слой с объектами «Школа», 2 - слой с объектами «Зеленая зона», учитывающий буфер 300 м вокруг каждого объекта.;;1046;Школа;Зеленая зона;27;13;Зеленая зона;Школа;300
1097;;Параллельные решения - Приморский край;737;Исходный;Выведи автозаправки, которые находятся внутри радиуса 100 м от школы, чтобы проанализировать транспортную доступность.;В отображаемом слое для проекта Параллельные решения - Приморский край показаны объекты типа «Автозаправка», расположенные в радиусе 100 м от объектов типа «Школа».;1 - слой с объектами «Автозаправка», 2 - слой с объектами «Школа», учитывающий буфер 100 м вокруг каждого объекта.;;1046;Школа, Автозаправка;;27;14;Школа;Автозаправка;100
1098;;Параллельные решения - Приморский край;737;Исходный;Уточни, сколько водонапорных башен расположены в пределах 150 м от реки, для оценки инфраструктурной доступности.;В отображаемом слое для проекта Параллельные решения - Приморский край показаны объекты типа «Водонапорная башня», расположенные в радиусе 150 м от объектов типа «Река».;1 - слой с объектами «Водонапорная башня», 2 - слой с объектами «Река», учитывающий буфер 150 м вокруг каждого объекта.;;1046;;Река, Водонапорная башня;27;15;Река;Водонапорная башня;150
1099;;Параллельные решения - Приморский край;737;Исходный;Найди бассейны, которые находятся не далее чем 150 м от реки, чтобы понять доступ к спортивным объектам.;В отображаемом слое для проекта Параллельные решения - Приморский край показаны объекты типа «Бассейн», расположенные в радиусе 150 м от объектов типа «Река».;1 - слой с объектами «Бассейн», 2 - слой с объектами «Река», учитывающий буфер 150 м вокруг каждого объекта.;;1046;Бассейн;Река;27;16;Река;Бассейн;150
1100;;Параллельные решения - Приморский край;737;Исходный;Выведи остановки наземного общественного транспорта, которые находятся в пределах 300 м от автозаправки, чтобы оценить транспортную связь.;В отображаемом слое для проекта Параллельные решения - Приморский край показаны объекты типа «Остановка наземного общественного транспорта», расположенные в радиусе 300 м от объектов типа «Автозаправка».;1 - слой с объектами «Остановка наземного общественного транспорта», 2 - слой с объектами «Автозаправка», учитывающий буфер 300 м вокруг каждого объекта.;;1046;Автозаправка, Остановка наземного общественного транспорта;;27;17;Автозаправка;Остановка наземного общественного транспорта;300
1101;;Параллельные решения - Приморский край;737;Исходный;Оцени, сколько лесов находится внутри радиуса 200 м от автозаправки, чтобы оценить природную среду рядом с автосервисами.;В отображаемом слое для проекта Параллельные решения - Приморский край показаны объекты типа «Лес», расположенные в радиусе 200 м от объектов типа «Автозаправка».;1 - слой с объектами «Лес», 2 - слой с объектами «Автозаправка», учитывающий буфер 200 м вокруг каждого объекта.;;1046;Автозаправка;Лес;27;18;Автозаправка;Лес;200
1102;;Параллельные решения - Приморский край;737;Исходный;Покажи, сколько остановок наземного общественного транспорта находится внутри радиуса 300 м от аэропорта.;В отображаемом слое для проекта Параллельные решения - Приморский край показаны объекты типа «Остановка наземного общественного транспорта», расположенные в радиусе 300 м от объектов типа «Аэропорт».;1 - слой с объектами «Остановка наземного общественного транспорта», 2 - слой с объектами «Аэропорт», учитывающий буфер 300 м вокруг каждого объекта.;;1046;Аэропорт, Остановка наземного общественного транспорта;;28;10;Аэропорт;Остановка наземного общественного транспорта;300
1103;;Параллельные решения - Приморский край;737;Исходный;Найди водонапорные башни, расположенные в пределах 300 м от жилого дома.;В отображаемом слое для проекта Параллельные решения - Приморский край показаны объекты типа «Водонапорная башня», расположенные в радиусе 300 м от объектов типа «Жилой дом».;1 - слой с объектами «Водонапорная башня», 2 - слой с объектами «Жилой дом», учитывающий буфер 300 м вокруг каждого объекта.;;1046;;Жилой дом, Водонапорная башня;28;11;Жилой дом;Водонапорная башня;300
1104;;Параллельные решения - Приморский край;737;Исходный;Определи количество супермаркетов, находящихся не далее чем 300 м от памятника.;В отображаемом слое для проекта Параллельные решения - Приморский край показаны объекты типа «Супермаркет», расположенные в радиусе 300 м от объектов типа «Памятник».;1 - слой с объектами «Супермаркет», 2 - слой с объектами «Памятник», учитывающий буфер 300 м вокруг каждого объекта.;;1046;Памятник, Супермаркет;;28;12;Памятник;Супермаркет;300
1105;;Параллельные решения - Приморский край;737;Исходный;Считай промышленные территории, расположенные внутри радиуса 50 м от заправочной станции.;В отображаемом слое для проекта Параллельные решения - Приморский край показаны объекты типа «Промышленная территория», расположенные в радиусе 50 м от объектов типа «Заправочная станция».;1 - слой с объектами «Промышленная территория», 2 - слой с объектами «Заправочная станция», учитывающий буфер 50 м вокруг каждого объекта.;;1046;;Заправочная станция, Промышленная территория;28;13;Заправочная станция;Промышленная территория;50
1106;;Параллельные решения - Приморский край;737;Исходный;Проверь автозаправки, которые находятся в пределах 300 м от водонапорной башни.;В отображаемом слое для проекта Параллельные решения - Приморский край показаны объекты типа «Автозаправка», расположенные в радиусе 300 м от объектов типа «Водонапорная башня».;1 - слой с объектами «Автозаправка», 2 - слой с объектами «Водонапорная башня», учитывающий буфер 300 м вокруг каждого объекта.;;1046;Автозаправка;Водонапорная башня;28;14;Водонапорная башня;Автозаправка;300
1107;;Параллельные решения - Приморский край;737;Исходный;Выведи промышленные территории, находящиеся не далее чем 100 м от автозаправки.;В отображаемом слое для проекта Параллельные решения - Приморский край показаны объекты типа «Промышленная территория», расположенные в радиусе 100 м от объектов типа «Автозаправка».;1 - слой с объектами «Промышленная территория», 2 - слой с объектами «Автозаправка», учитывающий буфер 100 м вокруг каждого объекта.;;1046;Автозаправка;Промышленная территория;28;15;Автозаправка;Промышленная территория;100
1108;;Параллельные решения - Приморский край;737;Исходный;Сколько парковок находится внутри радиуса 50 м от автозаправки?;В отображаемом слое для проекта Параллельные решения - Приморский край показаны объекты типа «Парковка», расположенные в радиусе 50 м от объектов типа «Автозаправка».;1 - слой с объектами «Парковка», 2 - слой с объектами «Автозаправка», учитывающий буфер 50 м вокруг каждого объекта.;;1046;Автозаправка, Парковка;;28;16;Автозаправка;Парковка;50
1109;;Параллельные решения - Приморский край;737;Исходный;Укажи супермаркеты, расположенные в пределах 500 м от нежилого здания.;В отображаемом слое для проекта Параллельные решения - Приморский край показаны объекты типа «Супермаркет», расположенные в радиусе 500 м от объектов типа «Нежилое здание».;1 - слой с объектами «Супермаркет», 2 - слой с объектами «Нежилое здание», учитывающий буфер 500 м вокруг каждого объекта.;;1046;Супермаркет;Нежилое здание;28;17;Нежилое здание;Супермаркет;500
1110;;Параллельные решения - Приморский край;737;Исходный;Посчитай школы, которые находятся не далее чем 300 м от почтового отделения.;В отображаемом слое для проекта Параллельные решения - Приморский край показаны объекты типа «Школа», расположенные в радиусе 300 м от объектов типа «Почтовое отделение».;1 - слой с объектами «Школа», 2 - слой с объектами «Почтовое отделение», учитывающий буфер 300 м вокруг каждого объекта.;;1046;Почтовое отделение, Школа;;28;18;Почтовое отделение;Школа;300
1111;;Параллельные решения - Приморский край;737;Исходный;Покажи количество продуктов (магазин у дома) внутри радиуса 200 м от необрабатываемого поля.;В отображаемом слое для проекта Параллельные решения - Приморский край показаны объекты типа «Продукты (магазин у дома)», расположенные в радиусе 200 м от объектов типа «Необрабатываемое поле».;1 - слой с объектами «Продукты (магазин у дома)», 2 - слой с объектами «Необрабатываемое поле», учитывающий буфер 200 м вокруг каждого объекта.;;1046;Продукты (магазин у дома);Необрабатываемое поле;29;10;Необрабатываемое поле;Продукты (магазин у дома);200
1112;;Параллельные решения - Приморский край;737;Исходный;Найди все кафе в пределах 300 м от леса.;В отображаемом слое для проекта Параллельные решения - Приморский край показаны объекты типа «Кафе», расположенные в радиусе 300 м от объектов типа «Лес».;1 - слой с объектами «Кафе», 2 - слой с объектами «Лес», учитывающий буфер 300 м вокруг каждого объекта.;;1046;Кафе;Лес;29;11;Лес;Кафе;300
1113;;Параллельные решения - Приморский край;737;Исходный;Определи количество заправочных станций в пределах 300 м от кладбища.;В отображаемом слое для проекта Параллельные решения - Приморский край показаны объекты типа «Заправочная станция», расположенные в радиусе 300 м от объектов типа «Кладбище».;1 - слой с объектами «Заправочная станция», 2 - слой с объектами «Кладбище», учитывающий буфер 300 м вокруг каждого объекта.;;1046;Кладбище;Заправочная станция;29;12;Кладбище;Заправочная станция;300
1114;;Параллельные решения - Приморский край;737;Исходный;Сколько промышленных территорий находится не далее 300 м от супермаркета?;В отображаемом слое для проекта Параллельные решения - Приморский край показаны объекты типа «Промышленная территория», расположенные в радиусе 300 м от объектов типа «Супермаркет».;1 - слой с объектами «Промышленная территория», 2 - слой с объектами «Супермаркет», учитывающий буфер 300 м вокруг каждого объекта.;;1046;Супермаркет;Промышленная территория;29;13;Супермаркет;Промышленная территория;300
1115;;Параллельные решения - Приморский край;737;Исходный;Проверь наличие остановок наземного транспорта внутри радиуса 50 м от парковки.;В отображаемом слое для проекта Параллельные решения - Приморский край показаны объекты типа «Остановка наземного транспорта», расположенные в радиусе 50 м от объектов типа «Парковка».;1 - слой с объектами «Остановка наземного транспорта», 2 - слой с объектами «Парковка», учитывающий буфер 50 м вокруг каждого объекта.;;1046;Парковка;Остановка наземного транспорта;29;14;Парковка;Остановка наземного транспорта;50
1116;;Параллельные решения - Приморский край;737;Исходный;Выведи леса, расположенные внутри радиуса 100 м от памятника.;В отображаемом слое для проекта Параллельные решения - Приморский край показаны объекты типа «Лес», расположенные в радиусе 100 м от объектов типа «Памятник».;1 - слой с объектами «Лес», 2 - слой с объектами «Памятник», учитывающий буфер 100 м вокруг каждого объекта.;;1046;Памятник;Лес;29;15;Памятник;Лес;100
1117;;Параллельные решения - Приморский край;737;Исходный;Сравни памятники, которые находятся не далее 200 м от водонапорной башни.;В отображаемом слое для проекта Параллельные решения - Приморский край показаны объекты типа «Памятник», расположенные в радиусе 200 м от объектов типа «Водонапорная башня».;1 - слой с объектами «Памятник», 2 - слой с объектами «Водонапорная башня», учитывающий буфер 200 м вокруг каждого объекта.;;1046;Памятник;Водонапорная башня;29;16;Водонапорная башня;Памятник;200
1118;;Параллельные решения - Приморский край;737;Исходный;Проанализируй остановки наземного общественного транспорта в пределах 300 м от зеленой зоны.;В отображаемом слое для проекта Параллельные решения - Приморский край показаны объекты типа «Остановка наземного общественного транспорта», расположенные в радиусе 300 м от объектов типа «Зеленая зона».;1 - слой с объектами «Остановка наземного общественного транспорта», 2 - слой с объектами «Зеленая зона», учитывающий буфер 300 м вокруг каждого объекта.;;1046;Остановка наземного общественного транспорта;Зеленая зона;29;17;Зеленая зона;Остановка наземного общественного транспорта;300
1119;;Параллельные решения - Приморский край;737;Исходный;Уточни травяное покрытие, которое находится внутри радиуса 50 м от заправочной станции.;В отображаемом слое для проекта Параллельные решения - Приморский край показаны объекты типа «Травяное покрытие», расположенные в радиусе 50 м от объектов типа «Заправочная станция».;1 - слой с объектами «Травяное покрытие», 2 - слой с объектами «Заправочная станция», учитывающий буфер 50 м вокруг каждого объекта.;;1046;;Заправочная станция, Травяное покрытие;29;18;Заправочная станция;Травяное покрытие;50
1120;;Проект город Артём;676;Исходный;Покажи количество кладбищ, находящихся внутри радиуса 300 м от банкоматов, для оценки плотности.;В отображаемом слое для проекта Проект город Артём показаны объекты типа «Кладбище», расположенные в радиусе 300 м от объектов типа «Банкомат».;1 - слой с объектами «Кладбище», 2 - слой с объектами «Банкомат», учитывающий буфер 300 м вокруг каждого объекта.;;898;Банкомат, Кладбище;;30;10;Банкомат;Кладбище;300
1121;;Проект город Артём;676;Исходный;Найди, сколько заливов находится внутри радиуса 150 м от магазинов одежды и обуви, чтобы понять прибрежный риск.;В отображаемом слое для проекта Проект город Артём показаны объекты типа «Залив», расположенные в радиусе 150 м от объектов типа «Одежда и обувь».;1 - слой с объектами «Залив», 2 - слой с объектами «Одежда и обувь», учитывающий буфер 150 м вокруг каждого объекта.;;898;Одежда и обувь;Залив;30;11;Одежда и обувь;Залив;150
1122;;Проект город Артём;676;Исходный;Определи, сколько железнодорожных вокзалов находится в пределах 50 м от аптек, для оценки доступности.;В отображаемом слое для проекта Проект город Артём показаны объекты типа «Железнодорожный вокзал», расположенные в радиусе 50 м от объектов типа «Аптека».;1 - слой с объектами «Железнодорожный вокзал», 2 - слой с объектами «Аптека», учитывающий буфер 50 м вокруг каждого объекта.;;898;Аптека, Железнодорожный вокзал;;30;12;Аптека;Железнодорожный вокзал;50
1123;;Проект город Артём;676;Исходный;Выведи число насосных станций водоснабжения в пределах 200 м от стоматологических клиник, для оценки инфраструктуры.;В отображаемом слое для проекта Проект город Артём показаны объекты типа «Насосная станция водоснабжения», расположенные в радиусе 200 м от объектов типа «Стоматологическая клиника».;1 - слой с объектами «Насосная станция водоснабжения», 2 - слой с объектами «Стоматологическая клиника», учитывающий буфер 200 м вокруг каждого объекта.;;898;Стоматологическая клиника;Насосная станция водоснабжения;30;13;Стоматологическая клиника;Насосная станция водоснабжения;200
1124;;Проект город Артём;676;Исходный;Проверь, сколько травяных покрытий находится в пределах 300 м от школ, чтобы понять зеленую инфраструктуру.;В отображаемом слое для проекта Проект город Артём показаны объекты типа «Травяное покрытие», расположенные в радиусе 300 м от объектов типа «Школа».;1 - слой с объектами «Травяное покрытие», 2 - слой с объектами «Школа», учитывающий буфер 300 м вокруг каждого объекта.;;898;Школа;Травяное покрытие;30;14;Школа;Травяное покрытие;300
1125;;Проект город Артём;676;Исходный;Выведи, сколько банкоматов находится внутри радиуса 50 м от кладбищ, для оценки доступности.;В отображаемом слое для проекта Проект город Артём показаны объекты типа «Банкомат», расположенные в радиусе 50 м от объектов типа «Кладбище».;1 - слой с объектами «Банкомат», 2 - слой с объектами «Кладбище», учитывающий буфер 50 м вокруг каждого объекта.;;898;Кладбище, Банкомат;;30;15;Кладбище;Банкомат;50
1126;;Проект город Артём;676;Исходный;Сравни, сколько автозаправок находится внутри радиуса 500 м от магазинов детских товаров, чтобы оценить транспортную доступность.;В отображаемом слое для проекта Проект город Артём показаны объекты типа «Автозаправка», расположенные в радиусе 500 м от объектов типа «Детские товары».;1 - слой с объектами «Автозаправка», 2 - слой с объектами «Детские товары», учитывающий буфер 500 м вокруг каждого объекта.;;898;Детские товары, Автозаправка;;30;16;Детские товары;Автозаправка;500
1127;;Проект город Артём;676;Исходный;Расчитай, сколько ветеринарных клиник находится внутри радиуса 150 м от автозаправок, для оценки доступности.;В отображаемом слое для проекта Проект город Артём показаны объекты типа «Ветеринарная клиника», расположенные в радиусе 150 м от объектов типа «Автозаправка».;1 - слой с объектами «Ветеринарная клиника», 2 - слой с объектами «Автозаправка», учитывающий буфер 150 м вокруг каждого объекта.;;898;Автозаправка, Ветеринарная клиника;;30;17;Автозаправка;Ветеринарная клиника;150
1128;;Проект город Артём;676;Исходный;Уточни, сколько почтовых отделений находится внутри радиуса 50 м от банкоматов, чтобы понять сервисную плотность.;В отображаемом слое для проекта Проект город Артём показаны объекты типа «Почтовое отделение», расположенные в радиусе 50 м от объектов типа «Банкомат».;1 - слой с объектами «Почтовое отделение», 2 - слой с объектами «Банкомат», учитывающий буфер 50 м вокруг каждого объекта.;;898;Банкомат, Почтовое отделение;;30;18;Банкомат;Почтовое отделение;50
1129;;Проект город Артём;676;Исходный;Покажи все реки, находящиеся внутри радиуса 300 м от заправочной станции.;В отображаемом слое для проекта Проект город Артём показаны объекты типа «Река», расположенные в радиусе 300 м от объектов типа «Заправочная станция».;1 - слой с объектами «Река», 2 - слой с объектами «Заправочная станция», учитывающий буфер 300 м вокруг каждого объекта.;;898;;Заправочная станция, Река;31;10;Заправочная станция;Река;300
1130;;Проект город Артём;676;Исходный;Найди парикмахерские, расположенные в пределах 150 м от магазинов одежды и обуви.;В отображаемом слое для проекта Проект город Артём показаны объекты типа «Парикмахер», расположенные в радиусе 150 м от объектов типа «Одежда и обувь».;1 - слой с объектами «Парикмахер», 2 - слой с объектами «Одежда и обувь», учитывающий буфер 150 м вокруг каждого объекта.;;898;Одежда и обувь, Парикмахер;;31;11;Одежда и обувь;Парикмахер;150
1131;;Проект город Артём;676;Исходный;Определи рестораны, находящиеся в пределах 50 м от булочной.;В отображаемом слое для проекта Проект город Артём показаны объекты типа «Ресторан», расположенные в радиусе 50 м от объектов типа «Булочная».;1 - слой с объектами «Ресторан», 2 - слой с объектами «Булочная», учитывающий буфер 50 м вокруг каждого объекта.;;898;Булочная, Ресторан;;31;12;Булочная;Ресторан;50
1132;;Проект город Артём;676;Исходный;Сколько адвокатов находятся внутри радиуса 500 м от зоомагазина?;В отображаемом слое для проекта Проект город Артём показаны объекты типа «Адвокат», расположенные в радиусе 500 м от объектов типа «Зоомагазин».;1 - слой с объектами «Адвокат», 2 - слой с объектами «Зоомагазин», учитывающий буфер 500 м вокруг каждого объекта.;;898;Зоомагазин, Адвокат;;31;13;Зоомагазин;Адвокат;500
1133;;Проект город Артём;676;Исходный;Проверь наличие спортивных залов в пределах 150 м от остановки наземного общественного транспорта.;В отображаемом слое для проекта Проект город Артём показаны объекты типа «Спортивный зал», расположенные в радиусе 150 м от объектов типа «Остановка наземного общественного транспорта».;1 - слой с объектами «Спортивный зал», 2 - слой с объектами «Остановка наземного общественного транспорта», учитывающий буфер 150 м вокруг каждого объекта.;;898;Остановка наземного общественного транспорта, Спортивный зал;;31;14;Остановка наземного общественного транспорта;Спортивный зал;150
1134;;Проект город Артём;676;Исходный;Выведи стоматологические клиники, расположенные в пределах 500 м от водного объекта.;В отображаемом слое для проекта Проект город Артём показаны объекты типа «Стоматологическая клиника», расположенные в радиусе 500 м от объектов типа «Водный объект».;1 - слой с объектами «Стоматологическая клиника», 2 - слой с объектами «Водный объект», учитывающий буфер 500 м вокруг каждого объекта.;;898;Стоматологическая клиника;Водный объект;31;15;Водный объект;Стоматологическая клиника;500
1135;;Проект город Артём;676;Исходный;Уточни, сколько гостиниц находятся внутри радиуса 200 м от библиотеки.;В отображаемом слое для проекта Проект город Артём показаны объекты типа «Гостиница», расположенные в радиусе 200 м от объектов типа «Библиотека».;1 - слой с объектами «Гостиница», 2 - слой с объектами «Библиотека», учитывающий буфер 200 м вокруг каждого объекта.;;898;Библиотека, Гостиница;;31;16;Библиотека;Гостиница;200
1136;;Проект город Артём;676;Исходный;Опиши больницы, находящиеся в пределах 50 м от спортивного зала.;В отображаемом слое для проекта Проект город Артём показаны объекты типа «Больница», расположенные в радиусе 50 м от объектов типа «Спортивный зал».;1 - слой с объектами «Больница», 2 - слой с объектами «Спортивный зал», учитывающий буфер 50 м вокруг каждого объекта.;;898;Спортивный зал, Больница;;31;17;Спортивный зал;Больница;50
1137;;Проект город Артём;676;Исходный;Сравни, сколько насосных станций водоснабжения находятся в пределах 300 м от парка.;В отображаемом слое для проекта Проект город Артём показаны объекты типа «Насосная станция водоснабжения», расположенные в радиусе 300 м от объектов типа «Парк».;1 - слой с объектами «Насосная станция водоснабжения», 2 - слой с объектами «Парк», учитывающий буфер 300 м вокруг каждого объекта.;;898;Парк;Насосная станция водоснабжения;31;18;Парк;Насосная станция водоснабжения;300
1138;;Проект город Артём;676;Исходный;Покажи школы, расположенные в пределах 200 м от кладбища.;В отображаемом слое для проекта Проект город Артём показаны объекты типа «Школа», расположенные в радиусе 200 м от объектов типа «Кладбище».;1 - слой с объектами «Школа», 2 - слой с объектами «Кладбище», учитывающий буфер 200 м вокруг каждого объекта.;;898;Кладбище, Школа;;32;10;Кладбище;Школа;200
1139;;Проект город Артём;676;Исходный;Найди насосные станции водоснабжения, находящиеся не далее чем 200 м от линии электропередачи.;В отображаемом слое для проекта Проект город Артём показаны объекты типа «Насосная станция водоснабжения», расположенные в радиусе 200 м от объектов типа «Линия электропередачи».;1 - слой с объектами «Насосная станция водоснабжения», 2 - слой с объектами «Линия электропередачи», учитывающий буфер 200 м вокруг каждого объекта.;;898;;Линия электропередачи, Насосная станция водоснабжения;32;11;Линия электропередачи;Насосная станция водоснабжения;200
1140;;Проект город Артём;676;Исходный;Определи остановки наземного общественного транспорта, которые находятся внутри 300 м от рекреационной зоны.;В отображаемом слое для проекта Проект город Артём показаны объекты типа «Остановка наземного общественного транспорта», расположенные в радиусе 300 м от объектов типа «Рекреационная зона».;1 - слой с объектами «Остановка наземного общественного транспорта», 2 - слой с объектами «Рекреационная зона», учитывающий буфер 300 м вокруг каждого объекта.;;898;Остановка наземного общественного транспорта;Рекреационная зона;32;12;Рекреационная зона;Остановка наземного общественного транспорта;300
1141;;Проект город Артём;676;Исходный;Сколько нежилых зданий находятся в пределах 300 м от железнодорожного вокзала?;В отображаемом слое для проекта Проект город Артём показаны объекты типа «Нежилое здание», расположенные в радиусе 300 м от объектов типа «Железнодорожный вокзал».;1 - слой с объектами «Нежилое здание», 2 - слой с объектами «Железнодорожный вокзал», учитывающий буфер 300 м вокруг каждого объекта.;;898;Железнодорожный вокзал;Нежилое здание;32;13;Железнодорожный вокзал;Нежилое здание;300
1142;;Проект город Артём;676;Исходный;Выведи базы отдыха, расположенные не далее чем 50 м от зоомагазина.;В отображаемом слое для проекта Проект город Артём показаны объекты типа «База отдыха», расположенные в радиусе 50 м от объектов типа «Зоомагазин».;1 - слой с объектами «База отдыха», 2 - слой с объектами «Зоомагазин», учитывающий буфер 50 м вокруг каждого объекта.;;898;Зоомагазин, База отдыха;;32;14;Зоомагазин;База отдыха;50
1143;;Проект город Артём;676;Исходный;Проверь наличие музеев в пределах 50 м от среднего специального учебного заведения.;В отображаемом слое для проекта Проект город Артём показаны объекты типа «Музей», расположенные в радиусе 50 м от объектов типа «Среднее специальное учебное заведение».;1 - слой с объектами «Музей», 2 - слой с объектами «Среднее специальное учебное заведение», учитывающий буфер 50 м вокруг каждого объекта.;;898;Среднее специальное учебное заведение, Музей;;32;15;Среднее специальное учебное заведение;Музей;50
1144;;Проект город Артём;676;Исходный;Составь список промышленных территорий, находящихся в пределах 200 м от поликлиники.;В отображаемом слое для проекта Проект город Артём показаны объекты типа «Промышленная территория», расположенные в радиусе 200 м от объектов типа «Поликлиника».;1 - слой с объектами «Промышленная территория», 2 - слой с объектами «Поликлиника», учитывающий буфер 200 м вокруг каждого объекта.;;898;Поликлиника;Промышленная территория;32;16;Поликлиника;Промышленная территория;200
1145;;Проект город Артём;676;Исходный;Сравни гостиницы, которые находятся не далее чем 200 м от нежилого здания.;В отображаемом слое для проекта Проект город Артём показаны объекты типа «Гостиница», расположенные в радиусе 200 м от объектов типа «Нежилое здание».;1 - слой с объектами «Гостиница», 2 - слой с объектами «Нежилое здание», учитывающий буфер 200 м вокруг каждого объекта.;;898;Гостиница;Нежилое здание;32;17;Нежилое здание;Гостиница;200
1146;;Проект город Артём;676;Исходный;Проанализируй хозяйственные товары, расположенные в пределах 500 м от памятника.;В отображаемом слое для проекта Проект город Артём показаны объекты типа «Хозяйственные товары», расположенные в радиусе 500 м от объектов типа «Памятник».;1 - слой с объектами «Хозяйственные товары», 2 - слой с объектами «Памятник», учитывающий буфер 500 м вокруг каждого объекта.;;898;Памятник, Хозяйственные товары;;32;18;Памятник;Хозяйственные товары;500
1147;;Проект город Артём;676;Исходный;Найди количество адвокатов, находящихся внутри радиуса 100 м от ресторана.;В отображаемом слое для проекта Проект город Артём показаны объекты типа «Адвокат», расположенные в радиусе 100 м от объектов типа «Ресторан».;1 - слой с объектами «Адвокат», 2 - слой с объектами «Ресторан», учитывающий буфер 100 м вокруг каждого объекта.;;898;Ресторан, Адвокат;;33;10;Ресторан;Адвокат;100
1148;;Проект город Артём;676;Исходный;Проверь, сколько железнодорожных вокзалов расположены в пределах 100 м от банкомата.;В отображаемом слое для проекта Проект город Артём показаны объекты типа «Железнодорожный вокзал», расположенные в радиусе 100 м от объектов типа «Банкомат».;1 - слой с объектами «Железнодорожный вокзал», 2 - слой с объектами «Банкомат», учитывающий буфер 100 м вокруг каждого объекта.;;898;Банкомат, Железнодорожный вокзал;;33;11;Банкомат;Железнодорожный вокзал;100
1149;;Проект город Артём;676;Исходный;Определи, сколько баз отдыха находятся не далее чем 200 м от полигона ТБО.;В отображаемом слое для проекта Проект город Артём показаны объекты типа «База отдыха», расположенные в радиусе 200 м от объектов типа «Полигон ТБО».;1 - слой с объектами «База отдыха», 2 - слой с объектами «Полигон ТБО», учитывающий буфер 200 м вокруг каждого объекта.;;898;База отдыха;Полигон ТБО;33;12;Полигон ТБО;База отдыха;200
1150;;Проект город Артём;676;Исходный;Сколько парковок располагаются в радиусе 200 м от среднего специального учебного заведения?;В отображаемом слое для проекта Проект город Артём показаны объекты типа «Парковка», расположенные в радиусе 200 м от объектов типа «Среднее специальное учебное заведение».;1 - слой с объектами «Парковка», 2 - слой с объектами «Среднее специальное учебное заведение», учитывающий буфер 200 м вокруг каждого объекта.;;898;Среднее специальное учебное заведение, Парковка;;33;13;Среднее специальное учебное заведение;Парковка;200
1151;;Проект город Артём;676;Исходный;Выведи количество школ, находящихся внутри 50 м от водного объекта.;В отображаемом слое для проекта Проект город Артём показаны объекты типа «Школа», расположенные в радиусе 50 м от объектов типа «Водный объект».;1 - слой с объектами «Школа», 2 - слой с объектами «Водный объект», учитывающий буфер 50 м вокруг каждого объекта.;;898;Школа;Водный объект;33;14;Водный объект;Школа;50
1152;;Проект город Артём;676;Исходный;Подсчитай, сколько лесов находятся в пределах 500 м от катка.;В отображаемом слое для проекта Проект город Артём показаны объекты типа «Лес», расположенные в радиусе 500 м от объектов типа «Каток».;1 - слой с объектами «Лес», 2 - слой с объектами «Каток», учитывающий буфер 500 м вокруг каждого объекта.;;898;Каток;Лес;33;15;Каток;Лес;500
1153;;Проект город Артём;676;Исходный;Покажи, сколько кладбищ находятся не далее чем 200 м от больницы.;В отображаемом слое для проекта Проект город Артём показаны объекты типа «Кладбище», расположенные в радиусе 200 м от объектов типа «Больница».;1 - слой с объектами «Кладбище», 2 - слой с объектами «Больница», учитывающий буфер 200 м вокруг каждого объекта.;;898;Больница, Кладбище;;33;16;Больница;Кладбище;200
1154;;Проект город Артём;676;Исходный;Проверь, сколько аптек расположены в радиусе 50 м от поликлиники.;В отображаемом слое для проекта Проект город Артём показаны объекты типа «Аптека», расположенные в радиусе 50 м от объектов типа «Поликлиника».;1 - слой с объектами «Аптека», 2 - слой с объектами «Поликлиника», учитывающий буфер 50 м вокруг каждого объекта.;;898;Поликлиника, Аптека;;33;17;Поликлиника;Аптека;50
1155;;Проект город Артём;676;Исходный;Определи, сколько поликлиник находятся внутри 50 м от катка.;В отображаемом слое для проекта Проект город Артём показаны объекты типа «Поликлиника», расположенные в радиусе 50 м от объектов типа «Каток».;1 - слой с объектами «Поликлиника», 2 - слой с объектами «Каток», учитывающий буфер 50 м вокруг каждого объекта.;;898;Каток, Поликлиника;;33;18;Каток;Поликлиника;50
1156;;Проект город Артём;676;Исходный;Покажи количество ресторанов в пределах 50 м от продуктов (магазин у дома).;В отображаемом слое для проекта Проект город Артём показаны объекты типа «Ресторан», расположенные в радиусе 50 м от объектов типа «Продукты (магазин у дома)».;1 - слой с объектами «Ресторан», 2 - слой с объектами «Продукты (магазин у дома)», учитывающий буфер 50 м вокруг каждого объекта.;;898;Продукты (магазин у дома), Ресторан;;34;10;Продукты (магазин у дома);Ресторан;50
1157;;Проект город Артём;676;Исходный;Найди, сколько баз отдыха находятся не далее 300 м от аптеки.;В отображаемом слое для проекта Проект город Артём показаны объекты типа «База отдыха», расположенные в радиусе 300 м от объектов типа «Аптека».;1 - слой с объектами «База отдыха», 2 - слой с объектами «Аптека», учитывающий буфер 300 м вокруг каждого объекта.;;898;Аптека, База отдыха;;34;11;Аптека;База отдыха;300
1158;;Проект город Артём;676;Исходный;Определи число памятников в радиусе 500 м от рекреационной зоны, чтобы оценить культурную ценность территории.;В отображаемом слое для проекта Проект город Артём показаны объекты типа «Памятник», расположенные в радиусе 500 м от объектов типа «Рекреационная зона».;1 - слой с объектами «Памятник», 2 - слой с объектами «Рекреационная зона», учитывающий буфер 500 м вокруг каждого объекта.;;898;Памятник;Рекреационная зона;34;12;Рекреационная зона;Памятник;500
1159;;Проект город Артём;676;Исходный;Считай банкоматы, расположенные внутри радиуса 100 м от железнодорожного вокзала.;В отображаемом слое для проекта Проект город Артём показаны объекты типа «Банкомат», расположенные в радиусе 100 м от объектов типа «Железнодорожный вокзал».;1 - слой с объектами «Банкомат», 2 - слой с объектами «Железнодорожный вокзал», учитывающий буфер 100 м вокруг каждого объекта.;;898;Железнодорожный вокзал, Банкомат;;34;13;Железнодорожный вокзал;Банкомат;100
1160;;Проект город Артём;676;Исходный;Проверь, сколько больниц находятся не далее 150 м от кафе, чтобы улучшить доступ к медицинским услугам.;В отображаемом слое для проекта Проект город Артём показаны объекты типа «Больница», расположенные в радиусе 150 м от объектов типа «Кафе».;1 - слой с объектами «Больница», 2 - слой с объектами «Кафе», учитывающий буфер 150 м вокруг каждого объекта.;;898;Кафе, Больница;;34;14;Кафе;Больница;150
1161;;Проект город Артём;676;Исходный;Выведи список продуктов (магазин у дома), расположенных в пределах 100 м от заправочной станции.;В отображаемом слое для проекта Проект город Артём показаны объекты типа «Продукты (магазин у дома)», расположенные в радиусе 100 м от объектов типа «Заправочная станция».;1 - слой с объектами «Продукты (магазин у дома)», 2 - слой с объектами «Заправочная станция», учитывающий буфер 100 м вокруг каждого объекта.;;898;Продукты (магазин у дома);Заправочная станция;34;15;Заправочная станция;Продукты (магазин у дома);100
1162;;Проект город Артём;676;Исходный;Подсчитай количество насосных станций водоснабжения в радиусе 300 м от нежилого здания, чтобы проверить инфраструктурную доступность.;В отображаемом слое для проекта Проект город Артём показаны объекты типа «Насосная станция водоснабжения», расположенные в радиусе 300 м от объектов типа «Нежилое здание».;1 - слой с объектами «Насосная станция водоснабжения», 2 - слой с объектами «Нежилое здание», учитывающий буфер 300 м вокруг каждого объекта.;;898;;Нежилое здание, Насосная станция водоснабжения;34;16;Нежилое здание;Насосная станция водоснабжения;300
1163;;Проект город Артём;676;Исходный;Узнай, сколько зоомагазинов находятся не далее 100 м от железнодорожного вокзала.;В отображаемом слое для проекта Проект город Артём показаны объекты типа «Зоомагазин», расположенные в радиусе 100 м от объектов типа «Железнодорожный вокзал».;1 - слой с объектами «Зоомагазин», 2 - слой с объектами «Железнодорожный вокзал», учитывающий буфер 100 м вокруг каждого объекта.;;898;Железнодорожный вокзал, Зоомагазин;;34;17;Железнодорожный вокзал;Зоомагазин;100
1164;;Проект город Артём;676;Исходный;Оцени, сколько почтовых отделений расположены в пределах 50 м от среднего специального учебного заведения, чтобы оптимизировать почтовую логистику.;В отображаемом слое для проекта Проект город Артём показаны объекты типа «Почтовое отделение», расположенные в радиусе 50 м от объектов типа «Среднее специальное учебное заведение».;1 - слой с объектами «Почтовое отделение», 2 - слой с объектами «Среднее специальное учебное заведение», учитывающий буфер 50 м вокруг каждого объекта.;;898;Среднее специальное учебное заведение, Почтовое отделение;;34;18;Среднее специальное учебное заведение;Почтовое отделение;50
1165;;Г. Уфа, Советский район;1041;Исходный;Покажи количество библиотек внутри радиуса 100 м от детских товаров, чтобы оценить доступность образовательных объектов.;В отображаемом слое для проекта Г. Уфа, Советский район показаны объекты типа «Библиотека», расположенные в радиусе 100 м от объектов типа «Детские товары».;1 - слой с объектами «Библиотека», 2 - слой с объектами «Детские товары», учитывающий буфер 100 м вокруг каждого объекта.;;1640;Детские товары, Библиотека;;35;10;Детские товары;Библиотека;100
1166;;Г. Уфа, Советский район;1041;Исходный;Найди зоомагазин в пределах 200 м от нотариальной конторы, чтобы проверить коммерческое распределение.;В отображаемом слое для проекта Г. Уфа, Советский район показаны объекты типа «Зоомагазин», расположенные в радиусе 200 м от объектов типа «Нотариальная контора».;1 - слой с объектами «Зоомагазин», 2 - слой с объектами «Нотариальная контора», учитывающий буфер 200 м вокруг каждого объекта.;;1640;Нотариальная контора, Зоомагазин;;35;11;Нотариальная контора;Зоомагазин;200
1167;;Г. Уфа, Советский район;1041;Исходный;Определи количество ресторанов не далее чем 50 м от религиозного объекта, чтобы оценить доступность питания в религиозных зонах.;В отображаемом слое для проекта Г. Уфа, Советский район показаны объекты типа «Ресторан», расположенные в радиусе 50 м от объектов типа «Религиозный объект».;1 - слой с объектами «Ресторан», 2 - слой с объектами «Религиозный объект», учитывающий буфер 50 м вокруг каждого объекта.;;1640;Религиозный объект, Ресторан;;35;12;Религиозный объект;Ресторан;50
1168;;Г. Уфа, Советский район;1041;Исходный;Сколько нотариальных контор находятся внутри радиуса 100 м от электростанции, чтобы проанализировать юридическую инфраструктуру.;В отображаемом слое для проекта Г. Уфа, Советский район показаны объекты типа «Нотариальная контора», расположенные в радиусе 100 м от объектов типа «Электростанция».;1 - слой с объектами «Нотариальная контора», 2 - слой с объектами «Электростанция», учитывающий буфер 100 м вокруг каждого объекта.;;1640;Нотариальная контора;Электростанция;35;13;Электростанция;Нотариальная контора;100
1169;;Г. Уфа, Советский район;1041;Исходный;Проверь наличие библиотек в пределах 50 м от почтового отделения, чтобы оценить доступность информации.;В отображаемом слое для проекта Г. Уфа, Советский район показаны объекты типа «Библиотека», расположенные в радиусе 50 м от объектов типа «Почтовое отделение».;1 - слой с объектами «Библиотека», 2 - слой с объектами «Почтовое отделение», учитывающий буфер 50 м вокруг каждого объекта.;;1640;Почтовое отделение, Библиотека;;35;14;Почтовое отделение;Библиотека;50
1170;;Г. Уфа, Советский район;1041;Исходный;Выведи магазины продуктов (магазин у дома) в пределах 200 м от промышленной территории, чтобы изучить продовольственную доступность.;В отображаемом слое для проекта Г. Уфа, Советский район показаны объекты типа «Продукты (магазин у дома)», расположенные в радиусе 200 м от объектов типа «Промышленная территория».;1 - слой с объектами «Продукты (магазин у дома)», 2 - слой с объектами «Промышленная территория», учитывающий буфер 200 м вокруг каждого объекта.;;1640;Продукты (магазин у дома);Промышленная территория;35;15;Промышленная территория;Продукты (магазин у дома);200
1171;;Г. Уфа, Советский район;1041;Исходный;Исследуй количество спортивных залов в пределах 150 м от бара/паба, чтобы понять влияние ночной жизни на спорт.;В отображаемом слое для проекта Г. Уфа, Советский район показаны объекты типа «Спортивный зал», расположенные в радиусе 150 м от объектов типа «Бар/Паб».;1 - слой с объектами «Спортивный зал», 2 - слой с объектами «Бар/Паб», учитывающий буфер 150 м вокруг каждого объекта.;;1640;Бар/Паб, Спортивный зал;;35;16;Бар/Паб;Спортивный зал;150
1172;;Г. Уфа, Советский район;1041;Исходный;Опиши детские товары внутри радиуса 150 м от полицейского участка, чтобы оценить безопасность детских зон.;В отображаемом слое для проекта Г. Уфа, Советский район показаны объекты типа «Детские товары», расположенные в радиусе 150 м от объектов типа «Полицейский участок».;1 - слой с объектами «Детские товары», 2 - слой с объектами «Полицейский участок», учитывающий буфер 150 м вокруг каждого объекта.;;1640;Полицейский участок, Детские товары;;35;17;Полицейский участок;Детские товары;150
1173;;Г. Уфа, Советский район;1041;Исходный;Сравни количество аптек не далее чем 100 м от зоопарка, чтобы понять доступность медицинских услуг рядом с живыми объектами.;В отображаемом слое для проекта Г. Уфа, Советский район показаны объекты типа «Аптека», расположенные в радиусе 100 м от объектов типа «Зоопарк ».;1 - слой с объектами «Аптека», 2 - слой с объектами «Зоопарк », учитывающий буфер 100 м вокруг каждого объекта.;;1640;Зоопарк , Аптека;;35;18;Зоопарк ;Аптека;100
1174;;Г. Уфа, Советский район;1041;Исходный;Покажи спортивные залы, находящиеся внутри радиуса 300 м от парковки.;В отображаемом слое для проекта Г. Уфа, Советский район показаны объекты типа «Спортивный зал», расположенные в радиусе 300 м от объектов типа «Парковка».;1 - слой с объектами «Спортивный зал», 2 - слой с объектами «Парковка», учитывающий буфер 300 м вокруг каждого объекта.;;1640;Парковка, Спортивный зал;;36;9;Парковка;Спортивный зал;300
1175;;Г. Уфа, Советский район;1041;Исходный;Найди продукты магазинов у дома, расположенных в пределах 150 м от зоопарка.;В отображаемом слое для проекта Г. Уфа, Советский район показаны объекты типа «Продукты (магазин у дома)», расположенные в радиусе 150 м от объектов типа «Зоопарк ».;1 - слой с объектами «Продукты (магазин у дома)», 2 - слой с объектами «Зоопарк », учитывающий буфер 150 м вокруг каждого объекта.;;1640;Зоопарк , Продукты (магазин у дома);;36;10;Зоопарк ;Продукты (магазин у дома);150
1176;;Г. Уфа, Советский район;1041;Исходный;Определи кинотеатры, которые находятся в пределах 200 м от детской площадки.;В отображаемом слое для проекта Г. Уфа, Советский район показаны объекты типа «Кинотеатр», расположенные в радиусе 200 м от объектов типа «Детская площадка».;1 - слой с объектами «Кинотеатр», 2 - слой с объектами «Детская площадка», учитывающий буфер 200 м вокруг каждого объекта.;;1640;Детская площадка, Кинотеатр;;36;11;Детская площадка;Кинотеатр;200
1177;;Г. Уфа, Советский район;1041;Исходный;Сколько спортивных магазинов находится внутри 500 м от гостиницы?;В отображаемом слое для проекта Г. Уфа, Советский район показаны объекты типа «Спортивный магазин», расположенные в радиусе 500 м от объектов типа «Гостиница».;1 - слой с объектами «Спортивный магазин», 2 - слой с объектами «Гостиница», учитывающий буфер 500 м вокруг каждого объекта.;;1640;Гостиница, Спортивный магазин;;36;12;Гостиница;Спортивный магазин;500
1178;;Г. Уфа, Советский район;1041;Исходный;Проверь железнодорожные станции, расположенные в пределах 300 м от детской площадки.;В отображаемом слое для проекта Г. Уфа, Советский район показаны объекты типа «Железнодорожная станция», расположенные в радиусе 300 м от объектов типа «Детская площадка».;1 - слой с объектами «Железнодорожная станция», 2 - слой с объектами «Детская площадка», учитывающий буфер 300 м вокруг каждого объекта.;;1640;Детская площадка, Железнодорожная станция;;36;13;Детская площадка;Железнодорожная станция;300
1179;;Г. Уфа, Советский район;1041;Исходный;Выведи полицейские участки, находящиеся не далее 300 м от банкомата.;В отображаемом слое для проекта Г. Уфа, Советский район показаны объекты типа «Полицейский участок», расположенные в радиусе 300 м от объектов типа «Банкомат».;1 - слой с объектами «Полицейский участок», 2 - слой с объектами «Банкомат», учитывающий буфер 300 м вокруг каждого объекта.;;1640;Банкомат, Полицейский участок;;36;14;Банкомат;Полицейский участок;300
1180;;Г. Уфа, Советский район;1041;Исходный;Определи зоомагазины, которые находятся в пределах 300 м от адвоката.;В отображаемом слое для проекта Г. Уфа, Советский район показаны объекты типа «Зоомагазин», расположенные в радиусе 300 м от объектов типа «Адвокат».;1 - слой с объектами «Зоомагазин», 2 - слой с объектами «Адвокат», учитывающий буфер 300 м вокруг каждого объекта.;;1640;Адвокат, Зоомагазин;;36;15;Адвокат;Зоомагазин;300
1181;;Г. Уфа, Советский район;1041;Исходный;Найди банкоматы, расположенные в пределах 50 м от спортивного зала.;В отображаемом слое для проекта Г. Уфа, Советский район показаны объекты типа «Банкомат», расположенные в радиусе 50 м от объектов типа «Спортивный зал».;1 - слой с объектами «Банкомат», 2 - слой с объектами «Спортивный зал», учитывающий буфер 50 м вокруг каждого объекта.;;1640;Спортивный зал, Банкомат;;36;16;Спортивный зал;Банкомат;50
1182;;Г. Уфа, Советский район;1041;Исходный;Покажи полицейские участки, которые находятся в пределах 200 м от зеленой зоны.;В отображаемом слое для проекта Г. Уфа, Советский район показаны объекты типа «Полицейский участок», расположенные в радиусе 200 м от объектов типа «Зеленая зона».;1 - слой с объектами «Полицейский участок», 2 - слой с объектами «Зеленая зона», учитывающий буфер 200 м вокруг каждого объекта.;;1640;Полицейский участок;Зеленая зона;36;17;Зеленая зона;Полицейский участок;200
1183;;Г. Уфа, Советский район;1041;Исходный;Сколько ветеринарных клиник находится в пределах 50 м от гостиницы?;В отображаемом слое для проекта Г. Уфа, Советский район показаны объекты типа «Ветеринарная клиника», расположенные в радиусе 50 м от объектов типа «Гостиница».;1 - слой с объектами «Ветеринарная клиника», 2 - слой с объектами «Гостиница», учитывающий буфер 50 м вокруг каждого объекта.;;1640;Гостиница, Ветеринарная клиника;;36;18;Гостиница;Ветеринарная клиника;50
1184;;Г. Уфа, Советский район;1041;Исходный;Проверь, сколько железнодорожных станций находятся внутри радиуса 300 м от поликлиники, чтобы оценить транспортную доступность.;В отображаемом слое для проекта Г. Уфа, Советский район показаны объекты типа «Железнодорожная станция», расположенные в радиусе 300 м от объектов типа «Поликлиника».;1 - слой с объектами «Железнодорожная станция», 2 - слой с объектами «Поликлиника», учитывающий буфер 300 м вокруг каждого объекта.;;1640;Поликлиника, Железнодорожная станция;;37;10;Поликлиника;Железнодорожная станция;300
1185;;Г. Уфа, Советский район;1041;Исходный;Найди остановки наземного транспорта, которые находятся в пределах 100 м от озера, чтобы понять удобство передвижения.;В отображаемом слое для проекта Г. Уфа, Советский район показаны объекты типа «Остановка наземного транспорта», расположенные в радиусе 100 м от объектов типа «Озеро».;1 - слой с объектами «Остановка наземного транспорта», 2 - слой с объектами «Озеро», учитывающий буфер 100 м вокруг каждого объекта.;;1640;;Озеро, Остановка наземного транспорта;37;11;Озеро;Остановка наземного транспорта;100
1186;;Г. Уфа, Советский район;1041;Исходный;Определи, сколько кинотеатров расположены не далее чем 100 м от спортивного магазина, чтобы оценить развлекательный потенциал района.;В отображаемом слое для проекта Г. Уфа, Советский район показаны объекты типа «Кинотеатр», расположенные в радиусе 100 м от объектов типа «Спортивный магазин».;1 - слой с объектами «Кинотеатр», 2 - слой с объектами «Спортивный магазин», учитывающий буфер 100 м вокруг каждого объекта.;;1640;Спортивный магазин, Кинотеатр;;37;12;Спортивный магазин;Кинотеатр;100
1187;;Г. Уфа, Советский район;1041;Исходный;Выведи список водных объектов, которые находятся внутри радиуса 100 м от спортивного зала, чтобы проверить наличие рекреационных зон.;В отображаемом слое для проекта Г. Уфа, Советский район показаны объекты типа «Водный объект», расположенные в радиусе 100 м от объектов типа «Спортивный зал».;1 - слой с объектами «Водный объект», 2 - слой с объектами «Спортивный зал», учитывающий буфер 100 м вокруг каждого объекта.;;1640;Спортивный зал;Водный объект;37;13;Спортивный зал;Водный объект;100
1188;;Г. Уфа, Советский район;1041;Исходный;Подсчитай, сколько Остановок наземного транспорта находится в пределах 100 м от Библиотеки, чтобы обеспечить удобство доступа.;В отображаемом слое для проекта Г. Уфа, Советский район показаны объекты типа «Остановка наземного транспорта», расположенные в радиусе 100 м от объектов типа «Библиотека».;1 - слой с объектами «Остановка наземного транспорта», 2 - слой с объектами «Библиотека», учитывающий буфер 100 м вокруг каждого объекта.;;1640;Библиотека;Остановка наземного транспорта;37;14;Библиотека;Остановка наземного транспорта;100
1189;;Г. Уфа, Советский район;1041;Исходный;Покажи, сколько спортивных площадок находятся внутри радиуса 50 м от железнодорожной станции, чтобы проверить инфраструктурный баланс.;В отображаемом слое для проекта Г. Уфа, Советский район показаны объекты типа «Спортивная площадка», расположенные в радиусе 50 м от объектов типа «Железнодорожная станция».;1 - слой с объектами «Спортивная площадка», 2 - слой с объектами «Железнодорожная станция», учитывающий буфер 50 м вокруг каждого объекта.;;1640;Железнодорожная станция, Спортивная площадка;;37;15;Железнодорожная станция;Спортивная площадка;50
1190;;Г. Уфа, Советский район;1041;Исходный;Исследуй все Заправочные станции, расположенные в пределах 100 м от Детской площадки, для обеспечения безопасности.;В отображаемом слое для проекта Г. Уфа, Советский район показаны объекты типа «Заправочная станция», расположенные в радиусе 100 м от объектов типа «Детская площадка».;1 - слой с объектами «Заправочная станция», 2 - слой с объектами «Детская площадка», учитывающий буфер 100 м вокруг каждого объекта.;;1640;Детская площадка;Заправочная станция;37;16;Детская площадка;Заправочная станция;100
1191;;Г. Уфа, Советский район;1041;Исходный;Найди электростанции, находящиеся в пределах 200 м от кафе, чтобы проверить наличие энергетической инфраструктуры.;В отображаемом слое для проекта Г. Уфа, Советский район показаны объекты типа «Электростанция», расположенные в радиусе 200 м от объектов типа «Кафе».;1 - слой с объектами «Электростанция», 2 - слой с объектами «Кафе», учитывающий буфер 200 м вокруг каждого объекта.;;1640;Кафе;Электростанция;37;17;Кафе;Электростанция;200
1192;;Г. Уфа, Советский район;1041;Исходный;Проверь, сколько гостиниц находятся внутри радиуса 150 м от хозяйственных товаров, чтобы оценить туристическую привлекательность.;В отображаемом слое для проекта Г. Уфа, Советский район показаны объекты типа «Гостиница», расположенные в радиусе 150 м от объектов типа «Хозяйственные товары».;1 - слой с объектами «Гостиница», 2 - слой с объектами «Хозяйственные товары», учитывающий буфер 150 м вокруг каждого объекта.;;1640;Хозяйственные товары, Гостиница;;37;18;Хозяйственные товары;Гостиница;150
1193;;Г. Уфа, Советский район;1041;Исходный;Покажи количество площадок, находящихся внутри радиуса 50 м от водного объекта, чтобы оценить доступность игровых площадок.;В отображаемом слое для проекта Г. Уфа, Советский район показаны объекты типа «Площадка», расположенные в радиусе 50 м от объектов типа «Водный объект».;1 - слой с объектами «Площадка», 2 - слой с объектами «Водный объект», учитывающий буфер 50 м вокруг каждого объекта.;;1640;;Водный объект, Площадка;38;10;Водный объект;Площадка;50
1194;;Г. Уфа, Советский район;1041;Исходный;Найди бары/пабы, находящиеся в пределах радиуса 50 м от парикмахера, чтобы оценить конкуренцию в районе.;В отображаемом слое для проекта Г. Уфа, Советский район показаны объекты типа «Бар/Паб», расположенные в радиусе 50 м от объектов типа «Парикмахер».;1 - слой с объектами «Бар/Паб», 2 - слой с объектами «Парикмахер», учитывающий буфер 50 м вокруг каждого объекта.;;1640;Парикмахер, Бар/Паб;;38;11;Парикмахер;Бар/Паб;50
1195;;Г. Уфа, Советский район;1041;Исходный;Определи количество поликлиник, находящихся не далее чем в 300 м от религиозного объекта, для анализа доступа к медицинской помощи.;В отображаемом слое для проекта Г. Уфа, Советский район показаны объекты типа «Поликлиника», расположенные в радиусе 300 м от объектов типа «Религиозный объект».;1 - слой с объектами «Поликлиника», 2 - слой с объектами «Религиозный объект», учитывающий буфер 300 м вокруг каждого объекта.;;1640;Религиозный объект, Поликлиника;;38;12;Религиозный объект;Поликлиника;300
1196;;Г. Уфа, Советский район;1041;Исходный;Выведи супермаркеты, находящиеся внутри радиуса 50 м от ресторана, чтобы оценить коммерческий поток.;В отображаемом слое для проекта Г. Уфа, Советский район показаны объекты типа «Супермаркет», расположенные в радиусе 50 м от объектов типа «Ресторан».;1 - слой с объектами «Супермаркет», 2 - слой с объектами «Ресторан», учитывающий буфер 50 м вокруг каждого объекта.;;1640;Ресторан, Супермаркет;;38;13;Ресторан;Супермаркет;50
1197;;Г. Уфа, Советский район;1041;Исходный;Проверь спортивные залы, находящиеся в пределах радиуса 500 м от ветеринарной клиники, чтобы понять влияние клиники на активность.;В отображаемом слое для проекта Г. Уфа, Советский район показаны объекты типа «Спортивный зал», расположенные в радиусе 500 м от объектов типа «Ветеринарная клиника».;1 - слой с объектами «Спортивный зал», 2 - слой с объектами «Ветеринарная клиника», учитывающий буфер 500 м вокруг каждого объекта.;;1640;Ветеринарная клиника, Спортивный зал;;38;14;Ветеринарная клиника;Спортивный зал;500
1198;;Г. Уфа, Советский район;1041;Исходный;Сколько водных объектов находятся внутри радиуса 500 м от остановки наземного общественного транспорта, чтобы оценить транспортно‑водные связи.;В отображаемом слое для проекта Г. Уфа, Советский район показаны объекты типа «Водный объект», расположенные в радиусе 500 м от объектов типа «Остановка наземного общественного транспорта».;1 - слой с объектами «Водный объект», 2 - слой с объектами «Остановка наземного общественного транспорта», учитывающий буфер 500 м вокруг каждого объекта.;;1640;Остановка наземного общественного транспорта;Водный объект;38;15;Остановка наземного общественного транспорта;Водный объект;500
1199;;Г. Уфа, Советский район;1041;Исходный;Выведи столовые, находящиеся не далее чем в 100 м от салона красоты, чтобы проанализировать перекрестный поток клиентов.;В отображаемом слое для проекта Г. Уфа, Советский район показаны объекты типа «Столовая», расположенные в радиусе 100 м от объектов типа «Салон красоты».;1 - слой с объектами «Столовая», 2 - слой с объектами «Салон красоты», учитывающий буфер 100 м вокруг каждого объекта.;;1640;Салон красоты, Столовая;;38;16;Салон красоты;Столовая;100
1200;;Г. Уфа, Советский район;1041;Исходный;Покажи зоопарки, находящиеся внутри радиуса 300 м от памятника, чтобы оценить влияние исторических объектов на туризм.;В отображаемом слое для проекта Г. Уфа, Советский район показаны объекты типа «Зоопарк », расположенные в радиусе 300 м от объектов типа «Памятник».;1 - слой с объектами «Зоопарк », 2 - слой с объектами «Памятник», учитывающий буфер 300 м вокруг каждого объекта.;;1640;Памятник, Зоопарк ;;38;17;Памятник;Зоопарк ;300
1201;;Г. Уфа, Советский район;1041;Исходный;Определи количество жилых домов, находящихся в пределах радиуса 200 м от озера, чтобы понять влияние озерной среды на жилую застройку.;В отображаемом слое для проекта Г. Уфа, Советский район показаны объекты типа «Жилой дом», расположенные в радиусе 200 м от объектов типа «Озеро».;1 - слой с объектами «Жилой дом», 2 - слой с объектами «Озеро», учитывающий буфер 200 м вокруг каждого объекта.;;1640;;Озеро, Жилой дом;38;18;Озеро;Жилой дом;200
1202;;Г. Уфа, Советский район;1041;Исходный;Покажи автозаправки внутри радиуса 100 м от промышленных территорий, чтобы оценить транспортную доступность.;В отображаемом слое для проекта Г. Уфа, Советский район показаны объекты типа «Автозаправка», расположенные в радиусе 100 м от объектов типа «Промышленная территория».;1 - слой с объектами «Автозаправка», 2 - слой с объектами «Промышленная территория», учитывающий буфер 100 м вокруг каждого объекта.;;1640;Автозаправка;Промышленная территория;39;10;Промышленная территория;Автозаправка;100
1203;;Г. Уфа, Советский район;1041;Исходный;Найди травяные покрытия внутри радиуса 300 м от хозяйственных товаров, чтобы определить зелёные зоны.;В отображаемом слое для проекта Г. Уфа, Советский район показаны объекты типа «Травяное покрытие», расположенные в радиусе 300 м от объектов типа «Хозяйственные товары».;1 - слой с объектами «Травяное покрытие», 2 - слой с объектами «Хозяйственные товары», учитывающий буфер 300 м вокруг каждого объекта.;;1640;Хозяйственные товары;Травяное покрытие;39;11;Хозяйственные товары;Травяное покрытие;300
1204;;Г. Уфа, Советский район;1041;Исходный;Определи количество железнодорожных станций внутри радиуса 50 м от стоматологических клиник для анализа транспортной доступности.;В отображаемом слое для проекта Г. Уфа, Советский район показаны объекты типа «Железнодорожная станция», расположенные в радиусе 50 м от объектов типа «Стоматологическая клиника».;1 - слой с объектами «Железнодорожная станция», 2 - слой с объектами «Стоматологическая клиника», учитывающий буфер 50 м вокруг каждого объекта.;;1640;Стоматологическая клиника, Железнодорожная станция;;39;12;Стоматологическая клиника;Железнодорожная станция;50
1205;;Г. Уфа, Советский район;1041;Исходный;Сколько площадок находится внутри радиуса 300 м от банкоматов, чтобы оценить коммерческую плотность.;В отображаемом слое для проекта Г. Уфа, Советский район показаны объекты типа «Площадка», расположенные в радиусе 300 м от объектов типа «Банкомат».;1 - слой с объектами «Площадка», 2 - слой с объектами «Банкомат», учитывающий буфер 300 м вокруг каждого объекта.;;1640;Банкомат;Площадка;39;13;Банкомат;Площадка;300
1206;;Г. Уфа, Советский район;1041;Исходный;Оцените, находятся ли школы внутри радиуса 500 м от линий электропередачи, чтобы учесть инфраструктурные риски.;В отображаемом слое для проекта Г. Уфа, Советский район показаны объекты типа «Школа», расположенные в радиусе 500 м от объектов типа «Линия электропередачи».;1 - слой с объектами «Школа», 2 - слой с объектами «Линия электропередачи», учитывающий буфер 500 м вокруг каждого объекта.;;1640;Школа;Линия электропередачи;39;14;Линия электропередачи;Школа;500
1207;;Г. Уфа, Советский район;1041;Исходный;Выведи стоматологические клиники внутри радиуса 50 м от парикмахеров, чтобы определить зоны услуг.;В отображаемом слое для проекта Г. Уфа, Советский район показаны объекты типа «Стоматологическая клиника», расположенные в радиусе 50 м от объектов типа «Парикмахер».;1 - слой с объектами «Стоматологическая клиника», 2 - слой с объектами «Парикмахер», учитывающий буфер 50 м вокруг каждого объекта.;;1640;Парикмахер, Стоматологическая клиника;;39;15;Парикмахер;Стоматологическая клиника;50
1208;;Г. Уфа, Советский район;1041;Исходный;Отобрази кафе внутри радиуса 100 м от продуктовых магазинов у дома, чтобы оценить микроскопическую инфраструктуру.;В отображаемом слое для проекта Г. Уфа, Советский район показаны объекты типа «Кафе», расположенные в радиусе 100 м от объектов типа «Продукты (магазин у дома)».;1 - слой с объектами «Кафе», 2 - слой с объектами «Продукты (магазин у дома)», учитывающий буфер 100 м вокруг каждого объекта.;;1640;Продукты (магазин у дома), Кафе;;39;16;Продукты (магазин у дома);Кафе;100
1209;;Г. Уфа, Советский район;1041;Исходный;Укажи остановки наземного общественного транспорта внутри радиуса 150 м от библиотек, чтобы проверить транспортную доступность.;В отображаемом слое для проекта Г. Уфа, Советский район показаны объекты типа «Остановка наземного общественного транспорта», расположенные в радиусе 150 м от объектов типа «Библиотека».;1 - слой с объектами «Остановка наземного общественного транспорта», 2 - слой с объектами «Библиотека», учитывающий буфер 150 м вокруг каждого объекта.;;1640;Библиотека, Остановка наземного общественного транспорта;;39;17;Библиотека;Остановка наземного общественного транспорта;150
1210;;Г. Уфа, Советский район;1041;Исходный;Проверь, находятся ли продуктовые магазины у дома внутри радиуса 50 м от спортивных магазинов, чтобы анализировать перекрестные зоны.;В отображаемом слое для проекта Г. Уфа, Советский район показаны объекты типа «Продукты (магазин у дома)», расположенные в радиусе 50 м от объектов типа «Спортивный магазин».;1 - слой с объектами «Продукты (магазин у дома)», 2 - слой с объектами «Спортивный магазин», учитывающий буфер 50 м вокруг каждого объекта.;;1640;Спортивный магазин, Продукты (магазин у дома);;39;18;Спортивный магазин;Продукты (магазин у дома);50
1211;;Гатчина (показ);938;Исходный;Определи количество бытовой техники в пределах 50 м от Среднего специального учебного заведения, чтобы оценить доступность бытовых услуг для студентов.;В отображаемом слое для проекта Гатчина (показ) показаны объекты типа «Бытовая техника», расположенные в радиусе 50 м от объектов типа «Среднее специальное учебное заведение».;1 - слой с объектами «Бытовая техника», 2 - слой с объектами «Среднее специальное учебное заведение», учитывающий буфер 50 м вокруг каждого объекта.;;1429;Среднее специальное учебное заведение, Бытовая техника;;40;10;Среднее специальное учебное заведение;Бытовая техника;50
1212;;Гатчина (показ);938;Исходный;Выведи список баров и пабов не далее чем 50 м от озера, чтобы оценить зоны отдыха рядом с водным объектом.;В отображаемом слое для проекта Гатчина (показ) показаны объекты типа «Бар/Паб», расположенные в радиусе 50 м от объектов типа «Озеро».;1 - слой с объектами «Бар/Паб», 2 - слой с объектами «Озеро», учитывающий буфер 50 м вокруг каждого объекта.;;1429;Бар/Паб;Озеро;40;11;Озеро;Бар/Паб;50
1213;;Гатчина (показ);938;Исходный;Найди хостелы внутри 300 м от ветеринарной клиники, чтобы понять доступность ночлега для владельцев животных.;В отображаемом слое для проекта Гатчина (показ) показаны объекты типа «Хостел», расположенные в радиусе 300 м от объектов типа «Ветеринарная клиника».;1 - слой с объектами «Хостел», 2 - слой с объектами «Ветеринарная клиника», учитывающий буфер 300 м вокруг каждого объекта.;;1429;Ветеринарная клиника, Хостел;;40;12;Ветеринарная клиника;Хостел;300
1214;;Гатчина (показ);938;Исходный;Проверь наличие автозаправок в радиусе 50 м от магазинов одежды и обуви, чтобы оценить транспортную доступность.;В отображаемом слое для проекта Гатчина (показ) показаны объекты типа «Автозаправка», расположенные в радиусе 50 м от объектов типа «Одежда и обувь».;1 - слой с объектами «Автозаправка», 2 - слой с объектами «Одежда и обувь», учитывающий буфер 50 м вокруг каждого объекта.;;1429;Одежда и обувь, Автозаправка;;40;13;Одежда и обувь;Автозаправка;50
1215;;Гатчина (показ);938;Исходный;Проверь наличие стадионов, находящихся внутри радиуса 300 м от бар/паба, чтобы убедиться в спортивной доступности.;В отображаемом слое для проекта Гатчина (показ) показаны объекты типа «Стадион», расположенные в радиусе 300 м от объектов типа «Бар/Паб».;1 - слой с объектами «Стадион», 2 - слой с объектами «Бар/Паб», учитывающий буфер 300 м вокруг каждого объекта.;;1429;Бар/Паб, Стадион;;40;14;Бар/Паб;Стадион;300
1216;;Гатчина (показ);938;Исходный;Покажи объекты детских товаров в пределах 500 м от баров и пабов, чтобы изучить доступность семейных сервисов.;В отображаемом слое для проекта Гатчина (показ) показаны объекты типа «Детские товары», расположенные в радиусе 500 м от объектов типа «Бар/Паб».;1 - слой с объектами «Детские товары», 2 - слой с объектами «Бар/Паб», учитывающий буфер 500 м вокруг каждого объекта.;;1429;Бар/Паб, Детские товары;;40;15;Бар/Паб;Детские товары;500
1217;;Гатчина (показ);938;Исходный;Определи аптеки, находящиеся в радиусе 500 м от объекта теплоснабжения, для оценки доступности медицинских услуг в районе тепла.;В отображаемом слое для проекта Гатчина (показ) показаны объекты типа «Аптека», расположенные в радиусе 500 м от объектов типа «Объект теплоснабжения».;1 - слой с объектами «Аптека», 2 - слой с объектами «Объект теплоснабжения», учитывающий буфер 500 м вокруг каждого объекта.;;1429;Аптека;Объект теплоснабжения;40;16;Объект теплоснабжения;Аптека;500
1218;;Гатчина (показ);938;Исходный;Найди рекреационные зоны, не далее чем 200 м от зоомагазина, чтобы оценить зоны отдыха для владельцев животных.;В отображаемом слое для проекта Гатчина (показ) показаны объекты типа «Рекреационная зона», расположенные в радиусе 200 м от объектов типа «Зоомагазин».;1 - слой с объектами «Рекреационная зона», 2 - слой с объектами «Зоомагазин», учитывающий буфер 200 м вокруг каждого объекта.;;1429;Зоомагазин;Рекреационная зона;40;17;Зоомагазин;Рекреационная зона;200
1219;;Гатчина (показ);938;Исходный;Проверь наличие водных объектов в пределах 200 м от парикмахера, чтобы определить влияние воды на район красоты.;В отображаемом слое для проекта Гатчина (показ) показаны объекты типа «Водный объект», расположенные в радиусе 200 м от объектов типа «Парикмахер».;1 - слой с объектами «Водный объект», 2 - слой с объектами «Парикмахер», учитывающий буфер 200 м вокруг каждого объекта.;;1429;Парикмахер;Водный объект;40;18;Парикмахер;Водный объект;200
1220;;Гатчина (показ);938;Исходный;Покажи театры, расположенные внутри радиуса 500 м от поликлиники, чтобы оценить культурный сервис.;В отображаемом слое для проекта Гатчина (показ) показаны объекты типа «Театр», расположенные в радиусе 500 м от объектов типа «Поликлиника».;1 - слой с объектами «Театр», 2 - слой с объектами «Поликлиника», учитывающий буфер 500 м вокруг каждого объекта.;;1429;Поликлиника, Театр;;41;10;Поликлиника;Театр;500
1221;;Гатчина (показ);938;Исходный;Найди электрические подстанции, которые находятся в пределах 100 м от полицейского участка, для оценки инфраструктуры.;В отображаемом слое для проекта Гатчина (показ) показаны объекты типа «Электрическая подстанция», расположенные в радиусе 100 м от объектов типа «Полицейский участок».;1 - слой с объектами «Электрическая подстанция», 2 - слой с объектами «Полицейский участок», учитывающий буфер 100 м вокруг каждого объекта.;;1429;Полицейский участок;Электрическая подстанция;41;11;Полицейский участок;Электрическая подстанция;100
1222;;Гатчина (показ);938;Исходный;Определи железнодорожные станции, расположенные не далее чем 150 м от распределительного трубопровода для транспортировки газа, чтобы учесть транспортную доступность.;В отображаемом слое для проекта Гатчина (показ) показаны объекты типа «Железнодорожная станция», расположенные в радиусе 150 м от объектов типа «Распределительный трубопровод для транспортировки газа».;1 - слой с объектами «Железнодорожная станция», 2 - слой с объектами «Распределительный трубопровод для транспортировки газа», учитывающий буфер 150 м вокруг каждого объекта.;;1429;Железнодорожная станция;Распределительный трубопровод для транспортировки газа;41;12;Распределительный трубопровод для транспортировки газа;Железнодорожная станция;150
1223;;Гатчина (показ);938;Исходный;Считай точки продажи одежды и обуви, которые находятся внутри радиуса 100 м от банкомата, для анализа коммерческого потенциала.;В отображаемом слое для проекта Гатчина (показ) показаны объекты типа «Одежда и обувь», расположенные в радиусе 100 м от объектов типа «Банкомат».;1 - слой с объектами «Одежда и обувь», 2 - слой с объектами «Банкомат», учитывающий буфер 100 м вокруг каждого объекта.;;1429;Банкомат, Одежда и обувь;;41;13;Банкомат;Одежда и обувь;100
1224;;Гатчина (показ);938;Исходный;Проверь наличие объектов теплоснабжения, расположенных в пределах 500 м от скейт-парка, чтобы оценить комфорт.;В отображаемом слое для проекта Гатчина (показ) показаны объекты типа «Объект теплоснабжения», расположенные в радиусе 500 м от объектов типа «Скейт-парк».;1 - слой с объектами «Объект теплоснабжения», 2 - слой с объектами «Скейт-парк», учитывающий буфер 500 м вокруг каждого объекта.;;1429;Скейт-парк;Объект теплоснабжения;41;14;Скейт-парк;Объект теплоснабжения;500
1225;;Гатчина (показ);938;Исходный;Выведи гостиницы, расположенные не далее чем 100 м от ресторана, для планирования туристической инфраструктуры.;В отображаемом слое для проекта Гатчина (показ) показаны объекты типа «Гостиница», расположенные в радиусе 100 м от объектов типа «Ресторан».;1 - слой с объектами «Гостиница», 2 - слой с объектами «Ресторан», учитывающий буфер 100 м вокруг каждого объекта.;;1429;Ресторан, Гостиница;;41;15;Ресторан;Гостиница;100
1226;;Гатчина (показ);938;Исходный;Составь список сетей электросвязи, которые находятся внутри радиуса 300 м от остановки наземного транспорта, для оценки связи.;В отображаемом слое для проекта Гатчина (показ) показаны объекты типа «Сеть электросвязи», расположенные в радиусе 300 м от объектов типа «Остановка наземного транспорта».;1 - слой с объектами «Сеть электросвязи», 2 - слой с объектами «Остановка наземного транспорта», учитывающий буфер 300 м вокруг каждого объекта.;;1429;;Остановка наземного транспорта, Сеть электросвязи;41;16;Остановка наземного транспорта;Сеть электросвязи;300
1227;;Гатчина (показ);938;Исходный;Определи парикмахерские, расположенные в пределах 500 м от площадки, чтобы оценить услуги для спортсменов.;В отображаемом слое для проекта Гатчина (показ) показаны объекты типа «Парикмахер», расположенные в радиусе 500 м от объектов типа «Площадка».;1 - слой с объектами «Парикмахер», 2 - слой с объектами «Площадка», учитывающий буфер 500 м вокруг каждого объекта.;;1429;Парикмахер;Площадка;41;17;Площадка;Парикмахер;500
1228;;Гатчина (показ);938;Исходный;Покажи детские площадки, расположенные не далее чем 100 м от супермаркета, для оценки семейного комфорта.;В отображаемом слое для проекта Гатчина (показ) показаны объекты типа «Детская площадка», расположенные в радиусе 100 м от объектов типа «Супермаркет».;1 - слой с объектами «Детская площадка», 2 - слой с объектами «Супермаркет», учитывающий буфер 100 м вокруг каждого объекта.;;1429;Супермаркет, Детская площадка;;41;18;Супермаркет;Детская площадка;100
1229;;Гатчина (показ);938;Исходный;Определи станции скорой медицинской помощи внутри радиуса 500 м от больницы, чтобы оценить покрытие.;В отображаемом слое для проекта Гатчина (показ) показаны объекты типа «Станция скорой медицинской помощи», расположенные в радиусе 500 м от объектов типа «Больница».;1 - слой с объектами «Станция скорой медицинской помощи», 2 - слой с объектами «Больница», учитывающий буфер 500 м вокруг каждого объекта.;;1429;Больница, Станция скорой медицинской помощи;;42;10;Больница;Станция скорой медицинской помощи;500
1230;;Гатчина (показ);938;Исходный;Найди театры, расположенные не далее чем 300 м от сети теплоснабжения.;В отображаемом слое для проекта Гатчина (показ) показаны объекты типа «Театр», расположенные в радиусе 300 м от объектов типа «Сеть теплоснабжения».;1 - слой с объектами «Театр», 2 - слой с объектами «Сеть теплоснабжения», учитывающий буфер 300 м вокруг каждого объекта.;;1429;Театр;Сеть теплоснабжения;42;11;Сеть теплоснабжения;Театр;300
1231;;Гатчина (показ);938;Исходный;Определи, сколько спортивных магазинов находятся в пределах 200 м от объекта теплоснабжения.;В отображаемом слое для проекта Гатчина (показ) показаны объекты типа «Спортивный магазин», расположенные в радиусе 200 м от объектов типа «Объект теплоснабжения».;1 - слой с объектами «Спортивный магазин», 2 - слой с объектами «Объект теплоснабжения», учитывающий буфер 200 м вокруг каждого объекта.;;1429;Спортивный магазин;Объект теплоснабжения;42;12;Объект теплоснабжения;Спортивный магазин;200
1232;;Гатчина (показ);938;Исходный;Проверь наличие водозаборных сооружений, расположенных внутри радиуса 100 м от книжного магазина.;В отображаемом слое для проекта Гатчина (показ) показаны объекты типа «Водозаборное сооружение», расположенные в радиусе 100 м от объектов типа «Книжный магазин».;1 - слой с объектами «Водозаборное сооружение», 2 - слой с объектами «Книжный магазин», учитывающий буфер 100 м вокруг каждого объекта.;;1429;Книжный магазин;Водозаборное сооружение;42;13;Книжный магазин;Водозаборное сооружение;100
1233;;Гатчина (показ);938;Исходный;Выведи театры, которые находятся не далее чем 500 м от кладбища.;В отображаемом слое для проекта Гатчина (показ) показаны объекты типа «Театр», расположенные в радиусе 500 м от объектов типа «Кладбище».;1 - слой с объектами «Театр», 2 - слой с объектами «Кладбище», учитывающий буфер 500 м вокруг каждого объекта.;;1429;Театр;Кладбище;42;14;Кладбище;Театр;500
1234;;Гатчина (показ);938;Исходный;Посчитай распределительные трубопроводы для транспортировки газа, расположенные в пределах 300 м от театра.;В отображаемом слое для проекта Гатчина (показ) показаны объекты типа «Распределительный трубопровод для транспортировки газа», расположенные в радиусе 300 м от объектов типа «Театр».;1 - слой с объектами «Распределительный трубопровод для транспортировки газа», 2 - слой с объектами «Театр», учитывающий буфер 300 м вокруг каждого объекта.;;1429;Театр;Распределительный трубопровод для транспортировки газа;42;15;Театр;Распределительный трубопровод для транспортировки газа;300
1235;;Гатчина (показ);938;Исходный;Узнай, сколько библиотек находятся внутри радиуса 300 м от парикмахера.;В отображаемом слое для проекта Гатчина (показ) показаны объекты типа «Библиотека», расположенные в радиусе 300 м от объектов типа «Парикмахер».;1 - слой с объектами «Библиотека», 2 - слой с объектами «Парикмахер», учитывающий буфер 300 м вокруг каждого объекта.;;1429;Парикмахер, Библиотека;;42;16;Парикмахер;Библиотека;300
1236;;Гатчина (показ);938;Исходный;Расскажи, где расположены средние специальные учебные заведения не далее чем 150 м от хозяйственных товаров.;В отображаемом слое для проекта Гатчина (показ) показаны объекты типа «Среднее специальное учебное заведение», расположенные в радиусе 150 м от объектов типа «Хозяйственные товары».;1 - слой с объектами «Среднее специальное учебное заведение», 2 - слой с объектами «Хозяйственные товары», учитывающий буфер 150 м вокруг каждого объекта.;;1429;Хозяйственные товары, Среднее специальное учебное заведение;;42;17;Хозяйственные товары;Среднее специальное учебное заведение;150
1237;;Гатчина (показ);938;Исходный;Покажи количество бытовой техники в пределах 150 м от магазинов Одежда и обувь, чтобы оценить доступность электроники.;В отображаемом слое для проекта Гатчина (показ) показаны объекты типа «Бытовая техника», расположенные в радиусе 150 м от объектов типа «Одежда и обувь».;1 - слой с объектами «Бытовая техника», 2 - слой с объектами «Одежда и обувь», учитывающий буфер 150 м вокруг каждого объекта.;;1429;Одежда и обувь, Бытовая техника;;43;10;Одежда и обувь;Бытовая техника;150
1238;;Гатчина (показ);938;Исходный;Покажи, сколько супермаркетов находится внутри 300 м от Пожарной станции, чтобы проверить доступность питания.;В отображаемом слое для проекта Гатчина (показ) показаны объекты типа «Супермаркет», расположенные в радиусе 300 м от объектов типа «Пожарная станция».;1 - слой с объектами «Супермаркет», 2 - слой с объектами «Пожарная станция», учитывающий буфер 300 м вокруг каждого объекта.;;1429;Пожарная станция, Супермаркет;;43;11;Пожарная станция;Супермаркет;300
1239;;Гатчина (показ);938;Исходный;Определи количество отделений банка в радиусе 300 м от ресторанов, чтобы оценить банковскую доступность.;В отображаемом слое для проекта Гатчина (показ) показаны объекты типа «Отделение банка», расположенные в радиусе 300 м от объектов типа «Ресторан».;1 - слой с объектами «Отделение банка», 2 - слой с объектами «Ресторан», учитывающий буфер 300 м вокруг каждого объекта.;;1429;Ресторан, Отделение банка;;43;12;Ресторан;Отделение банка;300
1240;;Гатчина (показ);938;Исходный;Сколько средних специальных учебных заведений находится в пределах 150 м от стоматологических клиник, чтобы понять образовательный сервис.;В отображаемом слое для проекта Гатчина (показ) показаны объекты типа «Среднее специальное учебное заведение», расположенные в радиусе 150 м от объектов типа «Стоматологическая клиника».;1 - слой с объектами «Среднее специальное учебное заведение», 2 - слой с объектами «Стоматологическая клиника», учитывающий буфер 150 м вокруг каждого объекта.;;1429;Стоматологическая клиника, Среднее специальное учебное заведение;;43;13;Стоматологическая клиника;Среднее специальное учебное заведение;150
1241;;Гатчина (показ);938;Исходный;Проверь, сколько объектов теплоснабжения находится внутри 150 м от Станции скорой медицинской помощи, чтобы учесть энергетическую инфраструктуру.;В отображаемом слое для проекта Гатчина (показ) показаны объекты типа «Объект теплоснабжения», расположенные в радиусе 150 м от объектов типа «Станция скорой медицинской помощи».;1 - слой с объектами «Объект теплоснабжения», 2 - слой с объектами «Станция скорой медицинской помощи», учитывающий буфер 150 м вокруг каждого объекта.;;1429;Станция скорой медицинской помощи;Объект теплоснабжения;43;14;Станция скорой медицинской помощи;Объект теплоснабжения;150
1242;;Гатчина (показ);938;Исходный;Выведи водные объекты в пределах 300 м от банкоматов, чтобы оценить водный доступ.;В отображаемом слое для проекта Гатчина (показ) показаны объекты типа «Водный объект», расположенные в радиусе 300 м от объектов типа «Банкомат».;1 - слой с объектами «Водный объект», 2 - слой с объектами «Банкомат», учитывающий буфер 300 м вокруг каждого объекта.;;1429;Банкомат;Водный объект;43;15;Банкомат;Водный объект;300
1243;;Гатчина (показ);938;Исходный;Сколько банкоматов находятся в радиусе 500 м от книжных магазинов, чтобы проанализировать финансовую инфраструктуру.;В отображаемом слое для проекта Гатчина (показ) показаны объекты типа «Банкомат», расположенные в радиусе 500 м от объектов типа «Книжный магазин».;1 - слой с объектами «Банкомат», 2 - слой с объектами «Книжный магазин», учитывающий буфер 500 м вокруг каждого объекта.;;1429;Книжный магазин, Банкомат;;43;16;Книжный магазин;Банкомат;500
1244;;Гатчина (показ);938;Исходный;Проверь, находятся ли рынки не далее чем 100 м от детских площадок, чтобы убедиться в доступности торговых точек.;В отображаемом слое для проекта Гатчина (показ) показаны объекты типа «Рынок», расположенные в радиусе 100 м от объектов типа «Детская площадка».;1 - слой с объектами «Рынок», 2 - слой с объектами «Детская площадка», учитывающий буфер 100 м вокруг каждого объекта.;;1429;Детская площадка, Рынок;;43;17;Детская площадка;Рынок;100
1245;;Гатчина (показ);938;Исходный;Определи количество остановок наземного транспорта в пределах 200 м от жилых домов, чтобы оценить транспортную доступность.;В отображаемом слое для проекта Гатчина (показ) показаны объекты типа «Остановка наземного транспорта», расположенные в радиусе 200 м от объектов типа «Жилой дом».;1 - слой с объектами «Остановка наземного транспорта», 2 - слой с объектами «Жилой дом», учитывающий буфер 200 м вокруг каждого объекта.;;1429;;Жилой дом, Остановка наземного транспорта;43;18;Жилой дом;Остановка наземного транспорта;200
1246;;Гатчина (показ);938;Исходный;Покажи количество средних специальных учебных заведений в пределах 50 м от сети теплоснабжения, чтобы оценить доступность образовательной инфраструктуры.;В отображаемом слое для проекта Гатчина (показ) показаны объекты типа «Среднее специальное учебное заведение», расположенные в радиусе 50 м от объектов типа «Сеть теплоснабжения».;1 - слой с объектами «Среднее специальное учебное заведение», 2 - слой с объектами «Сеть теплоснабжения», учитывающий буфер 50 м вокруг каждого объекта.;;1429;Среднее специальное учебное заведение;Сеть теплоснабжения;44;10;Сеть теплоснабжения;Среднее специальное учебное заведение;50
1247;;Гатчина (показ);938;Исходный;Найди театры внутри радиуса 150 м от продуктов (магазин у дома).;В отображаемом слое для проекта Гатчина (показ) показаны объекты типа «Театр», расположенные в радиусе 150 м от объектов типа «Продукты (магазин у дома)».;1 - слой с объектами «Театр», 2 - слой с объектами «Продукты (магазин у дома)», учитывающий буфер 150 м вокруг каждого объекта.;;1429;Продукты (магазин у дома), Театр;;44;11;Продукты (магазин у дома);Театр;150
1248;;Гатчина (показ);938;Исходный;Определи объекты теплоснабжения внутри 500 м от продуктов (магазин у дома), чтобы проверить энергетическую инфраструктуру.;В отображаемом слое для проекта Гатчина (показ) показаны объекты типа «Объект теплоснабжения», расположенные в радиусе 500 м от объектов типа «Продукты (магазин у дома)».;1 - слой с объектами «Объект теплоснабжения», 2 - слой с объектами «Продукты (магазин у дома)», учитывающий буфер 500 м вокруг каждого объекта.;;1429;Продукты (магазин у дома);Объект теплоснабжения;44;12;Продукты (магазин у дома);Объект теплоснабжения;500
1249;;Гатчина (показ);938;Исходный;Считай детские сады в радиусе 500 м от жилого дома, чтобы оценить доступность детского образования.;В отображаемом слое для проекта Гатчина (показ) показаны объекты типа «Детский сад», расположенные в радиусе 500 м от объектов типа «Жилой дом».;1 - слой с объектами «Детский сад», 2 - слой с объектами «Жилой дом», учитывающий буфер 500 м вокруг каждого объекта.;;1429;Детский сад;Жилой дом;44;13;Жилой дом;Детский сад;500
1250;;Гатчина (показ);938;Исходный;Выведи спортивные магазины в пределах 300 м от спортивного зала, чтобы определить коммерческую доступность.;В отображаемом слое для проекта Гатчина (показ) показаны объекты типа «Спортивный магазин», расположенные в радиусе 300 м от объектов типа «Спортивный зал».;1 - слой с объектами «Спортивный магазин», 2 - слой с объектами «Спортивный зал», учитывающий буфер 300 м вокруг каждого объекта.;;1429;Спортивный зал, Спортивный магазин;;44;14;Спортивный зал;Спортивный магазин;300
1251;;Гатчина (показ);938;Исходный;Выведи зоомагазины в пределах 50 м от железнодорожного вокзала.;В отображаемом слое для проекта Гатчина (показ) показаны объекты типа «Зоомагазин», расположенные в радиусе 50 м от объектов типа «Железнодорожный вокзал».;1 - слой с объектами «Зоомагазин», 2 - слой с объектами «Железнодорожный вокзал», учитывающий буфер 50 м вокруг каждого объекта.;;1429;Железнодорожный вокзал, Зоомагазин;;44;15;Железнодорожный вокзал;Зоомагазин;50
1252;;Гатчина (показ);938;Исходный;Определи количество многофункциональных центров предоставления государственных и муниципальных услуг в пределах 50 м от продуктов (магазин у дома).;В отображаемом слое для проекта Гатчина (показ) показаны объекты типа «Многофункциональные центры предоставления государственных и муниципальных услуг», расположенные в радиусе 50 м от объектов типа «Продукты (магазин у дома)».;1 - слой с объектами «Многофункциональные центры предоставления государственных и муниципальных услуг», 2 - слой с объектами «Продукты (магазин у дома)», учитывающий буфер 50 м вокруг каждого объекта.;;1429;Продукты (магазин у дома), Многофункциональные центры предоставления государственных и муниципальных услуг;;44;16;Продукты (магазин у дома);Многофункциональные центры предоставления государственных и муниципальных услуг;50
1253;;Гатчина (показ);938;Исходный;Выведи железнодорожные станции в пределах 100 м от продуктов (магазин у дома), чтобы оценить транспортную доступность.;В отображаемом слое для проекта Гатчина (показ) показаны объекты типа «Железнодорожная станция», расположенные в радиусе 100 м от объектов типа «Продукты (магазин у дома)».;1 - слой с объектами «Железнодорожная станция», 2 - слой с объектами «Продукты (магазин у дома)», учитывающий буфер 100 м вокруг каждого объекта.;;1429;Продукты (магазин у дома), Железнодорожная станция;;44;17;Продукты (магазин у дома);Железнодорожная станция;100
1254;;Гатчина (показ);938;Исходный;Покажи зоомагазины в радиусе 200 м от объекта теплоснабжения, чтобы убедиться в наличии сервисов для владельцев животных.;В отображаемом слое для проекта Гатчина (показ) показаны объекты типа «Зоомагазин», расположенные в радиусе 200 м от объектов типа «Объект теплоснабжения».;1 - слой с объектами «Зоомагазин», 2 - слой с объектами «Объект теплоснабжения», учитывающий буфер 200 м вокруг каждого объекта.;;1429;Зоомагазин;Объект теплоснабжения;44;18;Объект теплоснабжения;Зоомагазин;200
1255;;"ЖК ""Домашний""";593;Исходный;Найди, сколько детских площадок находится в пределах 50 м от промышленной территории, поскольку это важный показатель безопасности детей.;"В отображаемом слое для проекта ЖК ""Домашний"" показаны объекты типа «Детская площадка», расположенные в радиусе 50 м от объектов типа «Промышленная территория».";1 - слой с объектами «Детская площадка», 2 - слой с объектами «Промышленная территория», учитывающий буфер 50 м вокруг каждого объекта.;;744;Детская площадка;Промышленная территория;45;10;Промышленная территория;Детская площадка;50
1256;;"ЖК ""Домашний""";593;Исходный;Найди все рекреационные зоны, которые располагаются не далее чем 300 м от детской площадки, чтобы оценить доступность отдыха.;"В отображаемом слое для проекта ЖК ""Домашний"" показаны объекты типа «Рекреационная зона», расположенные в радиусе 300 м от объектов типа «Детская площадка».";1 - слой с объектами «Рекреационная зона», 2 - слой с объектами «Детская площадка», учитывающий буфер 300 м вокруг каждого объекта.;;744;Детская площадка;Рекреационная зона;45;11;Детская площадка;Рекреационная зона;300
1257;;"ЖК ""Домашний""";593;Исходный;Определи, сколько детских площадок находится в пределах 200 м от нежилого здания, чтобы понять потенциальный риск для детей.;"В отображаемом слое для проекта ЖК ""Домашний"" показаны объекты типа «Детская площадка», расположенные в радиусе 200 м от объектов типа «Нежилое здание».";1 - слой с объектами «Детская площадка», 2 - слой с объектами «Нежилое здание», учитывающий буфер 200 м вокруг каждого объекта.;;744;Детская площадка;Нежилое здание;45;12;Нежилое здание;Детская площадка;200
1258;;"ЖК ""Домашний""";593;Исходный;Проверь, сколько парковок расположено в пределах 500 м от площадки для выгула собак, чтобы обеспечить парковку для владельцев.;"В отображаемом слое для проекта ЖК ""Домашний"" показаны объекты типа «Парковка», расположенные в радиусе 500 м от объектов типа «Площадка для выгула собак».";1 - слой с объектами «Парковка», 2 - слой с объектами «Площадка для выгула собак», учитывающий буфер 500 м вокруг каждого объекта.;;744;Площадка для выгула собак;Парковка;45;13;Площадка для выгула собак;Парковка;500
1259;;"ЖК ""Домашний""";593;Исходный;Выведи, какие жилые дома расположены в пределах 200 м от промышленной территории, чтобы оценить влияние промышленной зоны на население.;"В отображаемом слое для проекта ЖК ""Домашний"" показаны объекты типа «Жилой дом», расположенные в радиусе 200 м от объектов типа «Промышленная территория».";1 - слой с объектами «Жилой дом», 2 - слой с объектами «Промышленная территория», учитывающий буфер 200 м вокруг каждого объекта.;;744;;Промышленная территория, Жилой дом;45;14;Промышленная территория;Жилой дом;200
1260;;"ЖК ""Домашний""";593;Исходный;Сколько остановок наземного транспорта находятся внутри радиуса 100 м от парковки? Это поможет планировать транспортную доступность.;"В отображаемом слое для проекта ЖК ""Домашний"" показаны объекты типа «Остановка наземного транспорта», расположенные в радиусе 100 м от объектов типа «Парковка».";1 - слой с объектами «Остановка наземного транспорта», 2 - слой с объектами «Парковка», учитывающий буфер 100 м вокруг каждого объекта.;;744;;Парковка, Остановка наземного транспорта;45;15;Парковка;Остановка наземного транспорта;100
1261;;"ЖК ""Домашний""";593;Исходный;Сравни, какие жилые дома находятся в пределах 100 м от площадки для выгула собак, чтобы оценить риск травм.;"В отображаемом слое для проекта ЖК ""Домашний"" показаны объекты типа «Жилой дом», расположенные в радиусе 100 м от объектов типа «Площадка для выгула собак».";1 - слой с объектами «Жилой дом», 2 - слой с объектами «Площадка для выгула собак», учитывающий буфер 100 м вокруг каждого объекта.;;744;Площадка для выгула собак;Жилой дом;45;16;Площадка для выгула собак;Жилой дом;100
1262;;"ЖК ""Домашний""";593;Исходный;Найди, сколько детских площадок находится не далее чем 50 м от линии электропередачи, чтобы оценить безопасность.;"В отображаемом слое для проекта ЖК ""Домашний"" показаны объекты типа «Детская площадка», расположенные в радиусе 50 м от объектов типа «Линия электропередачи».";1 - слой с объектами «Детская площадка», 2 - слой с объектами «Линия электропередачи», учитывающий буфер 50 м вокруг каждого объекта.;;744;Детская площадка;Линия электропередачи;45;17;Линия электропередачи;Детская площадка;50
1263;;"ЖК ""Домашний""";593;Исходный;Идентифицируй, какие рекреационные зоны расположены в пределах 300 м от площадки для выгула собак, чтобы планировать зоны отдыха.;"В отображаемом слое для проекта ЖК ""Домашний"" показаны объекты типа «Рекреационная зона», расположенные в радиусе 300 м от объектов типа «Площадка для выгула собак».";1 - слой с объектами «Рекреационная зона», 2 - слой с объектами «Площадка для выгула собак», учитывающий буфер 300 м вокруг каждого объекта.;;744;Площадка для выгула собак;Рекреационная зона;45;18;Площадка для выгула собак;Рекреационная зона;300
1264;;"ЖК ""Домашний""";593;Исходный;Покажи, какие рекреационные зоны находятся в пределах 200 м от линии электропередачи.;"В отображаемом слое для проекта ЖК ""Домашний"" показаны объекты типа «Рекреационная зона», расположенные в радиусе 200 м от объектов типа «Линия электропередачи».";1 - слой с объектами «Рекреационная зона», 2 - слой с объектами «Линия электропередачи», учитывающий буфер 200 м вокруг каждого объекта.;;744;;Линия электропередачи, Рекреационная зона;46;10;Линия электропередачи;Рекреационная зона;200
1265;;"ЖК ""Домашний""";593;Исходный;Найди линии электропередачи, которые находятся не далее чем 300 м от детской площадки.;"В отображаемом слое для проекта ЖК ""Домашний"" показаны объекты типа «Линия электропередачи», расположенные в радиусе 300 м от объектов типа «Детская площадка».";1 - слой с объектами «Линия электропередачи», 2 - слой с объектами «Детская площадка», учитывающий буфер 300 м вокруг каждого объекта.;;744;Детская площадка;Линия электропередачи;46;11;Детская площадка;Линия электропередачи;300
1266;;"ЖК ""Домашний""";593;Исходный;Определи, какие линии электропередачи находятся в пределах 150 м от остановки наземного транспорта.;"В отображаемом слое для проекта ЖК ""Домашний"" показаны объекты типа «Линия электропередачи», расположенные в радиусе 150 м от объектов типа «Остановка наземного транспорта».";1 - слой с объектами «Линия электропередачи», 2 - слой с объектами «Остановка наземного транспорта», учитывающий буфер 150 м вокруг каждого объекта.;;744;;Остановка наземного транспорта, Линия электропередачи;46;12;Остановка наземного транспорта;Линия электропередачи;150
1267;;"ЖК ""Домашний""";593;Исходный;Считай, сколько парковок находятся в пределах 50 м от жилого дома.;"В отображаемом слое для проекта ЖК ""Домашний"" показаны объекты типа «Парковка», расположенные в радиусе 50 м от объектов типа «Жилой дом».";1 - слой с объектами «Парковка», 2 - слой с объектами «Жилой дом», учитывающий буфер 50 м вокруг каждого объекта.;;744;;Жилой дом, Парковка;46;13;Жилой дом;Парковка;50
1268;;"ЖК ""Домашний""";593;Исходный;Проверь, какие остановки наземного транспорта находятся в пределах 200 м от площадки для выгула собак.;"В отображаемом слое для проекта ЖК ""Домашний"" показаны объекты типа «Остановка наземного транспорта», расположенные в радиусе 200 м от объектов типа «Площадка для выгула собак».";1 - слой с объектами «Остановка наземного транспорта», 2 - слой с объектами «Площадка для выгула собак», учитывающий буфер 200 м вокруг каждого объекта.;;744;Площадка для выгула собак;Остановка наземного транспорта;46;14;Площадка для выгула собак;Остановка наземного транспорта;200
1269;;"ЖК ""Домашний""";593;Исходный;Выведи промышленные территории, которые находятся не далее чем 150 м от детской площадки.;"В отображаемом слое для проекта ЖК ""Домашний"" показаны объекты типа «Промышленная территория», расположенные в радиусе 150 м от объектов типа «Детская площадка».";1 - слой с объектами «Промышленная территория», 2 - слой с объектами «Детская площадка», учитывающий буфер 150 м вокруг каждого объекта.;;744;Детская площадка;Промышленная территория;46;15;Детская площадка;Промышленная территория;150
1270;;"ЖК ""Домашний""";593;Исходный;Укажи площадки для выгула собак, которые находятся в пределах 200 м от парковки.;"В отображаемом слое для проекта ЖК ""Домашний"" показаны объекты типа «Площадка для выгула собак», расположенные в радиусе 200 м от объектов типа «Парковка».";1 - слой с объектами «Площадка для выгула собак», 2 - слой с объектами «Парковка», учитывающий буфер 200 м вокруг каждого объекта.;;744;Площадка для выгула собак;Парковка;46;16;Парковка;Площадка для выгула собак;200
1271;;"ЖК ""Домашний""";593;Исходный;Опиши, сколько остановок наземного транспорта находятся в пределах 150 м от площадки.;"В отображаемом слое для проекта ЖК ""Домашний"" показаны объекты типа «Остановка наземного транспорта», расположенные в радиусе 150 м от объектов типа «Площадка».";1 - слой с объектами «Остановка наземного транспорта», 2 - слой с объектами «Площадка», учитывающий буфер 150 м вокруг каждого объекта.;;744;;Площадка, Остановка наземного транспорта;46;17;Площадка;Остановка наземного транспорта;150
1272;;"ЖК ""Домашний""";593;Исходный;Отобрази нежилые здания, которые находятся не далее чем 150 м от площадки.;"В отображаемом слое для проекта ЖК ""Домашний"" показаны объекты типа «Нежилое здание», расположенные в радиусе 150 м от объектов типа «Площадка».";1 - слой с объектами «Нежилое здание», 2 - слой с объектами «Площадка», учитывающий буфер 150 м вокруг каждого объекта.;;744;;Площадка, Нежилое здание;46;18;Площадка;Нежилое здание;150
1273;;Проект Эталон в Ростове на Дону;643;Исходный;Покажи, сколько памятников находится внутри радиуса 300 м от остановки наземного транспорта, поскольку в этом диапазоне важно учитывать культурные объекты рядом с транспортом.;В отображаемом слое для проекта Проект Эталон в Ростове на Дону показаны объекты типа «Памятник», расположенные в радиусе 300 м от объектов типа «Остановка наземного транспорта».;1 - слой с объектами «Памятник», 2 - слой с объектами «Остановка наземного транспорта», учитывающий буфер 300 м вокруг каждого объекта.;;861;Памятник;Остановка наземного транспорта;47;10;Остановка наземного транспорта;Памятник;300
1274;;Проект Эталон в Ростове на Дону;643;Исходный;Найди, сколько остановок наземного транспорта расположены в пределах 300 м от ресторана, чтобы улучшить транспортную доступность для посетителей.;В отображаемом слое для проекта Проект Эталон в Ростове на Дону показаны объекты типа «Остановка наземного транспорта», расположенные в радиусе 300 м от объектов типа «Ресторан».;1 - слой с объектами «Остановка наземного транспорта», 2 - слой с объектами «Ресторан», учитывающий буфер 300 м вокруг каждого объекта.;;861;Ресторан;Остановка наземного транспорта;47;11;Ресторан;Остановка наземного транспорта;300
1275;;Проект Эталон в Ростове на Дону;643;Исходный;Определи, сколько ресторанов находится в пределах 100 м от зеленой зоны, чтобы понять, насколько легко посетителям перемещаться между природой и едой.;В отображаемом слое для проекта Проект Эталон в Ростове на Дону показаны объекты типа «Ресторан», расположенные в радиусе 100 м от объектов типа «Зеленая зона».;1 - слой с объектами «Ресторан», 2 - слой с объектами «Зеленая зона», учитывающий буфер 100 м вокруг каждого объекта.;;861;Ресторан;Зеленая зона;47;12;Зеленая зона;Ресторан;100
1276;;Проект Эталон в Ростове на Дону;643;Исходный;Проверь, сколько зеленых зон находится внутри радиуса 100 м от ресторана, чтобы убедиться в наличии мест отдыха рядом с заведением.;В отображаемом слое для проекта Проект Эталон в Ростове на Дону показаны объекты типа «Зеленая зона», расположенные в радиусе 100 м от объектов типа «Ресторан».;1 - слой с объектами «Зеленая зона», 2 - слой с объектами «Ресторан», учитывающий буфер 100 м вокруг каждого объекта.;;861;Ресторан;Зеленая зона;47;13;Ресторан;Зеленая зона;100
1277;;Проект Эталон в Ростове на Дону;643;Исходный;Выведи количество линий электропередачи, которые расположены внутри радиуса 150 м от памятника, для оценки безопасности.;В отображаемом слое для проекта Проект Эталон в Ростове на Дону показаны объекты типа «Линия электропередачи», расположенные в радиусе 150 м от объектов типа «Памятник».;1 - слой с объектами «Линия электропередачи», 2 - слой с объектами «Памятник», учитывающий буфер 150 м вокруг каждого объекта.;;861;Памятник;Линия электропередачи;47;14;Памятник;Линия электропередачи;150
1278;;Проект Эталон в Ростове на Дону;643;Исходный;Считай, сколько зеленых зон находится в пределах 300 м от ресторана, чтобы обеспечить комфорт для посетителей.;В отображаемом слое для проекта Проект Эталон в Ростове на Дону показаны объекты типа «Зеленая зона», расположенные в радиусе 300 м от объектов типа «Ресторан».;1 - слой с объектами «Зеленая зона», 2 - слой с объектами «Ресторан», учитывающий буфер 300 м вокруг каждого объекта.;;861;Ресторан;Зеленая зона;47;15;Ресторан;Зеленая зона;300
1279;;Проект Эталон в Ростове на Дону;643;Исходный;Сравни, сколько ресторанов находится внутри радиуса 300 м от зеленой зоны, чтобы выявить потенциал для развития.;В отображаемом слое для проекта Проект Эталон в Ростове на Дону показаны объекты типа «Ресторан», расположенные в радиусе 300 м от объектов типа «Зеленая зона».;1 - слой с объектами «Ресторан», 2 - слой с объектами «Зеленая зона», учитывающий буфер 300 м вокруг каждого объекта.;;861;Ресторан;Зеленая зона;47;16;Зеленая зона;Ресторан;300
1280;;Проект Эталон в Ростове на Дону;643;Исходный;Узнай, сколько зеленых зон находится в пределах 50 м от остановки наземного общественного транспорта, так как это важный фактор для городской среды.;В отображаемом слое для проекта Проект Эталон в Ростове на Дону показаны объекты типа «Зеленая зона», расположенные в радиусе 50 м от объектов типа «Остановка наземного общественного транспорта».;1 - слой с объектами «Зеленая зона», 2 - слой с объектами «Остановка наземного общественного транспорта», учитывающий буфер 50 м вокруг каждого объекта.;;861;Остановка наземного общественного транспорта;Зеленая зона;47;17;Остановка наземного общественного транспорта;Зеленая зона;50
1281;;Проект Эталон в Ростове на Дону;643;Исходный;Уточни, сколько промышленных территорий находится не далее чем 500 м от остановки наземного общественного транспорта, чтобы оценить транспортную доступность.;В отображаемом слое для проекта Проект Эталон в Ростове на Дону показаны объекты типа «Промышленная территория», расположенные в радиусе 500 м от объектов типа «Остановка наземного общественного транспорта».;1 - слой с объектами «Промышленная территория», 2 - слой с объектами «Остановка наземного общественного транспорта», учитывающий буфер 500 м вокруг каждого объекта.;;861;Остановка наземного общественного транспорта;Промышленная территория;47;18;Остановка наземного общественного транспорта;Промышленная территория;500
1282;;Проект территории Новознаменский;642;Исходный;Покажи, сколько заправочных станций находится внутри радиуса 300 м от парка. Это поможет оценить доступность топлива для жителей.;В отображаемом слое для проекта Проект территории Новознаменский показаны объекты типа «Заправочная станция», расположенные в радиусе 300 м от объектов типа «Парк».;1 - слой с объектами «Заправочная станция», 2 - слой с объектами «Парк», учитывающий буфер 300 м вокруг каждого объекта.;;857;Парк;Заправочная станция;48;10;Парк;Заправочная станция;300
1283;;Проект территории Новознаменский;642;Исходный;Найди, сколько школ находится в пределах 100 м от детской площадки. Это важно для обеспечения безопасного доступа школьников.;В отображаемом слое для проекта Проект территории Новознаменский показаны объекты типа «Школа», расположенные в радиусе 100 м от объектов типа «Детская площадка».;1 - слой с объектами «Школа», 2 - слой с объектами «Детская площадка», учитывающий буфер 100 м вокруг каждого объекта.;;857;Детская площадка, Школа;;48;11;Детская площадка;Школа;100
1284;;Проект территории Новознаменский;642;Исходный;Определи, сколько детских площадок размещены внутри 100 м от театра. Это позволит оценить зоны детского отдыха рядом с культурными объектами.;В отображаемом слое для проекта Проект территории Новознаменский показаны объекты типа «Детская площадка», расположенные в радиусе 100 м от объектов типа «Театр».;1 - слой с объектами «Детская площадка», 2 - слой с объектами «Театр», учитывающий буфер 100 м вокруг каждого объекта.;;857;Театр, Детская площадка;;48;12;Театр;Детская площадка;100
1285;;Проект территории Новознаменский;642;Исходный;Сколько спортивных площадок находится в пределах 500 м от зеленой зоны? Это важно для расчета доступности спортивных объектов.;В отображаемом слое для проекта Проект территории Новознаменский показаны объекты типа «Спортивная площадка», расположенные в радиусе 500 м от объектов типа «Зеленая зона».;1 - слой с объектами «Спортивная площадка», 2 - слой с объектами «Зеленая зона», учитывающий буфер 500 м вокруг каждого объекта.;;857;Спортивная площадка;Зеленая зона;48;13;Зеленая зона;Спортивная площадка;500
1286;;Проект территории Новознаменский;642;Исходный;Проверь, сколько парковок находится не далее 500 м от спортивной площадки. Это поможет понять инфраструктурные потребности.;В отображаемом слое для проекта Проект территории Новознаменский показаны объекты типа «Парковка», расположенные в радиусе 500 м от объектов типа «Спортивная площадка».;1 - слой с объектами «Парковка», 2 - слой с объектами «Спортивная площадка», учитывающий буфер 500 м вокруг каждого объекта.;;857;Спортивная площадка;Парковка;48;14;Спортивная площадка;Парковка;500
1287;;Проект территории Новознаменский;642;Исходный;Выведи количество заправочных станций, расположенных внутри радиуса 50 м от парка. Это необходимо для оценки плотности заправок рядом с зонами отдыха.;В отображаемом слое для проекта Проект территории Новознаменский показаны объекты типа «Заправочная станция», расположенные в радиусе 50 м от объектов типа «Парк».;1 - слой с объектами «Заправочная станция», 2 - слой с объектами «Парк», учитывающий буфер 50 м вокруг каждого объекта.;;857;Парк;Заправочная станция;48;15;Парк;Заправочная станция;50
1288;;Проект территории Новознаменский;642;Исходный;Выясни, сколько театров находится в пределах 200 м от скейт‑парка. Это важно для изучения культурной доступности для молодежи.;В отображаемом слое для проекта Проект территории Новознаменский показаны объекты типа «Театр», расположенные в радиусе 200 м от объектов типа «Скейт-парк».;1 - слой с объектами «Театр», 2 - слой с объектами «Скейт-парк», учитывающий буфер 200 м вокруг каждого объекта.;;857;Скейт-парк, Театр;;48;16;Скейт-парк;Театр;200
1289;;Проект территории Новознаменский;642;Исходный;Уточни, сколько водонапорных башен находится внутри радиуса 100 м от автозаправки. Это поможет в оценке водоснабжения.;В отображаемом слое для проекта Проект территории Новознаменский показаны объекты типа «Водонапорная башня», расположенные в радиусе 100 м от объектов типа «Автозаправка».;1 - слой с объектами «Водонапорная башня», 2 - слой с объектами «Автозаправка», учитывающий буфер 100 м вокруг каждого объекта.;;857;Автозаправка;Водонапорная башня;48;17;Автозаправка;Водонапорная башня;100
1290;;Проект территории Новознаменский;642;Исходный;Считай, сколько спортивных площадок находится в пределах 50 м от детского сада. Это важно для обеспечения безопасного доступа детей к спорту.;В отображаемом слое для проекта Проект территории Новознаменский показаны объекты типа «Спортивная площадка», расположенные в радиусе 50 м от объектов типа «Детский сад».;1 - слой с объектами «Спортивная площадка», 2 - слой с объектами «Детский сад», учитывающий буфер 50 м вокруг каждого объекта.;;857;Детский сад, Спортивная площадка;;48;18;Детский сад;Спортивная площадка;50
1291;;Проект территории Новознаменский;642;Исходный;Покажи все парковки, расположенные в пределах 100 м от заправочной станции, чтобы оценить потенциальную нагрузку на сеть.;В отображаемом слое для проекта Проект территории Новознаменский показаны объекты типа «Парковка», расположенные в радиусе 100 м от объектов типа «Заправочная станция».;1 - слой с объектами «Парковка», 2 - слой с объектами «Заправочная станция», учитывающий буфер 100 м вокруг каждого объекта.;;857;;Заправочная станция, Парковка;49;10;Заправочная станция;Парковка;100
1292;;Проект территории Новознаменский;642;Исходный;Найди федеральные дороги, которые находятся не далее 50 м от нежилого здания, чтобы проверить возможные проблемы со звуком.;В отображаемом слое для проекта Проект территории Новознаменский показаны объекты типа «Федеральная дорога», расположенные в радиусе 50 м от объектов типа «Нежилое здание».;1 - слой с объектами «Федеральная дорога», 2 - слой с объектами «Нежилое здание», учитывающий буфер 50 м вокруг каждого объекта.;;857;;Нежилое здание, Федеральная дорога;49;11;Нежилое здание;Федеральная дорога;50
1293;;Проект территории Новознаменский;642;Исходный;Определи скейт‑парки, которые находятся внутри 300 м от линии электропередачи, чтобы оценить безопасность.;В отображаемом слое для проекта Проект территории Новознаменский показаны объекты типа «Скейт-парк», расположенные в радиусе 300 м от объектов типа «Линия электропередачи».;1 - слой с объектами «Скейт-парк», 2 - слой с объектами «Линия электропередачи», учитывающий буфер 300 м вокруг каждого объекта.;;857;Скейт-парк;Линия электропередачи;49;12;Линия электропередачи;Скейт-парк;300
1294;;Проект территории Новознаменский;642;Исходный;Сколько детских площадок расположены в радиусе 100 м от остановки наземного транспорта, чтобы планировать пешеходную безопасность?;В отображаемом слое для проекта Проект территории Новознаменский показаны объекты типа «Детская площадка», расположенные в радиусе 100 м от объектов типа «Остановка наземного транспорта».;1 - слой с объектами «Детская площадка», 2 - слой с объектами «Остановка наземного транспорта», учитывающий буфер 100 м вокруг каждого объекта.;;857;Детская площадка;Остановка наземного транспорта;49;13;Остановка наземного транспорта;Детская площадка;100
1295;;Проект территории Новознаменский;642;Исходный;Выведи остановки наземного транспорта, которые находятся в пределах 100 м от детского сада, чтобы учесть поток пассажиров.;В отображаемом слое для проекта Проект территории Новознаменский показаны объекты типа «Остановка наземного транспорта», расположенные в радиусе 100 м от объектов типа «Детский сад».;1 - слой с объектами «Остановка наземного транспорта», 2 - слой с объектами «Детский сад», учитывающий буфер 100 м вокруг каждого объекта.;;857;Детский сад;Остановка наземного транспорта;49;14;Детский сад;Остановка наземного транспорта;100
1296;;Проект территории Новознаменский;642;Исходный;Проверь федеральные дороги, расположенные не далее 100 м от детского сада, чтобы убедиться в безопасности.;В отображаемом слое для проекта Проект территории Новознаменский показаны объекты типа «Федеральная дорога», расположенные в радиусе 100 м от объектов типа «Детский сад».;1 - слой с объектами «Федеральная дорога», 2 - слой с объектами «Детский сад», учитывающий буфер 100 м вокруг каждого объекта.;;857;Детский сад;Федеральная дорога;49;15;Детский сад;Федеральная дорога;100
1297;;Проект территории Новознаменский;642;Исходный;Определи автозаправки, которые находятся в радиусе 50 м от парка, чтобы оценить влияние на экологию.;В отображаемом слое для проекта Проект территории Новознаменский показаны объекты типа «Автозаправка», расположенные в радиусе 50 м от объектов типа «Парк».;1 - слой с объектами «Автозаправка», 2 - слой с объектами «Парк», учитывающий буфер 50 м вокруг каждого объекта.;;857;Парк, Автозаправка;;49;16;Парк;Автозаправка;50
1298;;Проект территории Новознаменский;642;Исходный;Сколько спортивных площадок находятся в пределах 200 м от водонапорной башни, чтобы проверить доступность водоснабжения.;В отображаемом слое для проекта Проект территории Новознаменский показаны объекты типа «Спортивная площадка», расположенные в радиусе 200 м от объектов типа «Водонапорная башня».;1 - слой с объектами «Спортивная площадка», 2 - слой с объектами «Водонапорная башня», учитывающий буфер 200 м вокруг каждого объекта.;;857;Спортивная площадка;Водонапорная башня;49;17;Водонапорная башня;Спортивная площадка;200
1299;;Проект территории Новознаменский;642;Исходный;Выведи нежилые здания, которые находятся внутри 200 м от театра, чтобы оценить шумовое воздействие.;В отображаемом слое для проекта Проект территории Новознаменский показаны объекты типа «Нежилое здание», расположенные в радиусе 200 м от объектов типа «Театр».;1 - слой с объектами «Нежилое здание», 2 - слой с объектами «Театр», учитывающий буфер 200 м вокруг каждого объекта.;;857;Театр;Нежилое здание;49;18;Театр;Нежилое здание;200
1300;;"Проект г. Шуя для ДПО ""Мастер-планирование""";917;Исходный;Покажи, сколько высших учебных заведений находятся в радиусе 300 м от зеленой зоны, поскольку это обеспечивает доступ к образовательным ресурсам.;"В отображаемом слое для проекта Проект г. Шуя для ДПО ""Мастер-планирование"" показаны объекты типа «Высшее учебное заведение», расположенные в радиусе 300 м от объектов типа «Зеленая зона».";1 - слой с объектами «Высшее учебное заведение», 2 - слой с объектами «Зеленая зона», учитывающий буфер 300 м вокруг каждого объекта.;;1390;Высшее учебное заведение;Зеленая зона;50;10;Зеленая зона;Высшее учебное заведение;300
1301;;"Проект г. Шуя для ДПО ""Мастер-планирование""";917;Исходный;Найди кинотеатры, которые расположены не далее чем 50 м внутри стадиона, чтобы оценить совместимость культурных объектов.;"В отображаемом слое для проекта Проект г. Шуя для ДПО ""Мастер-планирование"" показаны объекты типа «Кинотеатр», расположенные в радиусе 50 м от объектов типа «Стадион».";1 - слой с объектами «Кинотеатр», 2 - слой с объектами «Стадион», учитывающий буфер 50 м вокруг каждого объекта.;;1390;Стадион, Кинотеатр;;50;11;Стадион;Кинотеатр;50
1302;;"Проект г. Шуя для ДПО ""Мастер-планирование""";917;Исходный;Определи, сколько памятников входят в 100 м от религиозного объекта, так как они могут быть частью исторического контекста.;"В отображаемом слое для проекта Проект г. Шуя для ДПО ""Мастер-планирование"" показаны объекты типа «Памятник», расположенные в радиусе 100 м от объектов типа «Религиозный объект».";1 - слой с объектами «Памятник», 2 - слой с объектами «Религиозный объект», учитывающий буфер 100 м вокруг каждого объекта.;;1390;Религиозный объект;Памятник;50;12;Религиозный объект;Памятник;100
1303;;"Проект г. Шуя для ДПО ""Мастер-планирование""";917;Исходный;Подсчитай, сколько гостиниц находятся в пределах 150 м от почтового отделения, чтобы понять влияние почтовой инфраструктуры на отельный бизнес.;"В отображаемом слое для проекта Проект г. Шуя для ДПО ""Мастер-планирование"" показаны объекты типа «Гостиница», расположенные в радиусе 150 м от объектов типа «Почтовое отделение».";1 - слой с объектами «Гостиница», 2 - слой с объектами «Почтовое отделение», учитывающий буфер 150 м вокруг каждого объекта.;;1390;Почтовое отделение, Гостиница;;50;13;Почтовое отделение;Гостиница;150
1304;;"Проект г. Шуя для ДПО ""Мастер-планирование""";917;Исходный;Выведи зеленые зоны, которые расположены в радиусе 500 м от гостиницы, ведь это важно для экологической оценки отеля.;"В отображаемом слое для проекта Проект г. Шуя для ДПО ""Мастер-планирование"" показаны объекты типа «Зеленая зона», расположенные в радиусе 500 м от объектов типа «Гостиница».";1 - слой с объектами «Зеленая зона», 2 - слой с объектами «Гостиница», учитывающий буфер 500 м вокруг каждого объекта.;;1390;Гостиница;Зеленая зона;50;14;Гостиница;Зеленая зона;500
1305;;"Проект г. Шуя для ДПО ""Мастер-планирование""";917;Исходный;Проверь, сколько площадок находятся не далее 500 м от промышленной территории, чтобы оценить доступность для складских операций.;"В отображаемом слое для проекта Проект г. Шуя для ДПО ""Мастер-планирование"" показаны объекты типа «Площадка», расположенные в радиусе 500 м от объектов типа «Промышленная территория».";1 - слой с объектами «Площадка», 2 - слой с объектами «Промышленная территория», учитывающий буфер 500 м вокруг каждого объекта.;;1390;;Промышленная территория, Площадка;50;15;Промышленная территория;Площадка;500
1306;;"Проект г. Шуя для ДПО ""Мастер-планирование""";917;Исходный;Сравни, какие школы находятся в 200 м от железнодорожной станции, чтобы проанализировать транспортную доступность для учащихся.;"В отображаемом слое для проекта Проект г. Шуя для ДПО ""Мастер-планирование"" показаны объекты типа «Школа», расположенные в радиусе 200 м от объектов типа «Железнодорожная станция».";1 - слой с объектами «Школа», 2 - слой с объектами «Железнодорожная станция», учитывающий буфер 200 м вокруг каждого объекта.;;1390;Школа;Железнодорожная станция;50;16;Железнодорожная станция;Школа;200
1307;;"Проект г. Шуя для ДПО ""Мастер-планирование""";917;Исходный;Уточни, сколько жилых домов находятся в 200 м от памятника, чтобы учесть возможное влияние памятника на жилой район.;"В отображаемом слое для проекта Проект г. Шуя для ДПО ""Мастер-планирование"" показаны объекты типа «Жилой дом», расположенные в радиусе 200 м от объектов типа «Памятник».";1 - слой с объектами «Жилой дом», 2 - слой с объектами «Памятник», учитывающий буфер 200 м вокруг каждого объекта.;;1390;;Памятник, Жилой дом;50;17;Памятник;Жилой дом;200
1308;;"Проект г. Шуя для ДПО ""Мастер-планирование""";917;Исходный;Покажи гостиницы, которые находятся в радиусе 100 м от торгового центра, поскольку это показывает степень интеграции гостиничного бизнеса в коммерческий район.;"В отображаемом слое для проекта Проект г. Шуя для ДПО ""Мастер-планирование"" показаны объекты типа «Гостиница», расположенные в радиусе 100 м от объектов типа «Торговый центр».";1 - слой с объектами «Гостиница», 2 - слой с объектами «Торговый центр», учитывающий буфер 100 м вокруг каждого объекта.;;1390;Торговый центр, Гостиница;;50;18;Торговый центр;Гостиница;100
1309;;"Проект г. Шуя для ДПО ""Мастер-планирование""";917;Исходный;Найди, пожалуйста, сколько торговых центров находятся в пределах 300 м от Одежда и обувь, чтобы оценить поток посетителей.;"В отображаемом слое для проекта Проект г. Шуя для ДПО ""Мастер-планирование"" показаны объекты типа «Торговый центр», расположенные в радиусе 300 м от объектов типа «Одежда и обувь».";1 - слой с объектами «Торговый центр», 2 - слой с объектами «Одежда и обувь», учитывающий буфер 300 м вокруг каждого объекта.;;1390;Одежда и обувь, Торговый центр;;51;10;Одежда и обувь;Торговый центр;300
1310;;"Проект г. Шуя для ДПО ""Мастер-планирование""";917;Исходный;Определи, сколько бытовой техники расположено в пределах 150 м от памятника, так как это важно для охраны памятника.;"В отображаемом слое для проекта Проект г. Шуя для ДПО ""Мастер-планирование"" показаны объекты типа «Бытовая техника», расположенные в радиусе 150 м от объектов типа «Памятник».";1 - слой с объектами «Бытовая техника», 2 - слой с объектами «Памятник», учитывающий буфер 150 м вокруг каждого объекта.;;1390;Бытовая техника;Памятник;51;11;Памятник;Бытовая техника;150
1311;;"Проект г. Шуя для ДПО ""Мастер-планирование""";917;Исходный;Покажи, какие торговые центры находятся в пределах 300 м от памятника, поскольку это может нарушать зоны охраны.;"В отображаемом слое для проекта Проект г. Шуя для ДПО ""Мастер-планирование"" показаны объекты типа «Торговый центр», расположенные в радиусе 300 м от объектов типа «Памятник».";1 - слой с объектами «Торговый центр», 2 - слой с объектами «Памятник», учитывающий буфер 300 м вокруг каждого объекта.;;1390;Торговый центр;Памятник;51;12;Памятник;Торговый центр;300
1312;;"Проект г. Шуя для ДПО ""Мастер-планирование""";917;Исходный;Выведи список бытовой техники, расположенной в пределах 100 м от парка, чтобы проверить соответствие экологическим нормам.;"В отображаемом слое для проекта Проект г. Шуя для ДПО ""Мастер-планирование"" показаны объекты типа «Бытовая техника», расположенные в радиусе 100 м от объектов типа «Парк».";1 - слой с объектами «Бытовая техника», 2 - слой с объектами «Парк», учитывающий буфер 100 м вокруг каждого объекта.;;1390;Парк, Бытовая техника;;51;13;Парк;Бытовая техника;100
1313;;"Проект г. Шуя для ДПО ""Мастер-планирование""";917;Исходный;Сколько заправочных станций находится в пределах 50 м от религиозного объекта? Это важно для соблюдения санитарных ограничений.;"В отображаемом слое для проекта Проект г. Шуя для ДПО ""Мастер-планирование"" показаны объекты типа «Заправочная станция», расположенные в радиусе 50 м от объектов типа «Религиозный объект».";1 - слой с объектами «Заправочная станция», 2 - слой с объектами «Религиозный объект», учитывающий буфер 50 м вокруг каждого объекта.;;1390;Религиозный объект;Заправочная станция;51;14;Религиозный объект;Заправочная станция;50
1314;;"Проект г. Шуя для ДПО ""Мастер-планирование""";917;Исходный;Найди банкоматы, расположенные в пределах 300 м от гостиницы, поскольку это критично для удобства гостей.;"В отображаемом слое для проекта Проект г. Шуя для ДПО ""Мастер-планирование"" показаны объекты типа «Банкомат», расположенные в радиусе 300 м от объектов типа «Гостиница».";1 - слой с объектами «Банкомат», 2 - слой с объектами «Гостиница», учитывающий буфер 300 м вокруг каждого объекта.;;1390;Гостиница, Банкомат;;51;15;Гостиница;Банкомат;300
1315;;"Проект г. Шуя для ДПО ""Мастер-планирование""";917;Исходный;Считай супермаркеты, находящиеся в пределах 100 м от рекреационной зоны, чтобы оценить доступность товаров для посетителей.;"В отображаемом слое для проекта Проект г. Шуя для ДПО ""Мастер-планирование"" показаны объекты типа «Супермаркет», расположенные в радиусе 100 м от объектов типа «Рекреационная зона».";1 - слой с объектами «Супермаркет», 2 - слой с объектами «Рекреационная зона», учитывающий буфер 100 м вокруг каждого объекта.;;1390;Супермаркет;Рекреационная зона;51;16;Рекреационная зона;Супермаркет;100
1316;;"Проект г. Шуя для ДПО ""Мастер-планирование""";917;Исходный;Выяви региональные дороги, находящиеся в пределах 200 м от почтового отделения, чтобы улучшить транспортную доступность.;"В отображаемом слое для проекта Проект г. Шуя для ДПО ""Мастер-планирование"" показаны объекты типа «Региональная дорога», расположенные в радиусе 200 м от объектов типа «Почтовое отделение».";1 - слой с объектами «Региональная дорога», 2 - слой с объектами «Почтовое отделение», учитывающий буфер 200 м вокруг каждого объекта.;;1390;Почтовое отделение;Региональная дорога;51;17;Почтовое отделение;Региональная дорога;200
1317;;"Проект г. Шуя для ДПО ""Мастер-планирование""";917;Исходный;Покажи, сколько бытовой техники находится в пределах 150 м от музея, чтобы убедиться в соблюдении правил безопасности.;"В отображаемом слое для проекта Проект г. Шуя для ДПО ""Мастер-планирование"" показаны объекты типа «Бытовая техника», расположенные в радиусе 150 м от объектов типа «Музей».";1 - слой с объектами «Бытовая техника», 2 - слой с объектами «Музей», учитывающий буфер 150 м вокруг каждого объекта.;;1390;Музей, Бытовая техника;;51;18;Музей;Бытовая техника;150
1318;;"Проект г. Шуя для ДПО ""Мастер-планирование""";917;Исходный;Покажи автозаправки внутри радиуса 150 м от продуктов (магазин у дома), чтобы проверить наличие бензопитей рядом с магазинами.;"В отображаемом слое для проекта Проект г. Шуя для ДПО ""Мастер-планирование"" показаны объекты типа «Автозаправка», расположенные в радиусе 150 м от объектов типа «Продукты (магазин у дома)».";1 - слой с объектами «Автозаправка», 2 - слой с объектами «Продукты (магазин у дома)», учитывающий буфер 150 м вокруг каждого объекта.;;1390;Продукты (магазин у дома), Автозаправка;;52;10;Продукты (магазин у дома);Автозаправка;150
1319;;"Проект г. Шуя для ДПО ""Мастер-планирование""";917;Исходный;Найди промышленные территории, которые находятся в пределах 50 м от парка, чтобы убедиться в соблюдении экологических норм.;"В отображаемом слое для проекта Проект г. Шуя для ДПО ""Мастер-планирование"" показаны объекты типа «Промышленная территория», расположенные в радиусе 50 м от объектов типа «Парк».";1 - слой с объектами «Промышленная территория», 2 - слой с объектами «Парк», учитывающий буфер 50 м вокруг каждого объекта.;;1390;Парк;Промышленная территория;52;11;Парк;Промышленная территория;50
1320;;"Проект г. Шуя для ДПО ""Мастер-планирование""";917;Исходный;Определи кинотеатры внутри радиуса 50 м от продуктов (магазин у дома), чтобы оценить культурную доступность.;"В отображаемом слое для проекта Проект г. Шуя для ДПО ""Мастер-планирование"" показаны объекты типа «Кинотеатр», расположенные в радиусе 50 м от объектов типа «Продукты (магазин у дома)».";1 - слой с объектами «Кинотеатр», 2 - слой с объектами «Продукты (магазин у дома)», учитывающий буфер 50 м вокруг каждого объекта.;;1390;Продукты (магазин у дома), Кинотеатр;;52;12;Продукты (магазин у дома);Кинотеатр;50
1321;;"Проект г. Шуя для ДПО ""Мастер-планирование""";917;Исходный;Сколько железнодорожных станций находится в пределах 200 м от автозаправок, чтобы оценить транспортную связность.;"В отображаемом слое для проекта Проект г. Шуя для ДПО ""Мастер-планирование"" показаны объекты типа «Железнодорожная станция», расположенные в радиусе 200 м от объектов типа «Автозаправка».";1 - слой с объектами «Железнодорожная станция», 2 - слой с объектами «Автозаправка», учитывающий буфер 200 м вокруг каждого объекта.;;1390;Автозаправка;Железнодорожная станция;52;13;Автозаправка;Железнодорожная станция;200
1322;;"Проект г. Шуя для ДПО ""Мастер-планирование""";917;Исходный;Выведи рекреационные зоны в пределах 100 м от промышленных территорий, чтобы определить зоны отдыха.;"В отображаемом слое для проекта Проект г. Шуя для ДПО ""Мастер-планирование"" показаны объекты типа «Рекреационная зона», расположенные в радиусе 100 м от объектов типа «Промышленная территория».";1 - слой с объектами «Рекреационная зона», 2 - слой с объектами «Промышленная территория», учитывающий буфер 100 м вокруг каждого объекта.;;1390;;Промышленная территория, Рекреационная зона;52;14;Промышленная территория;Рекреационная зона;100
1323;;"Проект г. Шуя для ДПО ""Мастер-планирование""";917;Исходный;Проверь рекреационные зоны в пределах 500 м от средних специальных учебных заведений, чтобы оценить доступность.;"В отображаемом слое для проекта Проект г. Шуя для ДПО ""Мастер-планирование"" показаны объекты типа «Рекреационная зона», расположенные в радиусе 500 м от объектов типа «Среднее специальное учебное заведение».";1 - слой с объектами «Рекреационная зона», 2 - слой с объектами «Среднее специальное учебное заведение», учитывающий буфер 500 м вокруг каждого объекта.;;1390;Среднее специальное учебное заведение;Рекреационная зона;52;15;Среднее специальное учебное заведение;Рекреационная зона;500
1324;;"Проект г. Шуя для ДПО ""Мастер-планирование""";917;Исходный;Проверь салон красоты в пределах 300 м от полицейского участка, чтобы проверить соблюдение правил.;"В отображаемом слое для проекта Проект г. Шуя для ДПО ""Мастер-планирование"" показаны объекты типа «Салон красоты», расположенные в радиусе 300 м от объектов типа «Полицейский участок».";1 - слой с объектами «Салон красоты», 2 - слой с объектами «Полицейский участок», учитывающий буфер 300 м вокруг каждого объекта.;;1390;Полицейский участок, Салон красоты;;52;16;Полицейский участок;Салон красоты;300
1325;;"Проект г. Шуя для ДПО ""Мастер-планирование""";917;Исходный;Покажи спортивные площадки в пределах 50 м от парковок, чтобы убедиться в наличии свободных площадок.;"В отображаемом слое для проекта Проект г. Шуя для ДПО ""Мастер-планирование"" показаны объекты типа «Спортивная площадка», расположенные в радиусе 50 м от объектов типа «Парковка».";1 - слой с объектами «Спортивная площадка», 2 - слой с объектами «Парковка», учитывающий буфер 50 м вокруг каждого объекта.;;1390;Спортивная площадка;Парковка;52;17;Парковка;Спортивная площадка;50
1326;;"Проект г. Шуя для ДПО ""Мастер-планирование""";917;Исходный;Найди нежилые здания в пределах 150 м от банкоматов, чтобы оценить безопасность.;"В отображаемом слое для проекта Проект г. Шуя для ДПО ""Мастер-планирование"" показаны объекты типа «Нежилое здание», расположенные в радиусе 150 м от объектов типа «Банкомат».";1 - слой с объектами «Нежилое здание», 2 - слой с объектами «Банкомат», учитывающий буфер 150 м вокруг каждого объекта.;;1390;Банкомат;Нежилое здание;52;18;Банкомат;Нежилое здание;150
1327;;Проект территории Новознаменский;642;Исходный;Найди количество нежилых зданий в пределах 300 м от спортивной площадки.;В отображаемом слое для проекта Проект территории Новознаменский показаны объекты типа «Нежилое здание», расположенные в радиусе 300 м от объектов типа «Спортивная площадка».;1 - слой с объектами «Нежилое здание», 2 - слой с объектами «Спортивная площадка», учитывающий буфер 300 м вокруг каждого объекта.;;857;Спортивная площадка;Нежилое здание;53;10;Спортивная площадка;Нежилое здание;300
1328;;Проект территории Новознаменский;642;Исходный;Покажи скейт‑парки, расположенные в пределах 200 м от детской площадки.;В отображаемом слое для проекта Проект территории Новознаменский показаны объекты типа «Скейт-парк», расположенные в радиусе 200 м от объектов типа «Детская площадка».;1 - слой с объектами «Скейт-парк», 2 - слой с объектами «Детская площадка», учитывающий буфер 200 м вокруг каждого объекта.;;857;Детская площадка, Скейт-парк;;53;11;Детская площадка;Скейт-парк;200
1329;;Проект территории Новознаменский;642;Исходный;Определи, сколько школ находится в пределах 200 м от нежилого здания.;В отображаемом слое для проекта Проект территории Новознаменский показаны объекты типа «Школа», расположенные в радиусе 200 м от объектов типа «Нежилое здание».;1 - слой с объектами «Школа», 2 - слой с объектами «Нежилое здание», учитывающий буфер 200 м вокруг каждого объекта.;;857;Школа;Нежилое здание;53;12;Нежилое здание;Школа;200
1330;;Проект территории Новознаменский;642;Исходный;Узнай, сколько автозаправок находится в пределах 150 м от нежилого здания.;В отображаемом слое для проекта Проект территории Новознаменский показаны объекты типа «Автозаправка», расположенные в радиусе 150 м от объектов типа «Нежилое здание».;1 - слой с объектами «Автозаправка», 2 - слой с объектами «Нежилое здание», учитывающий буфер 150 м вокруг каждого объекта.;;857;Автозаправка;Нежилое здание;53;13;Нежилое здание;Автозаправка;150
1331;;Проект территории Новознаменский;642;Исходный;Выведи нежилые здания, находящиеся в пределах 100 м от скейт‑парка.;В отображаемом слое для проекта Проект территории Новознаменский показаны объекты типа «Нежилое здание», расположенные в радиусе 100 м от объектов типа «Скейт-парк».;1 - слой с объектами «Нежилое здание», 2 - слой с объектами «Скейт-парк», учитывающий буфер 100 м вокруг каждого объекта.;;857;Скейт-парк;Нежилое здание;53;14;Скейт-парк;Нежилое здание;100
1332;;Проект территории Новознаменский;642;Исходный;Проверь, сколько заправочных станций находится в пределах 200 м от федеральной дороги.;В отображаемом слое для проекта Проект территории Новознаменский показаны объекты типа «Заправочная станция», расположенные в радиусе 200 м от объектов типа «Федеральная дорога».;1 - слой с объектами «Заправочная станция», 2 - слой с объектами «Федеральная дорога», учитывающий буфер 200 м вокруг каждого объекта.;;857;;Федеральная дорога, Заправочная станция;53;15;Федеральная дорога;Заправочная станция;200
1333;;Проект территории Новознаменский;642;Исходный;Посчитай детские сады, расположенные в пределах 50 м от зеленой зоны.;В отображаемом слое для проекта Проект территории Новознаменский показаны объекты типа «Детский сад», расположенные в радиусе 50 м от объектов типа «Зеленая зона».;1 - слой с объектами «Детский сад», 2 - слой с объектами «Зеленая зона», учитывающий буфер 50 м вокруг каждого объекта.;;857;Детский сад;Зеленая зона;53;16;Зеленая зона;Детский сад;50
1334;;Проект территории Новознаменский;642;Исходный;Сравни, сколько детских площадок находится в пределах 500 м от детского сада.;В отображаемом слое для проекта Проект территории Новознаменский показаны объекты типа «Детская площадка», расположенные в радиусе 500 м от объектов типа «Детский сад».;1 - слой с объектами «Детская площадка», 2 - слой с объектами «Детский сад», учитывающий буфер 500 м вокруг каждого объекта.;;857;Детский сад, Детская площадка;;53;17;Детский сад;Детская площадка;500
1335;;Проект территории Новознаменский;642;Исходный;Оцени, какие рекреационные зоны находятся в пределах 50 м от детской площадки.;В отображаемом слое для проекта Проект территории Новознаменский показаны объекты типа «Рекреационная зона», расположенные в радиусе 50 м от объектов типа «Детская площадка».;1 - слой с объектами «Рекреационная зона», 2 - слой с объектами «Детская площадка», учитывающий буфер 50 м вокруг каждого объекта.;;857;Детская площадка;Рекреационная зона;53;18;Детская площадка;Рекреационная зона;50
1336;;Магдагачи;945;Исходный;Найди количество нежилых зданий внутри радиуса 50 м от школы, поскольку близость повышает доступность инфраструктуры.;В отображаемом слое для проекта Магдагачи показаны объекты типа «Нежилое здание», расположенные в радиусе 50 м от объектов типа «Школа».;1 - слой с объектами «Нежилое здание», 2 - слой с объектами «Школа», учитывающий буфер 50 м вокруг каждого объекта.;;1440;Школа;Нежилое здание;54;10;Школа;Нежилое здание;50
1337;;Магдагачи;945;Исходный;Проверь, сколько продуктов (магазина у дома) находится в пределах 100 м от булочной, чтобы оценить перекрытие торговой зоны.;В отображаемом слое для проекта Магдагачи показаны объекты типа «Продукты (магазин у дома)», расположенные в радиусе 100 м от объектов типа «Булочная».;1 - слой с объектами «Продукты (магазин у дома)», 2 - слой с объектами «Булочная», учитывающий буфер 100 м вокруг каждого объекта.;;1440;Булочная, Продукты (магазин у дома);;54;11;Булочная;Продукты (магазин у дома);100
1338;;Магдагачи;945;Исходный;Определи, сколько нежилых зданий расположено не далее 50 м от ресторана, чтобы учесть коммерческое соседство.;В отображаемом слое для проекта Магдагачи показаны объекты типа «Нежилое здание», расположенные в радиусе 50 м от объектов типа «Ресторан».;1 - слой с объектами «Нежилое здание», 2 - слой с объектами «Ресторан», учитывающий буфер 50 м вокруг каждого объекта.;;1440;Ресторан;Нежилое здание;54;12;Ресторан;Нежилое здание;50
1339;;Магдагачи;945;Исходный;Выведи список школ, которые находятся внутри радиуса 50 м от продуктов (магазина у дома), чтобы проверить наличие образовательных учреждений рядом с торговлей.;В отображаемом слое для проекта Магдагачи показаны объекты типа «Школа», расположенные в радиусе 50 м от объектов типа «Продукты (магазин у дома)».;1 - слой с объектами «Школа», 2 - слой с объектами «Продукты (магазин у дома)», учитывающий буфер 50 м вокруг каждого объекта.;;1440;Продукты (магазин у дома), Школа;;54;13;Продукты (магазин у дома);Школа;50
1340;;Магдагачи;945;Исходный;Сколько банкоматов находится в пределах 50 м от продуктов (магазина у дома), чтобы оценить финансовую доступность?;В отображаемом слое для проекта Магдагачи показаны объекты типа «Банкомат», расположенные в радиусе 50 м от объектов типа «Продукты (магазин у дома)».;1 - слой с объектами «Банкомат», 2 - слой с объектами «Продукты (магазин у дома)», учитывающий буфер 50 м вокруг каждого объекта.;;1440;Продукты (магазин у дома), Банкомат;;54;14;Продукты (магазин у дома);Банкомат;50
1341;;Магдагачи;945;Исходный;Определи, сколько продуктов (магазина у дома) расположено не далее 500 м от детского сада, чтобы оценить питание вблизи.;В отображаемом слое для проекта Магдагачи показаны объекты типа «Продукты (магазин у дома)», расположенные в радиусе 500 м от объектов типа «Детский сад».;1 - слой с объектами «Продукты (магазин у дома)», 2 - слой с объектами «Детский сад», учитывающий буфер 500 м вокруг каждого объекта.;;1440;Детский сад, Продукты (магазин у дома);;54;15;Детский сад;Продукты (магазин у дома);500
1342;;Магдагачи;945;Исходный;Покажи, сколько булочных находится внутри радиуса 50 м от школы, чтобы проверить перекрытие услуг питания.;В отображаемом слое для проекта Магдагачи показаны объекты типа «Булочная», расположенные в радиусе 50 м от объектов типа «Школа».;1 - слой с объектами «Булочная», 2 - слой с объектами «Школа», учитывающий буфер 50 м вокруг каждого объекта.;;1440;Школа, Булочная;;54;16;Школа;Булочная;50
1343;;Магдагачи;945;Исходный;Сколько детских садов находится в пределах 100 м от магазина одежды и обуви, чтобы оценить детскую инфраструктуру.;В отображаемом слое для проекта Магдагачи показаны объекты типа «Детский сад», расположенные в радиусе 100 м от объектов типа «Одежда и обувь».;1 - слой с объектами «Детский сад», 2 - слой с объектами «Одежда и обувь», учитывающий буфер 100 м вокруг каждого объекта.;;1440;Одежда и обувь, Детский сад;;54;17;Одежда и обувь;Детский сад;100
1344;;Магдагачи;945;Исходный;Найди количество супермаркетов, которые находятся не далее 500 м от жилого дома, чтобы оценить доступность продовольствия.;В отображаемом слое для проекта Магдагачи показаны объекты типа «Супермаркет», расположенные в радиусе 500 м от объектов типа «Жилой дом».;1 - слой с объектами «Супермаркет», 2 - слой с объектами «Жилой дом», учитывающий буфер 500 м вокруг каждого объекта.;;1440;Супермаркет;Жилой дом;54;18;Жилой дом;Супермаркет;500
1345;;Магдагачи;945;Исходный;Определи, сколько детских садов находятся в пределах 150 м от супермаркета.;В отображаемом слое для проекта Магдагачи показаны объекты типа «Детский сад», расположенные в радиусе 150 м от объектов типа «Супермаркет».;1 - слой с объектами «Детский сад», 2 - слой с объектами «Супермаркет», учитывающий буфер 150 м вокруг каждого объекта.;;1440;Супермаркет, Детский сад;;55;10;Супермаркет;Детский сад;150
1346;;Магдагачи;945;Исходный;Покажи, сколько жилых домов находятся не далее 150 м от школы.;В отображаемом слое для проекта Магдагачи показаны объекты типа «Жилой дом», расположенные в радиусе 150 м от объектов типа «Школа».;1 - слой с объектами «Жилой дом», 2 - слой с объектами «Школа», учитывающий буфер 150 м вокруг каждого объекта.;;1440;Школа;Жилой дом;55;11;Школа;Жилой дом;150
1347;;Магдагачи;945;Исходный;Найди детские сады, которые расположены внутри 50 м от супермаркета.;В отображаемом слое для проекта Магдагачи показаны объекты типа «Супермаркет», расположенные в радиусе 50 м от объектов типа «Детский сад».;1 - слой с объектами «Супермаркет», 2 - слой с объектами «Детский сад», учитывающий буфер 50 м вокруг каждого объекта.;;1440;Детский сад, Супермаркет;;55;12;Детский сад;Супермаркет;50
1348;;Магдагачи;945;Исходный;Проверь, сколько супермаркетов находятся в пределах 100 м от школы.;В отображаемом слое для проекта Магдагачи показаны объекты типа «Супермаркет», расположенные в радиусе 100 м от объектов типа «Школа».;1 - слой с объектами «Супермаркет», 2 - слой с объектами «Школа», учитывающий буфер 100 м вокруг каждого объекта.;;1440;Школа, Супермаркет;;55;13;Школа;Супермаркет;100
1349;;Магдагачи;945;Исходный;Сколько ресторанов расположены не далее 50 м от жилого дома?;В отображаемом слое для проекта Магдагачи показаны объекты типа «Ресторан», расположенные в радиусе 50 м от объектов типа «Жилой дом».;1 - слой с объектами «Ресторан», 2 - слой с объектами «Жилой дом», учитывающий буфер 50 м вокруг каждого объекта.;;1440;Ресторан;Жилой дом;55;14;Жилой дом;Ресторан;50
1350;;Магдагачи;945;Исходный;Определи, сколько детских садов находятся в пределах 500 м от супермаркета.;В отображаемом слое для проекта Магдагачи показаны объекты типа «Детский сад», расположенные в радиусе 500 м от объектов типа «Супермаркет».;1 - слой с объектами «Детский сад», 2 - слой с объектами «Супермаркет», учитывающий буфер 500 м вокруг каждого объекта.;;1440;Супермаркет, Детский сад;;55;15;Супермаркет;Детский сад;500
1351;;Магдагачи;945;Исходный;Найди детские сады, которые находятся внутри 300 м от булочной.;В отображаемом слое для проекта Магдагачи показаны объекты типа «Детский сад», расположенные в радиусе 300 м от объектов типа «Булочная».;1 - слой с объектами «Детский сад», 2 - слой с объектами «Булочная», учитывающий буфер 300 м вокруг каждого объекта.;;1440;Булочная, Детский сад;;55;16;Булочная;Детский сад;300
1352;;Магдагачи;945;Исходный;Покажи, сколько ресторанов находятся в пределах 300 м от булочной.;В отображаемом слое для проекта Магдагачи показаны объекты типа «Ресторан», расположенные в радиусе 300 м от объектов типа «Булочная».;1 - слой с объектами «Ресторан», 2 - слой с объектами «Булочная», учитывающий буфер 300 м вокруг каждого объекта.;;1440;Булочная, Ресторан;;55;17;Булочная;Ресторан;300
1353;;Магдагачи;945;Исходный;Сколько магазинов одежды и обуви находятся в пределах 200 м от банкомата?;В отображаемом слое для проекта Магдагачи показаны объекты типа «Одежда и обувь», расположенные в радиусе 200 м от объектов типа «Банкомат».;1 - слой с объектами «Одежда и обувь», 2 - слой с объектами «Банкомат», учитывающий буфер 200 м вокруг каждого объекта.;;1440;Банкомат, Одежда и обувь;;55;18;Банкомат;Одежда и обувь;200
1354;;Отрадное_2;1097;Исходный;Покажи, сколько детских площадок находится в радиусе 100 м от озера, чтобы оценить уровень шума в зоне отдыха.;В отображаемом слое для проекта Отрадное_2 показаны объекты типа «Детская площадка», расположенные в радиусе 100 м от объектов типа «Озеро».;1 - слой с объектами «Детская площадка», 2 - слой с объектами «Озеро», учитывающий буфер 100 м вокруг каждого объекта.;;1738;Детская площадка;Озеро;56;10;Озеро;Детская площадка;100
1355;;Отрадное_2;1097;Исходный;Найди, сколько нежилых зданий находится в пределах 100 м от озера, чтобы проверить соблюдение нормы.;В отображаемом слое для проекта Отрадное_2 показаны объекты типа «Нежилое здание», расположенные в радиусе 100 м от объектов типа «Озеро».;1 - слой с объектами «Нежилое здание», 2 - слой с объектами «Озеро», учитывающий буфер 100 м вокруг каждого объекта.;;1738;;Озеро, Нежилое здание;56;11;Озеро;Нежилое здание;100
1356;;Отрадное_2;1097;Исходный;Определи, сколько нежилых зданий находится в радиусе 150 м от озера, учитывая расширение зоны.;В отображаемом слое для проекта Отрадное_2 показаны объекты типа «Нежилое здание», расположенные в радиусе 150 м от объектов типа «Озеро».;1 - слой с объектами «Нежилое здание», 2 - слой с объектами «Озеро», учитывающий буфер 150 м вокруг каждого объекта.;;1738;;Озеро, Нежилое здание;56;12;Озеро;Нежилое здание;150
1357;;Отрадное_2;1097;Исходный;Сколько нежилых зданий находится в пределах 100 м от леса, чтобы оценить влияние на экосистему.;В отображаемом слое для проекта Отрадное_2 показаны объекты типа «Нежилое здание», расположенные в радиусе 100 м от объектов типа «Лес».;1 - слой с объектами «Нежилое здание», 2 - слой с объектами «Лес», учитывающий буфер 100 м вокруг каждого объекта.;;1738;;Лес, Нежилое здание;56;13;Лес;Нежилое здание;100
1358;;Отрадное_2;1097;Исходный;Выведи, сколько детских площадок находится не далее чем 300 м от нежилого здания, чтобы соблюсти правила безопасности.;В отображаемом слое для проекта Отрадное_2 показаны объекты типа «Детская площадка», расположенные в радиусе 300 м от объектов типа «Нежилое здание».;1 - слой с объектами «Детская площадка», 2 - слой с объектами «Нежилое здание», учитывающий буфер 300 м вокруг каждого объекта.;;1738;Детская площадка;Нежилое здание;56;14;Нежилое здание;Детская площадка;300
1359;;Отрадное_2;1097;Исходный;Проверь, сколько нежилых зданий находится в радиусе 50 м от жилого дома, чтобы удостовериться в соответствии зонирования.;В отображаемом слое для проекта Отрадное_2 показаны объекты типа «Нежилое здание», расположенные в радиусе 50 м от объектов типа «Жилой дом».;1 - слой с объектами «Нежилое здание», 2 - слой с объектами «Жилой дом», учитывающий буфер 50 м вокруг каждого объекта.;;1738;;Жилой дом, Нежилое здание;56;15;Жилой дом;Нежилое здание;50
1360;;Отрадное_2;1097;Исходный;Найди, сколько жилых домов находится не далее чем 50 м от детской площадки, чтобы оценить доступность.;В отображаемом слое для проекта Отрадное_2 показаны объекты типа «Жилой дом», расположенные в радиусе 50 м от объектов типа «Детская площадка».;1 - слой с объектами «Жилой дом», 2 - слой с объектами «Детская площадка», учитывающий буфер 50 м вокруг каждого объекта.;;1738;Детская площадка;Жилой дом;56;16;Детская площадка;Жилой дом;50
1361;;Отрадное_2;1097;Исходный;Определи, сколько детских площадок находится в радиусе 200 м от жилого дома, чтобы спланировать инфраструктуру.;В отображаемом слое для проекта Отрадное_2 показаны объекты типа «Детская площадка», расположенные в радиусе 200 м от объектов типа «Жилой дом».;1 - слой с объектами «Детская площадка», 2 - слой с объектами «Жилой дом», учитывающий буфер 200 м вокруг каждого объекта.;;1738;Детская площадка;Жилой дом;56;17;Жилой дом;Детская площадка;200
1362;;Отрадное_2;1097;Исходный;Выведи, сколько площадок находится не далее чем 150 м от озера, чтобы уточнить зоны отдыха.;В отображаемом слое для проекта Отрадное_2 показаны объекты типа «Площадка», расположенные в радиусе 150 м от объектов типа «Озеро».;1 - слой с объектами «Площадка», 2 - слой с объектами «Озеро», учитывающий буфер 150 м вокруг каждого объекта.;;1738;;Озеро, Площадка;56;18;Озеро;Площадка;150
1363;;Щеглово;1235;Исходный;Определи, сколько рекреационных зон находится в радиусе 150 м от спортивного зала, так как это важно для оценки доступности спортивных объектов.;В отображаемом слое для проекта Щеглово показаны объекты типа «Рекреационная зона», расположенные в радиусе 150 м от объектов типа «Спортивный зал».;1 - слой с объектами «Рекреационная зона», 2 - слой с объектами «Спортивный зал», учитывающий буфер 150 м вокруг каждого объекта.;;5021;Спортивный зал;Рекреационная зона;57;8;Спортивный зал;Рекреационная зона;150
1364;;Щеглово;1235;Исходный;Покажи, сколько стоматологических клиник расположены в пределах 200 м от жилого дома, чтобы понять уровень медицинской доступности.;В отображаемом слое для проекта Щеглово показаны объекты типа «Стоматологическая клиника», расположенные в радиусе 200 м от объектов типа «Жилой дом».;1 - слой с объектами «Стоматологическая клиника», 2 - слой с объектами «Жилой дом», учитывающий буфер 200 м вокруг каждого объекта.;;5021;Стоматологическая клиника;Жилой дом;57;9;Жилой дом;Стоматологическая клиника;200
1365;;Щеглово;1235;Исходный;Найди все пункты выдачи, которые находятся не далее чем 150 м от железнодорожной станции, чтобы оценить удобство для пассажиров.;В отображаемом слое для проекта Щеглово показаны объекты типа «Пункт выдачи», расположенные в радиусе 150 м от объектов типа «Железнодорожная станция».;1 - слой с объектами «Пункт выдачи», 2 - слой с объектами «Железнодорожная станция», учитывающий буфер 150 м вокруг каждого объекта.;;5021;Железнодорожная станция, Пункт выдачи;;57;10;Железнодорожная станция;Пункт выдачи;150
1366;;Щеглово;1235;Исходный;Выведи, сколько площадок расположены в радиусе 150 м от аптеки, чтобы проверить потенциальные зоны для отдыха.;В отображаемом слое для проекта Щеглово показаны объекты типа «Площадка», расположенные в радиусе 150 м от объектов типа «Аптека».;1 - слой с объектами «Площадка», 2 - слой с объектами «Аптека», учитывающий буфер 150 м вокруг каждого объекта.;;5021;Аптека;Площадка;57;11;Аптека;Площадка;150
1367;;Щеглово;1235;Исходный;Сколько рекреационных зон находится в пределах 300 м от булочной, чтобы проанализировать возможности для отдыха вблизи коммерческих точек.;В отображаемом слое для проекта Щеглово показаны объекты типа «Рекреационная зона», расположенные в радиусе 300 м от объектов типа «Булочная».;1 - слой с объектами «Рекреационная зона», 2 - слой с объектами «Булочная», учитывающий буфер 300 м вокруг каждого объекта.;;5021;Булочная;Рекреационная зона;57;12;Булочная;Рекреационная зона;300
1368;;Щеглово;1235;Исходный;Проверь, сколько домов детского творчества расположены не далее чем 200 м от отделения банка, чтобы оценить возможности для семейных активностей.;В отображаемом слое для проекта Щеглово показаны объекты типа «Дом детского творчества», расположенные в радиусе 200 м от объектов типа «Отделение банка».;1 - слой с объектами «Дом детского творчества», 2 - слой с объектами «Отделение банка», учитывающий буфер 200 м вокруг каждого объекта.;;5021;Отделение банка, Дом детского творчества;;57;13;Отделение банка;Дом детского творчества;200
1369;;Щеглово;1235;Исходный;Определи, сколько пунктов выдачи находится в радиусе 100 м от региональной дороги, чтобы понять доступность логистических узлов.;В отображаемом слое для проекта Щеглово показаны объекты типа «Пункт выдачи», расположенные в радиусе 100 м от объектов типа «Региональная дорога».;1 - слой с объектами «Пункт выдачи», 2 - слой с объектами «Региональная дорога», учитывающий буфер 100 м вокруг каждого объекта.;;5021;Пункт выдачи;Региональная дорога;57;14;Региональная дорога;Пункт выдачи;100
1370;;Щеглово;1235;Исходный;Выведи, сколько промышленных территорий расположены в пределах 50 м от детской площадки, чтобы оценить экологические риски.;В отображаемом слое для проекта Щеглово показаны объекты типа «Промышленная территория», расположенные в радиусе 50 м от объектов типа «Детская площадка».;1 - слой с объектами «Промышленная территория», 2 - слой с объектами «Детская площадка», учитывающий буфер 50 м вокруг каждого объекта.;;5021;Детская площадка;Промышленная территория;57;15;Детская площадка;Промышленная территория;50
1371;;Щеглово;1235;Исходный;Покажи, сколько рекреационных зон находится не далее чем 300 м от леса, чтобы оценить природные зоны отдыха.;В отображаемом слое для проекта Щеглово показаны объекты типа «Рекреационная зона», расположенные в радиусе 300 м от объектов типа «Лес».;1 - слой с объектами «Рекреационная зона», 2 - слой с объектами «Лес», учитывающий буфер 300 м вокруг каждого объекта.;;5021;;Лес, Рекреационная зона;57;16;Лес;Рекреационная зона;300
1372;;Щеглово;1235;Исходный;Найди, сколько парков находится в радиусе 150 м от библиотеки, чтобы оценить культурно‑просветительные зоны.;В отображаемом слое для проекта Щеглово показаны объекты типа «Парк», расположенные в радиусе 150 м от объектов типа «Библиотека».;1 - слой с объектами «Парк», 2 - слой с объектами «Библиотека», учитывающий буфер 150 м вокруг каждого объекта.;;5021;Библиотека, Парк;;57;17;Библиотека;Парк;150
1373;;Щеглово;1235;Исходный;Сколько парикмахеров расположены в пределах 50 м от хозяйственных товаров, чтобы определить доступность услуг для рабочих.;В отображаемом слое для проекта Щеглово показаны объекты типа «Парикмахер», расположенные в радиусе 50 м от объектов типа «Хозяйственные товары».;1 - слой с объектами «Парикмахер», 2 - слой с объектами «Хозяйственные товары», учитывающий буфер 50 м вокруг каждого объекта.;;5021;Хозяйственные товары, Парикмахер;;57;18;Хозяйственные товары;Парикмахер;50
1374;;Щеглово;1235;Исходный;Покажи, сколько продуктов (магазин у дома) находится внутри радиуса 150 м от травяного покрытия, чтобы убедиться в доступности питания для жителей.;В отображаемом слое для проекта Щеглово показаны объекты типа «Продукты (магазин у дома)», расположенные в радиусе 150 м от объектов типа «Травяное покрытие».;1 - слой с объектами «Продукты (магазин у дома)», 2 - слой с объектами «Травяное покрытие», учитывающий буфер 150 м вокруг каждого объекта.;;5021;Продукты (магазин у дома);Травяное покрытие;58;10;Травяное покрытие;Продукты (магазин у дома);150
1375;;Щеглово;1235;Исходный;Найди, сколько региональных дорог находится внутри радиуса 300 м от хозяйственных товаров, чтобы оценить транспортную доступность.;В отображаемом слое для проекта Щеглово показаны объекты типа «Региональная дорога», расположенные в радиусе 300 м от объектов типа «Хозяйственные товары».;1 - слой с объектами «Региональная дорога», 2 - слой с объектами «Хозяйственные товары», учитывающий буфер 300 м вокруг каждого объекта.;;5021;Хозяйственные товары;Региональная дорога;58;11;Хозяйственные товары;Региональная дорога;300
1376;;Щеглово;1235;Исходный;Определи, сколько спортивных залов находится в пределах 300 м от хозяйственных товаров, чтобы понять возможности для активного отдыха.;В отображаемом слое для проекта Щеглово показаны объекты типа «Спортивный зал», расположенные в радиусе 300 м от объектов типа «Хозяйственные товары».;1 - слой с объектами «Спортивный зал», 2 - слой с объектами «Хозяйственные товары», учитывающий буфер 300 м вокруг каждого объекта.;;5021;Хозяйственные товары, Спортивный зал;;58;12;Хозяйственные товары;Спортивный зал;300
1377;;Щеглово;1235;Исходный;Выведи количество кладбищ, расположенных внутри радиуса 150 м от железнодорожной станции, чтобы учесть требования к шумовому ограничению.;В отображаемом слое для проекта Щеглово показаны объекты типа «Кладбище», расположенные в радиусе 150 м от объектов типа «Железнодорожная станция».;1 - слой с объектами «Кладбище», 2 - слой с объектами «Железнодорожная станция», учитывающий буфер 150 м вокруг каждого объекта.;;5021;Железнодорожная станция;Кладбище;58;13;Железнодорожная станция;Кладбище;150
1378;;Щеглово;1235;Исходный;Считай, сколько региональных дорог находится внутри радиуса 500 м от травяного покрытия, чтобы гарантировать безопасный доступ.;В отображаемом слое для проекта Щеглово показаны объекты типа «Региональная дорога», расположенные в радиусе 500 м от объектов типа «Травяное покрытие».;1 - слой с объектами «Региональная дорога», 2 - слой с объектами «Травяное покрытие», учитывающий буфер 500 м вокруг каждого объекта.;;5021;;Травяное покрытие, Региональная дорога;58;14;Травяное покрытие;Региональная дорога;500
1379;;Щеглово;1235;Исходный;Проверь, сколько местных дорог находится в пределах 500 м от парка, чтобы оценить транспортный поток.;В отображаемом слое для проекта Щеглово показаны объекты типа «Местная дорога», расположенные в радиусе 500 м от объектов типа «Парк».;1 - слой с объектами «Местная дорога», 2 - слой с объектами «Парк», учитывающий буфер 500 м вокруг каждого объекта.;;5021;Парк;Местная дорога;58;15;Парк;Местная дорога;500
1380;;Щеглово;1235;Исходный;Расчитай, сколько детских площадок находится не далее чем 100 м от жилых домов, чтобы обеспечить быстрый доступ к играм.;В отображаемом слое для проекта Щеглово показаны объекты типа «Детская площадка», расположенные в радиусе 100 м от объектов типа «Жилой дом».;1 - слой с объектами «Детская площадка», 2 - слой с объектами «Жилой дом», учитывающий буфер 100 м вокруг каждого объекта.;;5021;Детская площадка;Жилой дом;58;16;Жилой дом;Детская площадка;100
1381;;Щеглово;1235;Исходный;Помести, сколько пунктов выдачи находится внутри радиуса 200 м от супермаркета, чтобы оптимизировать логистику.;В отображаемом слое для проекта Щеглово показаны объекты типа «Пункт выдачи», расположенные в радиусе 200 м от объектов типа «Супермаркет».;1 - слой с объектами «Пункт выдачи», 2 - слой с объектами «Супермаркет», учитывающий буфер 200 м вокруг каждого объекта.;;5021;Супермаркет, Пункт выдачи;;58;17;Супермаркет;Пункт выдачи;200
1382;;Щеглово;1235;Исходный;Опиши, сколько кладбищ находится в пределах 300 м от региональной дороги, чтобы учесть экологические ограничения.;В отображаемом слое для проекта Щеглово показаны объекты типа «Кладбище», расположенные в радиусе 300 м от объектов типа «Региональная дорога».;1 - слой с объектами «Кладбище», 2 - слой с объектами «Региональная дорога», учитывающий буфер 300 м вокруг каждого объекта.;;5021;;Региональная дорога, Кладбище;58;18;Региональная дорога;Кладбище;300
1383;;Щеглово;1235;Исходный;Покажи количество региональных дорог в пределах 500 м от остановки наземного транспорта, чтобы оценить транспортную доступность района.;В отображаемом слое для проекта Щеглово показаны объекты типа «Региональная дорога», расположенные в радиусе 500 м от объектов типа «Остановка наземного транспорта».;1 - слой с объектами «Региональная дорога», 2 - слой с объектами «Остановка наземного транспорта», учитывающий буфер 500 м вокруг каждого объекта.;;5021;;Остановка наземного транспорта, Региональная дорога;59;10;Остановка наземного транспорта;Региональная дорога;500
1384;;Щеглово;1235;Исходный;Найди школы, находящиеся не далее чем 150 м от булочной, чтобы убедиться, что дети имеют быстрый доступ к продуктам питания.;В отображаемом слое для проекта Щеглово показаны объекты типа «Школа», расположенные в радиусе 150 м от объектов типа «Булочная».;1 - слой с объектами «Школа», 2 - слой с объектами «Булочная», учитывающий буфер 150 м вокруг каждого объекта.;;5021;Булочная, Школа;;59;11;Булочная;Школа;150
1385;;Щеглово;1235;Исходный;Определи, сколько рекреационных зон находится внутри 300 м от аптеки, чтобы обеспечить доступ к здоровому отдыху.;В отображаемом слое для проекта Щеглово показаны объекты типа «Рекреационная зона», расположенные в радиусе 300 м от объектов типа «Аптека».;1 - слой с объектами «Рекреационная зона», 2 - слой с объектами «Аптека», учитывающий буфер 300 м вокруг каждого объекта.;;5021;Аптека;Рекреационная зона;59;12;Аптека;Рекреационная зона;300
1386;;Щеглово;1235;Исходный;Выведи пункты выдачи, которые находятся внутри радиуса 300 м от парка, чтобы облегчить доступ к услугам для жителей.;В отображаемом слое для проекта Щеглово показаны объекты типа «Пункт выдачи», расположенные в радиусе 300 м от объектов типа «Парк».;1 - слой с объектами «Пункт выдачи», 2 - слой с объектами «Парк», учитывающий буфер 300 м вокруг каждого объекта.;;5021;Парк, Пункт выдачи;;59;13;Парк;Пункт выдачи;300
1387;;Щеглово;1235;Исходный;Выведи банкоматы, которые находятся в пределах 200 м от почтового отделения, чтобы проверить финансовую доступность.;В отображаемом слое для проекта Щеглово показаны объекты типа «Банкомат», расположенные в радиусе 200 м от объектов типа «Почтовое отделение».;1 - слой с объектами «Банкомат», 2 - слой с объектами «Почтовое отделение», учитывающий буфер 200 м вокруг каждого объекта.;;5021;Почтовое отделение, Банкомат;;59;14;Почтовое отделение;Банкомат;200
1388;;Щеглово;1235;Исходный;Сколько рек попадает в пределах 50 м от почтового отделения? Это важно для оценки риска подтопления.;В отображаемом слое для проекта Щеглово показаны объекты типа «Река», расположенные в радиусе 50 м от объектов типа «Почтовое отделение».;1 - слой с объектами «Река», 2 - слой с объектами «Почтовое отделение», учитывающий буфер 50 м вокруг каждого объекта.;;5021;Почтовое отделение;Река;59;15;Почтовое отделение;Река;50
1389;;Щеглово;1235;Исходный;Определи, сколько школ находятся внутри радиуса 300 м от библиотеки, чтобы проанализировать образовательную сеть.;В отображаемом слое для проекта Щеглово показаны объекты типа «Школа», расположенные в радиусе 300 м от объектов типа «Библиотека».;1 - слой с объектами «Школа», 2 - слой с объектами «Библиотека», учитывающий буфер 300 м вокруг каждого объекта.;;5021;Библиотека, Школа;;59;16;Библиотека;Школа;300
1390;;Щеглово;1235;Исходный;Покажи почтовые отделения, которые находятся не далее чем 200 м от местной дороги, чтобы понять логистическую доступность.;В отображаемом слое для проекта Щеглово показаны объекты типа «Почтовое отделение», расположенные в радиусе 200 м от объектов типа «Местная дорога».;1 - слой с объектами «Почтовое отделение», 2 - слой с объектами «Местная дорога», учитывающий буфер 200 м вокруг каждого объекта.;;5021;Почтовое отделение;Местная дорога;59;17;Местная дорога;Почтовое отделение;200
1391;;Щеглово;1235;Исходный;Уточни наличие религиозных объектов, находящихся в пределах 50 м от супермаркета, чтобы оценить сочетание услуг.;В отображаемом слое для проекта Щеглово показаны объекты типа «Религиозный объект», расположенные в радиусе 50 м от объектов типа «Супермаркет».;1 - слой с объектами «Религиозный объект», 2 - слой с объектами «Супермаркет», учитывающий буфер 50 м вокруг каждого объекта.;;5021;Супермаркет, Религиозный объект;;59;18;Супермаркет;Религиозный объект;50
1392;;Щеглово;1235;Исходный;Покажи, сколько аэропортов находится внутри радиуса 150 м от парка.;В отображаемом слое для проекта Щеглово показаны объекты типа «Аэропорт», расположенные в радиусе 150 м от объектов типа «Парк».;1 - слой с объектами «Аэропорт», 2 - слой с объектами «Парк», учитывающий буфер 150 м вокруг каждого объекта.;;5021;Парк, Аэропорт;;60;10;Парк;Аэропорт;150
1393;;Щеглово;1235;Исходный;Найди все почтовые отделения, расположенные в пределах 150 м от железнодорожной станции.;В отображаемом слое для проекта Щеглово показаны объекты типа «Почтовое отделение», расположенные в радиусе 150 м от объектов типа «Железнодорожная станция».;1 - слой с объектами «Почтовое отделение», 2 - слой с объектами «Железнодорожная станция», учитывающий буфер 150 м вокруг каждого объекта.;;5021;Железнодорожная станция, Почтовое отделение;;60;11;Железнодорожная станция;Почтовое отделение;150
1394;;Щеглово;1235;Исходный;Определи, сколько аптек находится не далее чем 200 м от рекреационной зоны.;В отображаемом слое для проекта Щеглово показаны объекты типа «Аптека», расположенные в радиусе 200 м от объектов типа «Рекреационная зона».;1 - слой с объектами «Аптека», 2 - слой с объектами «Рекреационная зона», учитывающий буфер 200 м вокруг каждого объекта.;;5021;Аптека;Рекреационная зона;60;12;Рекреационная зона;Аптека;200
1395;;Щеглово;1235;Исходный;Сколько стоматологических клиник находится внутри радиуса 100 м от региональной дороги?;В отображаемом слое для проекта Щеглово показаны объекты типа «Стоматологическая клиника», расположенные в радиусе 100 м от объектов типа «Региональная дорога».;1 - слой с объектами «Стоматологическая клиника», 2 - слой с объектами «Региональная дорога», учитывающий буфер 100 м вокруг каждого объекта.;;5021;Стоматологическая клиника;Региональная дорога;60;13;Региональная дорога;Стоматологическая клиника;100
1396;;Щеглово;1235;Исходный;Проверь, сколько региональных дорог находится внутри радиуса 150 м от местной дороги.;В отображаемом слое для проекта Щеглово показаны объекты типа «Региональная дорога», расположенные в радиусе 150 м от объектов типа «Местная дорога».;1 - слой с объектами «Региональная дорога», 2 - слой с объектами «Местная дорога», учитывающий буфер 150 м вокруг каждого объекта.;;5021;;Местная дорога, Региональная дорога;60;14;Местная дорога;Региональная дорога;150
1397;;Щеглово;1235;Исходный;Выведи список салонов красоты, которые находятся в пределах 100 м от нежилого здания.;В отображаемом слое для проекта Щеглово показаны объекты типа «Салон красоты», расположенные в радиусе 100 м от объектов типа «Нежилое здание».;1 - слой с объектами «Салон красоты», 2 - слой с объектами «Нежилое здание», учитывающий буфер 100 м вокруг каждого объекта.;;5021;Салон красоты;Нежилое здание;60;15;Нежилое здание;Салон красоты;100
1398;;Щеглово;1235;Исходный;Уточни, сколько библиотек расположены не далее чем 50 м от кладбища.;В отображаемом слое для проекта Щеглово показаны объекты типа «Библиотека», расположенные в радиусе 50 м от объектов типа «Кладбище».;1 - слой с объектами «Библиотека», 2 - слой с объектами «Кладбище», учитывающий буфер 50 м вокруг каждого объекта.;;5021;Библиотека;Кладбище;60;16;Кладбище;Библиотека;50
1399;;Щеглово;1235;Исходный;Оцените, сколько парикмахерских находится внутри радиуса 200 м от спортивной площадки.;В отображаемом слое для проекта Щеглово показаны объекты типа «Парикмахер», расположенные в радиусе 200 м от объектов типа «Спортивная площадка».;1 - слой с объектами «Парикмахер», 2 - слой с объектами «Спортивная площадка», учитывающий буфер 200 м вокруг каждого объекта.;;5021;Спортивная площадка, Парикмахер;;60;17;Спортивная площадка;Парикмахер;200
1400;;Щеглово;1235;Исходный;Посчитай, сколько банкоматов находится в пределах 300 м от библиотеки.;В отображаемом слое для проекта Щеглово показаны объекты типа «Банкомат», расположенные в радиусе 300 м от объектов типа «Библиотека».;1 - слой с объектами «Банкомат», 2 - слой с объектами «Библиотека», учитывающий буфер 300 м вокруг каждого объекта.;;5021;Библиотека, Банкомат;;60;18;Библиотека;Банкомат;300
1401;;Город Урай;1359;Исходный;Покажи гостиницы в пределах 100 м от театра, чтобы оценить доступность ночного проживания для зрителей.;В отображаемом слое для проекта Город Урай показаны объекты типа «Гостиница», расположенные в радиусе 100 м от объектов типа «Театр».;1 - слой с объектами «Гостиница», 2 - слой с объектами «Театр», учитывающий буфер 100 м вокруг каждого объекта.;;10068;Театр, Гостиница;;61;10;Театр;Гостиница;100
1402;;Город Урай;1359;Исходный;Найди озёра, находящиеся в радиусе 500 м от спортивной площадки, чтобы понять водные ресурсы для мероприятий.;В отображаемом слое для проекта Город Урай показаны объекты типа «Озеро», расположенные в радиусе 500 м от объектов типа «Спортивная площадка».;1 - слой с объектами «Озеро», 2 - слой с объектами «Спортивная площадка», учитывающий буфер 500 м вокруг каждого объекта.;;10068;Спортивная площадка;Озеро;61;11;Спортивная площадка;Озеро;500
1403;;Город Урай;1359;Исходный;Определи детско‑юношеские спортивные школы, расположенные не далее 500 м от аптеки, чтобы проверить удобство доступа к медицинским услугам.;В отображаемом слое для проекта Город Урай показаны объекты типа «Детско-юношеская спортивная школа», расположенные в радиусе 500 м от объектов типа «Аптека».;1 - слой с объектами «Детско-юношеская спортивная школа», 2 - слой с объектами «Аптека», учитывающий буфер 500 м вокруг каждого объекта.;;10068;Аптека, Детско-юношеская спортивная школа;;61;12;Аптека;Детско-юношеская спортивная школа;500
1404;;Город Урай;1359;Исходный;Сколько промышленной территории находятся в пределах 150 м от детского сада, чтобы оценить потенциальное загрязнение.;В отображаемом слое для проекта Город Урай показаны объекты типа «Промышленная территория», расположенные в радиусе 150 м от объектов типа «Детский сад».;1 - слой с объектами «Промышленная территория», 2 - слой с объектами «Детский сад», учитывающий буфер 150 м вокруг каждого объекта.;;10068;Детский сад;Промышленная территория;61;13;Детский сад;Промышленная территория;150
1405;;Город Урай;1359;Исходный;Проверь наличие гостиниц в радиусе 500 м от бассейна, чтобы планировать размещение посетителей.;В отображаемом слое для проекта Город Урай показаны объекты типа «Гостиница», расположенные в радиусе 500 м от объектов типа «Бассейн».;1 - слой с объектами «Гостиница», 2 - слой с объектами «Бассейн», учитывающий буфер 500 м вокруг каждого объекта.;;10068;Бассейн, Гостиница;;61;14;Бассейн;Гостиница;500
1406;;Город Урай;1359;Исходный;Выведи детско‑юношеские спортивные школы, которые находятся не далее 300 м от дома детского творчества, чтобы оценить образовательный комплекс.;В отображаемом слое для проекта Город Урай показаны объекты типа «Детско-юношеская спортивная школа», расположенные в радиусе 300 м от объектов типа «Дом детского творчества».;1 - слой с объектами «Детско-юношеская спортивная школа», 2 - слой с объектами «Дом детского творчества», учитывающий буфер 300 м вокруг каждого объекта.;;10068;Дом детского творчества, Детско-юношеская спортивная школа;;61;15;Дом детского творчества;Детско-юношеская спортивная школа;300
1407;;Город Урай;1359;Исходный;Сделай список остановок наземного транспорта в пределах 300 м от рекреационной зоны, чтобы улучшить доступность.;В отображаемом слое для проекта Город Урай показаны объекты типа «Остановка наземного транспорта», расположенные в радиусе 300 м от объектов типа «Рекреационная зона».;1 - слой с объектами «Остановка наземного транспорта», 2 - слой с объектами «Рекреационная зона», учитывающий буфер 300 м вокруг каждого объекта.;;10068;;Рекреационная зона, Остановка наземного транспорта;61;16;Рекреационная зона;Остановка наземного транспорта;300
1408;;Город Урай;1359;Исходный;Покажи торговый центр, который находится в радиусе 50 м от спортивной площадки, чтобы определить коммерческую привлекательность.;В отображаемом слое для проекта Город Урай показаны объекты типа «Торговый центр», расположенные в радиусе 50 м от объектов типа «Спортивная площадка».;1 - слой с объектами «Торговый центр», 2 - слой с объектами «Спортивная площадка», учитывающий буфер 50 м вокруг каждого объекта.;;10068;Спортивная площадка, Торговый центр;;61;17;Спортивная площадка;Торговый центр;50
1409;;Город Урай;1359;Исходный;Найди стадионы, расположенные не далее 100 м от парка, чтобы оценить спортивные инфраструктурные возможности.;В отображаемом слое для проекта Город Урай показаны объекты типа «Стадион», расположенные в радиусе 100 м от объектов типа «Парк».;1 - слой с объектами «Стадион», 2 - слой с объектами «Парк», учитывающий буфер 100 м вокруг каждого объекта.;;10068;Парк, Стадион;;61;18;Парк;Стадион;100
1410;;Город Урай;1359;Исходный;Определи, сколько жилых домов находятся в пределах 100 м от озера, ведь близость к воде повышает комфорт проживания.;В отображаемом слое для проекта Город Урай показаны объекты типа «Жилой дом», расположенные в радиусе 100 м от объектов типа «Озеро».;1 - слой с объектами «Жилой дом», 2 - слой с объектами «Озеро», учитывающий буфер 100 м вокруг каждого объекта.;;10068;;Озеро, Жилой дом;62;10;Озеро;Жилой дом;100
1411;;Город Урай;1359;Исходный;Покажи, сколько детских садов расположены в пределах 100 м от банкомата, чтобы дети не шли далеко за деньги.;В отображаемом слое для проекта Город Урай показаны объекты типа «Детский сад», расположенные в радиусе 100 м от объектов типа «Банкомат».;1 - слой с объектами «Детский сад», 2 - слой с объектами «Банкомат», учитывающий буфер 100 м вокруг каждого объекта.;;10068;Банкомат, Детский сад;;62;11;Банкомат;Детский сад;100
1412;;Город Урай;1359;Исходный;Выведи количество региональных дорог, находящихся в пределах 500 м от дома детского творчества, чтобы оценить транспортную доступность.;В отображаемом слое для проекта Город Урай показаны объекты типа «Региональная дорога», расположенные в радиусе 500 м от объектов типа «Дом детского творчества».;1 - слой с объектами «Региональная дорога», 2 - слой с объектами «Дом детского творчества», учитывающий буфер 500 м вокруг каждого объекта.;;10068;Дом детского творчества;Региональная дорога;62;12;Дом детского творчества;Региональная дорога;500
1413;;Город Урай;1359;Исходный;Найди, сколько необрабатываемых полей находится в пределах 300 м от зоомагазина, ведь это важно для планирования землепользования.;В отображаемом слое для проекта Город Урай показаны объекты типа «Необрабатываемое поле», расположенные в радиусе 300 м от объектов типа «Зоомагазин».;1 - слой с объектами «Необрабатываемое поле», 2 - слой с объектами «Зоомагазин», учитывающий буфер 300 м вокруг каждого объекта.;;10068;Зоомагазин;Необрабатываемое поле;62;13;Зоомагазин;Необрабатываемое поле;300
1414;;Город Урай;1359;Исходный;Проверь, сколько детских садов находятся в пределах 100 м от детской площадки, чтобы обеспечить безопасный переход.;В отображаемом слое для проекта Город Урай показаны объекты типа «Детский сад», расположенные в радиусе 100 м от объектов типа «Детская площадка».;1 - слой с объектами «Детский сад», 2 - слой с объектами «Детская площадка», учитывающий буфер 100 м вокруг каждого объекта.;;10068;Детская площадка, Детский сад;;62;14;Детская площадка;Детский сад;100
1415;;Город Урай;1359;Исходный;Подсчитай, сколько супермаркетов расположены в пределах 100 м от больницы, ведь это важно для питания пациентов.;В отображаемом слое для проекта Город Урай показаны объекты типа «Супермаркет», расположенные в радиусе 100 м от объектов типа «Больница».;1 - слой с объектами «Супермаркет», 2 - слой с объектами «Больница», учитывающий буфер 100 м вокруг каждого объекта.;;10068;Больница, Супермаркет;;62;15;Больница;Супермаркет;100
1416;;Город Урай;1359;Исходный;Считай, сколько стоматологических клиник находится в пределах 300 м от озера, ведь пациенты предпочитают доступность к воде.;В отображаемом слое для проекта Город Урай показаны объекты типа «Стоматологическая клиника», расположенные в радиусе 300 м от объектов типа «Озеро».;1 - слой с объектами «Стоматологическая клиника», 2 - слой с объектами «Озеро», учитывающий буфер 300 м вокруг каждого объекта.;;10068;Стоматологическая клиника;Озеро;62;16;Озеро;Стоматологическая клиника;300
1417;;Город Урай;1359;Исходный;Посчитай, сколько озер находится в пределах 500 м от промышленной территории, чтобы оценить возможный риск загрязнения.;В отображаемом слое для проекта Город Урай показаны объекты типа «Озеро», расположенные в радиусе 500 м от объектов типа «Промышленная территория».;1 - слой с объектами «Озеро», 2 - слой с объектами «Промышленная территория», учитывающий буфер 500 м вокруг каждого объекта.;;10068;;Промышленная территория, Озеро;62;17;Промышленная территория;Озеро;500
1418;;Город Урай;1359;Исходный;Расчитай, сколько нежилых зданий находится в пределах 300 м от необрабатываемого поля, ведь это влияет на зонирование территории.;В отображаемом слое для проекта Город Урай показаны объекты типа «Нежилое здание», расположенные в радиусе 300 м от объектов типа «Необрабатываемое поле».;1 - слой с объектами «Нежилое здание», 2 - слой с объектами «Необрабатываемое поле», учитывающий буфер 300 м вокруг каждого объекта.;;10068;;Необрабатываемое поле, Нежилое здание;62;18;Необрабатываемое поле;Нежилое здание;300
1419;;Город Урай;1359;Исходный;"Определи, сколько рекреационных зон находится внутри радиуса 100 м от памятника; близость улучшает доступ к культуре.";В отображаемом слое для проекта Город Урай показаны объекты типа «Рекреационная зона», расположенные в радиусе 100 м от объектов типа «Памятник».;1 - слой с объектами «Рекреационная зона», 2 - слой с объектами «Памятник», учитывающий буфер 100 м вокруг каждого объекта.;;10068;;Памятник, Рекреационная зона;63;10;Памятник;Рекреационная зона;100
1420;;Город Урай;1359;Исходный;"Покажи больницы, расположенные внутри радиуса 200 м от озера; близость к воде повышает комфорт пациентов.";В отображаемом слое для проекта Город Урай показаны объекты типа «Больница», расположенные в радиусе 200 м от объектов типа «Озеро».;1 - слой с объектами «Больница», 2 - слой с объектами «Озеро», учитывающий буфер 200 м вокруг каждого объекта.;;10068;Больница;Озеро;63;11;Озеро;Больница;200
1421;;Город Урай;1359;Исходный;"Выведи озера, находящиеся внутри радиуса 200 м от порта; это поможет оценить водные ресурсы.";В отображаемом слое для проекта Город Урай показаны объекты типа «Озеро», расположенные в радиусе 200 м от объектов типа «Порт».;1 - слой с объектами «Озеро», 2 - слой с объектами «Порт», учитывающий буфер 200 м вокруг каждого объекта.;;10068;;Порт, Озеро;63;12;Порт;Озеро;200
1422;;Город Урай;1359;Исходный;"Найди промышленные территории, находящиеся в пределах 150 м от зоомагазина; важность для оценки влияния на среду.";В отображаемом слое для проекта Город Урай показаны объекты типа «Промышленная территория», расположенные в радиусе 150 м от объектов типа «Зоомагазин».;1 - слой с объектами «Промышленная территория», 2 - слой с объектами «Зоомагазин», учитывающий буфер 150 м вокруг каждого объекта.;;10068;Зоомагазин;Промышленная территория;63;13;Зоомагазин;Промышленная территория;150
1423;;Город Урай;1359;Исходный;"Проверь наличие бассейнов, расположенных в пределах 200 м от гостиницы; важно для туристической привлекательности.";В отображаемом слое для проекта Город Урай показаны объекты типа «Бассейн», расположенные в радиусе 200 м от объектов типа «Гостиница».;1 - слой с объектами «Бассейн», 2 - слой с объектами «Гостиница», учитывающий буфер 200 м вокруг каждого объекта.;;10068;Гостиница, Бассейн;;63;14;Гостиница;Бассейн;200
1424;;Город Урай;1359;Исходный;"Сколько средних специальных учебных заведений находится в пределах 200 м от порта; это покажет доступность образования.";В отображаемом слое для проекта Город Урай показаны объекты типа «Среднее специальное учебное заведение», расположенные в радиусе 200 м от объектов типа «Порт».;1 - слой с объектами «Среднее специальное учебное заведение», 2 - слой с объектами «Порт», учитывающий буфер 200 м вокруг каждого объекта.;;10068;Среднее специальное учебное заведение;Порт;63;15;Порт;Среднее специальное учебное заведение;200
1425;;Город Урай;1359;Исходный;"Рассчитай, сколько водных объектов находится не далее чем 150 м от школы; это поможет оценить экологическую обстановку.";В отображаемом слое для проекта Город Урай показаны объекты типа «Водный объект», расположенные в радиусе 150 м от объектов типа «Школа».;1 - слой с объектами «Водный объект», 2 - слой с объектами «Школа», учитывающий буфер 150 м вокруг каждого объекта.;;10068;Школа;Водный объект;63;16;Школа;Водный объект;150
1426;;Город Урай;1359;Исходный;Выведи все многофункциональные центры предоставления государственных и муниципальных услуг, расположенные не далее 500 м от школы. Это поможет обеспечить удобный доступ к услугам для школьников и их семей.;В отображаемом слое для проекта Город Урай показаны объекты типа «Многофункциональные центры предоставления государственных и муниципальных услуг», расположенные в радиусе 500 м от объектов типа «Школа».;1 - слой с объектами «Многофункциональные центры предоставления государственных и муниципальных услуг», 2 - слой с объектами «Школа», учитывающий буфер 500 м вокруг каждого объекта.;;10068;Школа, Многофункциональные центры предоставления государственных и муниципальных услуг;;63;17;Школа;Многофункциональные центры предоставления государственных и муниципальных услуг;500
1427;;Город Урай;1359;Исходный;"Изучи средние специальные учебные заведения, находящиеся не далее чем 300 м от кладбища; это поможет анализировать пространственную планировку.";В отображаемом слое для проекта Город Урай показаны объекты типа «Среднее специальное учебное заведение», расположенные в радиусе 300 м от объектов типа «Кладбище».;1 - слой с объектами «Среднее специальное учебное заведение», 2 - слой с объектами «Кладбище», учитывающий буфер 300 м вокруг каждого объекта.;;10068;Кладбище, Среднее специальное учебное заведение;;63;18;Кладбище;Среднее специальное учебное заведение;300
1428;;Город Урай;1359;Исходный;Покажи количество региональных дорог, находящихся внутри 50 м от жилых домов, чтобы оценить доступность общественного транспорта.;В отображаемом слое для проекта Город Урай показаны объекты типа «Региональная дорога», расположенные в радиусе 50 м от объектов типа «Жилой дом».;1 - слой с объектами «Региональная дорога», 2 - слой с объектами «Жилой дом», учитывающий буфер 50 м вокруг каждого объекта.;;10068;;Жилой дом, Региональная дорога;64;10;Жилой дом;Региональная дорога;50
1429;;Город Урай;1359;Исходный;Найди детско‑юношеские спортивные школы, расположенные в пределах 100 м от рекреационных зон – это поможет в планировании спортивных мероприятий.;В отображаемом слое для проекта Город Урай показаны объекты типа «Детско-юношеская спортивная школа», расположенные в радиусе 100 м от объектов типа «Рекреационная зона».;1 - слой с объектами «Детско-юношеская спортивная школа», 2 - слой с объектами «Рекреационная зона», учитывающий буфер 100 м вокруг каждого объекта.;;10068;Детско-юношеская спортивная школа;Рекреационная зона;64;11;Рекреационная зона;Детско-юношеская спортивная школа;100
1430;;Город Урай;1359;Исходный;Определи, сколько региональных дорог находятся не далее 300 м от банкоматов, чтобы улучшить финансовую доступность.;В отображаемом слое для проекта Город Урай показаны объекты типа «Региональная дорога», расположенные в радиусе 300 м от объектов типа «Банкомат».;1 - слой с объектами «Региональная дорога», 2 - слой с объектами «Банкомат», учитывающий буфер 300 м вокруг каждого объекта.;;10068;Банкомат;Региональная дорога;64;12;Банкомат;Региональная дорога;300
1431;;Город Урай;1359;Исходный;Выведи театры, которые находятся внутри 500 м от площадок для выгула собак, чтобы оценить культурно‑развлекательный потенциал района.;В отображаемом слое для проекта Город Урай показаны объекты типа «Театр», расположенные в радиусе 500 м от объектов типа «Площадка для выгула собак».;1 - слой с объектами «Театр», 2 - слой с объектами «Площадка для выгула собак», учитывающий буфер 500 м вокруг каждого объекта.;;10068;Площадка для выгула собак, Театр;;64;13;Площадка для выгула собак;Театр;500
1432;;Город Урай;1359;Исходный;Проверь промышленные территории, расположенные в пределах 100 м от средних специальных учебных заведений, чтобы выявить потенциальные зоны взаимодействия.;В отображаемом слое для проекта Город Урай показаны объекты типа «Промышленная территория», расположенные в радиусе 100 м от объектов типа «Среднее специальное учебное заведение».;1 - слой с объектами «Промышленная территория», 2 - слой с объектами «Среднее специальное учебное заведение», учитывающий буфер 100 м вокруг каждого объекта.;;10068;Среднее специальное учебное заведение;Промышленная территория;64;14;Среднее специальное учебное заведение;Промышленная территория;100
1433;;Город Урай;1359;Исходный;Сколько региональных дорог находятся в радиусе 200 м от парков? Это важно для оценки транспортной нагрузки.;В отображаемом слое для проекта Город Урай показаны объекты типа «Региональная дорога», расположенные в радиусе 200 м от объектов типа «Парк».;1 - слой с объектами «Региональная дорога», 2 - слой с объектами «Парк», учитывающий буфер 200 м вокруг каждого объекта.;;10068;Парк;Региональная дорога;64;15;Парк;Региональная дорога;200
1434;;Город Урай;1359;Исходный;Определи бассейны, находящиеся внутри 150 м от религиозных объектов, чтобы обеспечить доступ к водным ресурсам для верующих.;В отображаемом слое для проекта Город Урай показаны объекты типа «Бассейн», расположенные в радиусе 150 м от объектов типа «Религиозный объект».;1 - слой с объектами «Бассейн», 2 - слой с объектами «Религиозный объект», учитывающий буфер 150 м вокруг каждого объекта.;;10068;Религиозный объект, Бассейн;;64;16;Религиозный объект;Бассейн;150
1435;;Город Урай;1359;Исходный;Покажи площадки для выгула собак, которые расположены в пределах 50 м от театров – это поможет планировать места отдыха.;В отображаемом слое для проекта Город Урай показаны объекты типа «Площадка для выгула собак», расположенные в радиусе 50 м от объектов типа «Театр».;1 - слой с объектами «Площадка для выгула собак», 2 - слой с объектами «Театр», учитывающий буфер 50 м вокруг каждого объекта.;;10068;Театр, Площадка для выгула собак;;64;17;Театр;Площадка для выгула собак;50
1436;;Город Урай;1359;Исходный;Выведи площадки, находящиеся не далее 200 м от книжных магазинов, чтобы оценить зоны чтения.;В отображаемом слое для проекта Город Урай показаны объекты типа «Площадка», расположенные в радиусе 200 м от объектов типа «Книжный магазин».;1 - слой с объектами «Площадка», 2 - слой с объектами «Книжный магазин», учитывающий буфер 200 м вокруг каждого объекта.;;10068;Книжный магазин;Площадка;64;18;Книжный магазин;Площадка;200
1437;;Город Урай;1359;Исходный;Найди количество детско‑юношеских спортивных школ, расположенных внутри радиуса 200 м от банкоматов, чтобы оценить доступность спортивных услуг для населения.;В отображаемом слое для проекта Город Урай показаны объекты типа «Детско-юношеская спортивная школа», расположенные в радиусе 200 м от объектов типа «Банкомат».;1 - слой с объектами «Детско-юношеская спортивная школа», 2 - слой с объектами «Банкомат», учитывающий буфер 200 м вокруг каждого объекта.;;10068;Банкомат, Детско-юношеская спортивная школа;;65;10;Банкомат;Детско-юношеская спортивная школа;200
1438;;Город Урай;1359;Исходный;Покажи, сколько детских садов находится в пределах 200 м от торговых центров, чтобы понять возможности для семейного обслуживания.;В отображаемом слое для проекта Город Урай показаны объекты типа «Детский сад», расположенные в радиусе 200 м от объектов типа «Торговый центр».;1 - слой с объектами «Детский сад», 2 - слой с объектами «Торговый центр», учитывающий буфер 200 м вокруг каждого объекта.;;10068;Торговый центр, Детский сад;;65;11;Торговый центр;Детский сад;200
1439;;Город Урай;1359;Исходный;Определи, сколько сетей водоснабжения находятся не далее 50 м от банкоматов, чтобы оценить инфраструктурный риск.;В отображаемом слое для проекта Город Урай показаны объекты типа «Сеть водоснабжения», расположенные в радиусе 50 м от объектов типа «Банкомат».;1 - слой с объектами «Сеть водоснабжения», 2 - слой с объектами «Банкомат», учитывающий буфер 50 м вокруг каждого объекта.;;10068;Банкомат;Сеть водоснабжения;65;12;Банкомат;Сеть водоснабжения;50
1440;;Город Урай;1359;Исходный;Сколько водных объектов расположены в радиусе 200 м от промышленных территорий, чтобы учесть потенциальные загрязнители.;В отображаемом слое для проекта Город Урай показаны объекты типа «Водный объект», расположенные в радиусе 200 м от объектов типа «Промышленная территория».;1 - слой с объектами «Водный объект», 2 - слой с объектами «Промышленная территория», учитывающий буфер 200 м вокруг каждого объекта.;;10068;;Промышленная территория, Водный объект;65;13;Промышленная территория;Водный объект;200
1441;;Город Урай;1359;Исходный;Выведи список водных объектов, которые находятся внутри 50 м от аптек, для анализа экологической нагрузки.;В отображаемом слое для проекта Город Урай показаны объекты типа «Водный объект», расположенные в радиусе 50 м от объектов типа «Аптека».;1 - слой с объектами «Водный объект», 2 - слой с объектами «Аптека», учитывающий буфер 50 м вокруг каждого объекта.;;10068;Аптека;Водный объект;65;14;Аптека;Водный объект;50
1442;;Город Урай;1359;Исходный;Проверь, сколько кафе находятся в пределах 200 м от гостиниц, чтобы предложить гостям близлежащие заведения.;В отображаемом слое для проекта Город Урай показаны объекты типа «Кафе», расположенные в радиусе 200 м от объектов типа «Гостиница».;1 - слой с объектами «Кафе», 2 - слой с объектами «Гостиница», учитывающий буфер 200 м вокруг каждого объекта.;;10068;Гостиница, Кафе;;65;15;Гостиница;Кафе;200
1443;;Город Урай;1359;Исходный;Сколько парков развлечений находятся не далее 300 м от зоомагазинов, чтобы оценить совместимость сервисов.;В отображаемом слое для проекта Город Урай показаны объекты типа «Парк развлечений», расположенные в радиусе 300 м от объектов типа «Зоомагазин».;1 - слой с объектами «Парк развлечений», 2 - слой с объектами «Зоомагазин», учитывающий буфер 300 м вокруг каждого объекта.;;10068;Зоомагазин;Парк развлечений;65;16;Зоомагазин;Парк развлечений;300
1444;;Город Урай;1359;Исходный;Найди, сколько рекреационных зон расположены внутри 50 м от кладбищ, чтобы проверить соблюдение нормативов.;В отображаемом слое для проекта Город Урай показаны объекты типа «Рекреационная зона», расположенные в радиусе 50 м от объектов типа «Кладбище».;1 - слой с объектами «Рекреационная зона», 2 - слой с объектами «Кладбище», учитывающий буфер 50 м вокруг каждого объекта.;;10068;Кладбище;Рекреационная зона;65;17;Кладбище;Рекреационная зона;50
1445;;Город Урай;1359;Исходный;Определи количество зоомагазинов, находящихся в радиусе 500 м от жилых домов, чтобы оценить коммерческое покрытие.;В отображаемом слое для проекта Город Урай показаны объекты типа «Зоомагазин», расположенные в радиусе 500 м от объектов типа «Жилой дом».;1 - слой с объектами «Зоомагазин», 2 - слой с объектами «Жилой дом», учитывающий буфер 500 м вокруг каждого объекта.;;10068;Зоомагазин;Жилой дом;65;18;Жилой дом;Зоомагазин;500
1446;;Город Урай;1359;Исходный;Найди порты, находящиеся внутри 100 м от жилого дома, чтобы оценить их доступность для жителей.;В отображаемом слое для проекта Город Урай показаны объекты типа «Порт», расположенные в радиусе 100 м от объектов типа «Жилой дом».;1 - слой с объектами «Порт», 2 - слой с объектами «Жилой дом», учитывающий буфер 100 м вокруг каждого объекта.;;10068;;Жилой дом, Порт;66;10;Жилой дом;Порт;100
1447;;Город Урай;1359;Исходный;Определи линии электропередачи, расположенные в пределах 500 м от площадки для выгула собак, чтобы учесть возможные помехи.;В отображаемом слое для проекта Город Урай показаны объекты типа «Линия электропередачи», расположенные в радиусе 500 м от объектов типа «Площадка для выгула собак».;1 - слой с объектами «Линия электропередачи», 2 - слой с объектами «Площадка для выгула собак», учитывающий буфер 500 м вокруг каждого объекта.;;10068;Площадка для выгула собак;Линия электропередачи;66;11;Площадка для выгула собак;Линия электропередачи;500
1448;;Город Урай;1359;Исходный;Сколько стоматологических клиник находятся не далее чем 50 м от детско‑юношеской спортивной школы? Это важно для доступа к медицинским услугам.;В отображаемом слое для проекта Город Урай показаны объекты типа «Стоматологическая клиника», расположенные в радиусе 50 м от объектов типа «Детско-юношеская спортивная школа».;1 - слой с объектами «Стоматологическая клиника», 2 - слой с объектами «Детско-юношеская спортивная школа», учитывающий буфер 50 м вокруг каждого объекта.;;10068;Детско-юношеская спортивная школа, Стоматологическая клиника;;66;12;Детско-юношеская спортивная школа;Стоматологическая клиника;50
1449;;Город Урай;1359;Исходный;Выведи список зоомагазинов, расположенных внутри радиуса 500 м от дома детского творчества, чтобы планировать местные услуги.;В отображаемом слое для проекта Город Урай показаны объекты типа «Зоомагазин», расположенные в радиусе 500 м от объектов типа «Дом детского творчества».;1 - слой с объектами «Зоомагазин», 2 - слой с объектами «Дом детского творчества», учитывающий буфер 500 м вокруг каждого объекта.;;10068;Дом детского творчества, Зоомагазин;;66;13;Дом детского творчества;Зоомагазин;500
1450;;Город Урай;1359;Исходный;Покажи озеро, находящееся в пределах 300 м от линии электропередачи, чтобы оценить влияние на экосистему.;В отображаемом слое для проекта Город Урай показаны объекты типа «Озеро», расположенные в радиусе 300 м от объектов типа «Линия электропередачи».;1 - слой с объектами «Озеро», 2 - слой с объектами «Линия электропередачи», учитывающий буфер 300 м вокруг каждого объекта.;;10068;;Линия электропередачи, Озеро;66;14;Линия электропередачи;Озеро;300
1451;;Город Урай;1359;Исходный;Проверь, есть ли парки, которые находятся не далее чем 50 м от памятника, чтобы улучшить культурный ландшафт.;В отображаемом слое для проекта Город Урай показаны объекты типа «Парк», расположенные в радиусе 50 м от объектов типа «Памятник».;1 - слой с объектами «Парк», 2 - слой с объектами «Памятник», учитывающий буфер 50 м вокруг каждого объекта.;;10068;Парк;Памятник;66;15;Памятник;Парк;50
1452;;Город Урай;1359;Исходный;Определи бассейны, расположенные внутри 50 м от банкомата, чтобы оценить их доступность для пользователей.;В отображаемом слое для проекта Город Урай показаны объекты типа «Бассейн», расположенные в радиусе 50 м от объектов типа «Банкомат».;1 - слой с объектами «Бассейн», 2 - слой с объектами «Банкомат», учитывающий буфер 50 м вокруг каждого объекта.;;10068;Банкомат, Бассейн;;66;16;Банкомат;Бассейн;50
1453;;Город Урай;1359;Исходный;Найди пожарную станцию, находящуюся не далее чем 100 м от дома детского творчества, чтобы гарантировать безопасность.;В отображаемом слое для проекта Город Урай показаны объекты типа «Пожарная станция», расположенные в радиусе 100 м от объектов типа «Дом детского творчества».;1 - слой с объектами «Пожарная станция», 2 - слой с объектами «Дом детского творчества», учитывающий буфер 100 м вокруг каждого объекта.;;10068;Дом детского творчества, Пожарная станция;;66;17;Дом детского творчества;Пожарная станция;100
1454;;Город Урай;1359;Исходный;Проверь, находятся ли школы внутри 300 м от театра, чтобы оценить культурный доступ населения.;В отображаемом слое для проекта Город Урай показаны объекты типа «Школа», расположенные в радиусе 300 м от объектов типа «Театр».;1 - слой с объектами «Школа», 2 - слой с объектами «Театр», учитывающий буфер 300 м вокруг каждого объекта.;;10068;Театр, Школа;;66;18;Театр;Школа;300
1455;;Шлиссельбургское городское поселение;120;Сценарий от Рокета, Вариант 3;Покажи количество поликлиник, находящихся в радиусе 50 м от леса, чтобы оценить доступность медицинских услуг.;В отображаемом слое для проекта Шлиссельбургское городское поселение показаны объекты типа «Поликлиника», расположенные в радиусе 50 м от объектов типа «Лес».;1 - слой с объектами «Поликлиника», 2 - слой с объектами «Лес», учитывающий буфер 50 м вокруг каждого объекта.;;198;Поликлиника;Лес;67;10;Лес;Поликлиника;50
1456;;Шлиссельбургское городское поселение;120;Сценарий от Рокета, Вариант 3;Найди количество региональных дорог, расположенных в пределах 300 м от жилых домов, чтобы понять транспортную доступность.;В отображаемом слое для проекта Шлиссельбургское городское поселение показаны объекты типа «Региональная дорога», расположенные в радиусе 300 м от объектов типа «Жилой дом».;1 - слой с объектами «Региональная дорога», 2 - слой с объектами «Жилой дом», учитывающий буфер 300 м вокруг каждого объекта.;;198;;Жилой дом, Региональная дорога;67;11;Жилой дом;Региональная дорога;300
1457;;Шлиссельбургское городское поселение;120;Сценарий от Рокета, Вариант 3;Определи, сколько региональных дорог находятся не далее чем 150 м от нежилых зданий, чтобы оценить транспортную инфраструктуру.;В отображаемом слое для проекта Шлиссельбургское городское поселение показаны объекты типа «Региональная дорога», расположенные в радиусе 150 м от объектов типа «Нежилое здание».;1 - слой с объектами «Региональная дорога», 2 - слой с объектами «Нежилое здание», учитывающий буфер 150 м вокруг каждого объекта.;;198;;Нежилое здание, Региональная дорога;67;12;Нежилое здание;Региональная дорога;150
1458;;Шлиссельбургское городское поселение;120;Сценарий от Рокета, Вариант 3;Сколько жилых домов находятся в радиусе 300 м от детских садов, чтобы оценить доступность образовательных учреждений.;В отображаемом слое для проекта Шлиссельбургское городское поселение показаны объекты типа «Жилой дом», расположенные в радиусе 300 м от объектов типа «Детский сад».;1 - слой с объектами «Жилой дом», 2 - слой с объектами «Детский сад», учитывающий буфер 300 м вокруг каждого объекта.;;198;Детский сад;Жилой дом;67;13;Детский сад;Жилой дом;300
1459;;Шлиссельбургское городское поселение;120;Сценарий от Рокета, Вариант 3;Выведи количество детских садов, расположенных в пределах 500 м от школ, чтобы оценить доступность для семей.;В отображаемом слое для проекта Шлиссельбургское городское поселение показаны объекты типа «Детский сад», расположенные в радиусе 500 м от объектов типа «Школа».;1 - слой с объектами «Детский сад», 2 - слой с объектами «Школа», учитывающий буфер 500 м вокруг каждого объекта.;;198;Школа, Детский сад;;67;14;Школа;Детский сад;500
1460;;Шлиссельбургское городское поселение;120;Сценарий от Рокета, Вариант 3;Уточни, какие местные дороги находятся не далее чем 200 м от нежилых зданий, чтобы оценить их доступность.;В отображаемом слое для проекта Шлиссельбургское городское поселение показаны объекты типа «Местная дорога», расположенные в радиусе 200 м от объектов типа «Нежилое здание».;1 - слой с объектами «Местная дорога», 2 - слой с объектами «Нежилое здание», учитывающий буфер 200 м вокруг каждого объекта.;;198;;Нежилое здание, Местная дорога;67;15;Нежилое здание;Местная дорога;200
1461;;Шлиссельбургское городское поселение;120;Сценарий от Рокета, Вариант 3;Проверь, сколько лесов находится в радиусе 300 м от поликлиник, чтобы оценить доступность природных зон.;В отображаемом слое для проекта Шлиссельбургское городское поселение показаны объекты типа «Лес», расположенные в радиусе 300 м от объектов типа «Поликлиника».;1 - слой с объектами «Лес», 2 - слой с объектами «Поликлиника», учитывающий буфер 300 м вокруг каждого объекта.;;198;Поликлиника;Лес;67;16;Поликлиника;Лес;300
1462;;Шлиссельбургское городское поселение;120;Сценарий от Рокета, Вариант 3;Оцени, какие леса находятся в пределах 100 м от школ, чтобы определить возможные зоны отдыха.;В отображаемом слое для проекта Шлиссельбургское городское поселение показаны объекты типа «Лес», расположенные в радиусе 100 м от объектов типа «Школа».;1 - слой с объектами «Лес», 2 - слой с объектами «Школа», учитывающий буфер 100 м вокруг каждого объекта.;;198;Школа;Лес;67;17;Школа;Лес;100
1463;;Шлиссельбургское городское поселение;120;Сценарий от Рокета, Вариант 3;Считай, сколько школ находится не далее чем 200 м от нежилых зданий, чтобы оценить их доступность.;В отображаемом слое для проекта Шлиссельбургское городское поселение показаны объекты типа «Школа», расположенные в радиусе 200 м от объектов типа «Нежилое здание».;1 - слой с объектами «Школа», 2 - слой с объектами «Нежилое здание», учитывающий буфер 200 м вокруг каждого объекта.;;198;Школа;Нежилое здание;67;18;Нежилое здание;Школа;200
1464;;Жилой район возле транспортно-промышленного хаба;1091;Демо;Покажи, сколько домов детского творчества находятся в пределах 300 м от кинотеатра, чтобы оценить совместную привлекательность культурных объектов.;В отображаемом слое для проекта Жилой район возле транспортно-промышленного хаба показаны объекты типа «Дом детского творчества», расположенные в радиусе 300 м от объектов типа «Кинотеатр».;1 - слой с объектами «Дом детского творчества», 2 - слой с объектами «Кинотеатр», учитывающий буфер 300 м вокруг каждого объекта.;;1747;Кинотеатр, Дом детского творчества;;68;10;Кинотеатр;Дом детского творчества;300
1465;;Жилой район возле транспортно-промышленного хаба;1091;Демо;Определи, сколько библиотек расположены не далее чем 200 м от станции скорой медицинской помощи, чтобы оценить уровень информирования населения.;В отображаемом слое для проекта Жилой район возле транспортно-промышленного хаба показаны объекты типа «Библиотека», расположенные в радиусе 200 м от объектов типа «Станция скорой медицинской помощи».;1 - слой с объектами «Библиотека», 2 - слой с объектами «Станция скорой медицинской помощи», учитывающий буфер 200 м вокруг каждого объекта.;;1747;Станция скорой медицинской помощи, Библиотека;;68;11;Станция скорой медицинской помощи;Библиотека;200
1466;;Жилой район возле транспортно-промышленного хаба;1091;Демо;Определи, сколько больниц находятся в радиусе 150 м от диспансера, чтобы оценить плотность медицинских учреждений.;В отображаемом слое для проекта Жилой район возле транспортно-промышленного хаба показаны объекты типа «Больница», расположенные в радиусе 150 м от объектов типа «Диспансер».;1 - слой с объектами «Больница», 2 - слой с объектами «Диспансер», учитывающий буфер 150 м вокруг каждого объекта.;;1747;Диспансер, Больница;;68;12;Диспансер;Больница;150
1467;;Жилой район возле транспортно-промышленного хаба;1091;Демо;Выведи, сколько нежилых зданий расположены в пределах 300 м от линии электропередачи, чтобы учесть риск электромагнитного воздействия.;В отображаемом слое для проекта Жилой район возле транспортно-промышленного хаба показаны объекты типа «Нежилое здание», расположенные в радиусе 300 м от объектов типа «Линия электропередачи».;1 - слой с объектами «Нежилое здание», 2 - слой с объектами «Линия электропередачи», учитывающий буфер 300 м вокруг каждого объекта.;;1747;;Линия электропередачи, Нежилое здание;68;13;Линия электропередачи;Нежилое здание;300
1468;;Жилой район возле транспортно-промышленного хаба;1091;Демо;Проверь, сколько магазинов у дома находятся не более 300 м от стоматологической клиники, чтобы понять доступность продуктовых точек.;В отображаемом слое для проекта Жилой район возле транспортно-промышленного хаба показаны объекты типа «Продукты (магазин у дома)», расположенные в радиусе 300 м от объектов типа «Стоматологическая клиника».;1 - слой с объектами «Продукты (магазин у дома)», 2 - слой с объектами «Стоматологическая клиника», учитывающий буфер 300 м вокруг каждого объекта.;;1747;Стоматологическая клиника, Продукты (магазин у дома);;68;14;Стоматологическая клиника;Продукты (магазин у дома);300
1469;;Жилой район возле транспортно-промышленного хаба;1091;Демо;Определи, какие леса находятся в пределах 100 м от стоматологической клиники, чтобы оценить экологическую среду.;В отображаемом слое для проекта Жилой район возле транспортно-промышленного хаба показаны объекты типа «Лес», расположенные в радиусе 100 м от объектов типа «Стоматологическая клиника».;1 - слой с объектами «Лес», 2 - слой с объектами «Стоматологическая клиника», учитывающий буфер 100 м вокруг каждого объекта.;;1747;Стоматологическая клиника;Лес;68;15;Стоматологическая клиника;Лес;100
1470;;Жилой район возле транспортно-промышленного хаба;1091;Демо;Найди библиотеки, расположенные не более 50 м от кафе, чтобы оценить удобство для читателей.;В отображаемом слое для проекта Жилой район возле транспортно-промышленного хаба показаны объекты типа «Библиотека», расположенные в радиусе 50 м от объектов типа «Кафе».;1 - слой с объектами «Библиотека», 2 - слой с объектами «Кафе», учитывающий буфер 50 м вокруг каждого объекта.;;1747;Кафе, Библиотека;;68;17;Кафе;Библиотека;50
1471;;Жилой район возле транспортно-промышленного хаба;1091;Демо;Определи, сколько адвокатских офисов находятся в радиусе 200 м от детско-юношеской спортивной школы, чтобы оценить доступность юридической поддержки для спортивных мероприятий.;В отображаемом слое для проекта Жилой район возле транспортно-промышленного хаба показаны объекты типа «Адвокат», расположенные в радиусе 200 м от объектов типа «Детско-юношеская спортивная школа».;1 - слой с объектами «Адвокат», 2 - слой с объектами «Детско-юношеская спортивная школа», учитывающий буфер 200 м вокруг каждого объекта.;;1747;Детско-юношеская спортивная школа, Адвокат;;68;18;Детско-юношеская спортивная школа;Адвокат;200
1472;;Жилой район возле транспортно-промышленного хаба;1091;Демо;"Покажи магазины детских товаров, расположенные в радиусе 100 м от больницы; важен быстрый доступ для родителей с детьми.";В отображаемом слое для проекта Жилой район возле транспортно-промышленного хаба показаны объекты типа «Детские товары», расположенные в радиусе 100 м от объектов типа «Больница».;1 - слой с объектами «Детские товары», 2 - слой с объектами «Больница», учитывающий буфер 100 м вокруг каждого объекта.;;1747;Больница, Детские товары;;69;10;Больница;Детские товары;100
1473;;Жилой район возле транспортно-промышленного хаба;1091;Демо;"Найди пункты выдачи, находящиеся в пределах 300 м от отделения банка; это повышает удобство для клиентов.";В отображаемом слое для проекта Жилой район возле транспортно-промышленного хаба показаны объекты типа «Пункт выдачи», расположенные в радиусе 300 м от объектов типа «Отделение банка».;1 - слой с объектами «Пункт выдачи», 2 - слой с объектами «Отделение банка», учитывающий буфер 300 м вокруг каждого объекта.;;1747;Отделение банка, Пункт выдачи;;69;11;Отделение банка;Пункт выдачи;300
1474;;Жилой район возле транспортно-промышленного хаба;1091;Демо;"Определи объекты магистрального газопровода, которые находятся в радиусе 100 м от жилого дома; нужно оценить безопасность.";В отображаемом слое для проекта Жилой район возле транспортно-промышленного хаба показаны объекты типа «Объект магистрального газопровода», расположенные в радиусе 100 м от объектов типа «Жилой дом».;1 - слой с объектами «Объект магистрального газопровода», 2 - слой с объектами «Жилой дом», учитывающий буфер 100 м вокруг каждого объекта.;;1747;;Жилой дом, Объект магистрального газопровода;69;12;Жилой дом;Объект магистрального газопровода;100
1475;;Жилой район возле транспортно-промышленного хаба;1091;Демо;"Сколько хозяйственных товаров расположено в пределах 200 м от водного объекта; важно для планирования складских площадей.";В отображаемом слое для проекта Жилой район возле транспортно-промышленного хаба показаны объекты типа «Хозяйственные товары», расположенные в радиусе 200 м от объектов типа «Водный объект».;1 - слой с объектами «Хозяйственные товары», 2 - слой с объектами «Водный объект», учитывающий буфер 200 м вокруг каждого объекта.;;1747;Хозяйственные товары;Водный объект;69;13;Водный объект;Хозяйственные товары;200
1476;;Жилой район возле транспортно-промышленного хаба;1091;Демо;"Проверь наличие пожарной станции в радиусе 300 м от леса; ключевой фактор контроля возгораний.";В отображаемом слое для проекта Жилой район возле транспортно-промышленного хаба показаны объекты типа «Пожарная станция», расположенные в радиусе 300 м от объектов типа «Лес».;1 - слой с объектами «Пожарная станция», 2 - слой с объектами «Лес», учитывающий буфер 300 м вокруг каждого объекта.;;1747;Пожарная станция;Лес;69;14;Лес;Пожарная станция;300
1477;;Жилой район возле транспортно-промышленного хаба;1091;Демо;"Выведи детско‑юношескую спортивную школу, которая находится в пределах 500 м от пункта выдачи; это улучшит спортивные программы.";В отображаемом слое для проекта Жилой район возле транспортно-промышленного хаба показаны объекты типа «Детско-юношеская спортивная школа», расположенные в радиусе 500 м от объектов типа «Пункт выдачи».;1 - слой с объектами «Детско-юношеская спортивная школа», 2 - слой с объектами «Пункт выдачи», учитывающий буфер 500 м вокруг каждого объекта.;;1747;Пункт выдачи, Детско-юношеская спортивная школа;;69;15;Пункт выдачи;Детско-юношеская спортивная школа;500
1478;;Жилой район возле транспортно-промышленного хаба;1091;Демо;"Определи кинотеатр, который находится в радиусе 500 м от травматологических пунктов; поможет в эвакуационных планах.";В отображаемом слое для проекта Жилой район возле транспортно-промышленного хаба показаны объекты типа «Кинотеатр», расположенные в радиусе 500 м от объектов типа «Травматологические пункты».;1 - слой с объектами «Кинотеатр», 2 - слой с объектами «Травматологические пункты», учитывающий буфер 500 м вокруг каждого объекта.;;1747;Травматологические пункты, Кинотеатр;;69;16;Травматологические пункты;Кинотеатр;500
1479;;Жилой район возле транспортно-промышленного хаба;1091;Демо;"Покажи салон красоты, расположенный в пределах 100 м от кинотеатра; это важно для оценки коммерческого потенциала.";В отображаемом слое для проекта Жилой район возле транспортно-промышленного хаба показаны объекты типа «Салон красоты», расположенные в радиусе 100 м от объектов типа «Кинотеатр».;1 - слой с объектами «Салон красоты», 2 - слой с объектами «Кинотеатр», учитывающий буфер 100 м вокруг каждого объекта.;;1747;Кинотеатр, Салон красоты;;69;17;Кинотеатр;Салон красоты;100
1480;;Жилой район возле транспортно-промышленного хаба;1091;Демо;"Найди линию электропередачи, находящуюся в радиусе 150 м от хозяйственных товаров; необходимо для оценки электроснабжения.";В отображаемом слое для проекта Жилой район возле транспортно-промышленного хаба показаны объекты типа «Линия электропередачи», расположенные в радиусе 150 м от объектов типа «Хозяйственные товары».;1 - слой с объектами «Линия электропередачи», 2 - слой с объектами «Хозяйственные товары», учитывающий буфер 150 м вокруг каждого объекта.;;1747;Хозяйственные товары;Линия электропередачи;69;18;Хозяйственные товары;Линия электропередачи;150
1481;;Жилой район возле транспортно-промышленного хаба;1091;Демо;Найди количество кафе, расположенных в пределах 500 м от рекреационной зоны, чтобы оценить доступность питания у отдыхающих.;В отображаемом слое для проекта Жилой район возле транспортно-промышленного хаба показаны объекты типа «Кафе», расположенные в радиусе 500 м от объектов типа «Рекреационная зона».;1 - слой с объектами «Кафе», 2 - слой с объектами «Рекреационная зона», учитывающий буфер 500 м вокруг каждого объекта.;;1747;Кафе;Рекреационная зона;70;10;Рекреационная зона;Кафе;500
1482;;Жилой район возле транспортно-промышленного хаба;1091;Демо;Проверь наличие федеральных дорог, находящихся внутри радиуса 50 м от пункта выдачи, чтобы убедиться в доступности транспортной инфраструктуры.;В отображаемом слое для проекта Жилой район возле транспортно-промышленного хаба показаны объекты типа «Федеральная дорога», расположенные в радиусе 50 м от объектов типа «Пункт выдачи».;1 - слой с объектами «Федеральная дорога», 2 - слой с объектами «Пункт выдачи», учитывающий буфер 50 м вокруг каждого объекта.;;1747;Пункт выдачи;Федеральная дорога;70;11;Пункт выдачи;Федеральная дорога;50
1483;;Жилой район возле транспортно-промышленного хаба;1091;Демо;Определи, сколько линий электропередачи расположены не далее чем 500 м от региональной дороги, так как близость к дорогам важна для энергообеспечения.;В отображаемом слое для проекта Жилой район возле транспортно-промышленного хаба показаны объекты типа «Линия электропередачи», расположенные в радиусе 500 м от объектов типа «Региональная дорога».;1 - слой с объектами «Линия электропередачи», 2 - слой с объектами «Региональная дорога», учитывающий буфер 500 м вокруг каждого объекта.;;1747;;Региональная дорога, Линия электропередачи;70;12;Региональная дорога;Линия электропередачи;500
1484;;Жилой район возле транспортно-промышленного хаба;1091;Демо;Сколько диспансеров находится внутри радиуса 100 м от линии электропередачи, чтобы оценить доступность медицинских услуг для жителей.;В отображаемом слое для проекта Жилой район возле транспортно-промышленного хаба показаны объекты типа «Диспансер», расположенные в радиусе 100 м от объектов типа «Линия электропередачи».;1 - слой с объектами «Диспансер», 2 - слой с объектами «Линия электропередачи», учитывающий буфер 100 м вокруг каждого объекта.;;1747;Диспансер;Линия электропередачи;70;13;Линия электропередачи;Диспансер;100
1485;;Жилой район возле транспортно-промышленного хаба;1091;Демо;Покажи количество линий электропередачи, находящихся не далее чем 200 м от леса, так как это влияет на экологическое благополучие.;В отображаемом слое для проекта Жилой район возле транспортно-промышленного хаба показаны объекты типа «Линия электропередачи», расположенные в радиусе 200 м от объектов типа «Лес».;1 - слой с объектами «Линия электропередачи», 2 - слой с объектами «Лес», учитывающий буфер 200 м вокруг каждого объекта.;;1747;;Лес, Линия электропередачи;70;14;Лес;Линия электропередачи;200
1486;;Жилой район возле транспортно-промышленного хаба;1091;Демо;Выведи, сколько детско-юношеских спортивных школ расположены внутри радиуса 500 м от жилого дома, чтобы планировать спортивные мероприятия.;В отображаемом слое для проекта Жилой район возле транспортно-промышленного хаба показаны объекты типа «Детско-юношеская спортивная школа», расположенные в радиусе 500 м от объектов типа «Жилой дом».;1 - слой с объектами «Детско-юношеская спортивная школа», 2 - слой с объектами «Жилой дом», учитывающий буфер 500 м вокруг каждого объекта.;;1747;Детско-юношеская спортивная школа;Жилой дом;70;15;Жилой дом;Детско-юношеская спортивная школа;500
1487;;Жилой район возле транспортно-промышленного хаба;1091;Демо;Считай, сколько травматологических пунктов находится в пределах 300 м от аптеки, чтобы оценить медицинскую доступность.;В отображаемом слое для проекта Жилой район возле транспортно-промышленного хаба показаны объекты типа «Травматологические пункты», расположенные в радиусе 300 м от объектов типа «Аптека».;1 - слой с объектами «Травматологические пункты», 2 - слой с объектами «Аптека», учитывающий буфер 300 м вокруг каждого объекта.;;1747;Аптека, Травматологические пункты;;70;16;Аптека;Травматологические пункты;300
1488;;Жилой район возле транспортно-промышленного хаба;1091;Демо;Узнай, сколько спортивных залов расположены не далее чем 200 м от отделения банка, так как это важно для планирования бизнес‑активностей.;В отображаемом слое для проекта Жилой район возле транспортно-промышленного хаба показаны объекты типа «Спортивный зал», расположенные в радиусе 200 м от объектов типа «Отделение банка».;1 - слой с объектами «Спортивный зал», 2 - слой с объектами «Отделение банка», учитывающий буфер 200 м вокруг каждого объекта.;;1747;Отделение банка, Спортивный зал;;70;17;Отделение банка;Спортивный зал;200
1489;;Жилой район возле транспортно-промышленного хаба;1091;Демо;Уточни, сколько региональных дорог находится внутри радиуса 200 м от аптеки, чтобы учесть транспортную доступность.;В отображаемом слое для проекта Жилой район возле транспортно-промышленного хаба показаны объекты типа «Региональная дорога», расположенные в радиусе 200 м от объектов типа «Аптека».;1 - слой с объектами «Региональная дорога», 2 - слой с объектами «Аптека», учитывающий буфер 200 м вокруг каждого объекта.;;1747;Аптека;Региональная дорога;70;18;Аптека;Региональная дорога;200
1490;;Проект с ДПО от Урбан Хаб;487;Исходный;Проверь, есть ли водонапорная башня в пределах 300 м от книжного магазина.;В отображаемом слое для проекта Проект с ДПО от Урбан Хаб показаны объекты типа «Водонапорная башня», расположенные в радиусе 300 м от объектов типа «Книжный магазин».;1 - слой с объектами «Водонапорная башня», 2 - слой с объектами «Книжный магазин», учитывающий буфер 300 м вокруг каждого объекта.;;604;Книжный магазин;Водонапорная башня;71;10;Книжный магазин;Водонапорная башня;300
1491;;Проект с ДПО от Урбан Хаб;487;Исходный;Открой список пожарных станций, находящихся в радиусе 300 м от железнодорожного вокзала.;В отображаемом слое для проекта Проект с ДПО от Урбан Хаб показаны объекты типа «Пожарная станция», расположенные в радиусе 300 м от объектов типа «Железнодорожный вокзал».;1 - слой с объектами «Пожарная станция», 2 - слой с объектами «Железнодорожный вокзал», учитывающий буфер 300 м вокруг каждого объекта.;;604;Железнодорожный вокзал, Пожарная станция;;71;11;Железнодорожный вокзал;Пожарная станция;300
1492;;Проект с ДПО от Урбан Хаб;487;Исходный;Определи количество катков, расположенных в пределах 500 м от музея.;В отображаемом слое для проекта Проект с ДПО от Урбан Хаб показаны объекты типа «Каток», расположенные в радиусе 500 м от объектов типа «Музей».;1 - слой с объектами «Каток», 2 - слой с объектами «Музей», учитывающий буфер 500 м вокруг каждого объекта.;;604;Музей, Каток;;71;12;Музей;Каток;500
1493;;Проект с ДПО от Урбан Хаб;487;Исходный;Считай театры, находящиеся в радиусе 50 м от пожарной станции.;В отображаемом слое для проекта Проект с ДПО от Урбан Хаб показаны объекты типа «Театр», расположенные в радиусе 50 м от объектов типа «Пожарная станция».;1 - слой с объектами «Театр», 2 - слой с объектами «Пожарная станция», учитывающий буфер 50 м вокруг каждого объекта.;;604;Пожарная станция, Театр;;71;13;Пожарная станция;Театр;50
1494;;Проект с ДПО от Урбан Хаб;487;Исходный;Узнай, размещаются ли детские площадки в пределах 500 м от порта.;В отображаемом слое для проекта Проект с ДПО от Урбан Хаб показаны объекты типа «Детская площадка», расположенные в радиусе 500 м от объектов типа «Порт».;1 - слой с объектами «Детская площадка», 2 - слой с объектами «Порт», учитывающий буфер 500 м вокруг каждого объекта.;;604;Детская площадка;Порт;71;14;Порт;Детская площадка;500
1495;;Проект с ДПО от Урбан Хаб;487;Исходный;Найди дома престарелых в радиусе 200 м от железнодорожной станции.;В отображаемом слое для проекта Проект с ДПО от Урбан Хаб показаны объекты типа «Дом престарелых», расположенные в радиусе 200 м от объектов типа «Железнодорожная станция».;1 - слой с объектами «Дом престарелых», 2 - слой с объектами «Железнодорожная станция», учитывающий буфер 200 м вокруг каждого объекта.;;604;Дом престарелых;Железнодорожная станция;71;15;Железнодорожная станция;Дом престарелых;200
1496;;Проект с ДПО от Урбан Хаб;487;Исходный;Уточни, находятся ли ветеринарные клиники в пределах 50 м от полигонов ТБО.;В отображаемом слое для проекта Проект с ДПО от Урбан Хаб показаны объекты типа «Ветеринарная клиника», расположенные в радиусе 50 м от объектов типа «Полигон ТБО».;1 - слой с объектами «Ветеринарная клиника», 2 - слой с объектами «Полигон ТБО», учитывающий буфер 50 м вокруг каждого объекта.;;604;Ветеринарная клиника;Полигон ТБО;71;16;Полигон ТБО;Ветеринарная клиника;50
1497;;Проект с ДПО от Урбан Хаб;487;Исходный;Подсчитай, сколько парков атракционов находится в радиусе 150 м от булочной.;В отображаемом слое для проекта Проект с ДПО от Урбан Хаб показаны объекты типа «Парк атракционов», расположенные в радиусе 150 м от объектов типа «Булочная».;1 - слой с объектами «Парк атракционов», 2 - слой с объектами «Булочная», учитывающий буфер 150 м вокруг каждого объекта.;;604;Булочная, Парк атракционов;;71;17;Булочная;Парк атракционов;150
1498;;Проект с ДПО от Урбан Хаб;487;Исходный;Убедись, сколько промышленных территорий находится в пределах 150 м от местной дороги.;В отображаемом слое для проекта Проект с ДПО от Урбан Хаб показаны объекты типа «Промышленная территория», расположенные в радиусе 150 м от объектов типа «Местная дорога».;1 - слой с объектами «Промышленная территория», 2 - слой с объектами «Местная дорога», учитывающий буфер 150 м вокруг каждого объекта.;;604;;Местная дорога, Промышленная территория;71;18;Местная дорога;Промышленная территория;150
1499;;Проект с ДПО от Урбан Хаб;487;Исходный;Покажи автозаправки, находящиеся внутри радиуса 100 м от библиотек.;В отображаемом слое для проекта Проект с ДПО от Урбан Хаб показаны объекты типа «Автозаправка», расположенные в радиусе 100 м от объектов типа «Библиотека».;1 - слой с объектами «Автозаправка», 2 - слой с объектами «Библиотека», учитывающий буфер 100 м вокруг каждого объекта.;;604;Библиотека, Автозаправка;;72;10;Библиотека;Автозаправка;100
1500;;Проект с ДПО от Урбан Хаб;487;Исходный;Найди дома детского творчества, расположенные в пределах 100 м от полигона ТБО.;В отображаемом слое для проекта Проект с ДПО от Урбан Хаб показаны объекты типа «Дом детского творчества», расположенные в радиусе 100 м от объектов типа «Полигон ТБО».;1 - слой с объектами «Дом детского творчества», 2 - слой с объектами «Полигон ТБО», учитывающий буфер 100 м вокруг каждого объекта.;;604;Дом детского творчества;Полигон ТБО;72;11;Полигон ТБО;Дом детского творчества;100
1501;;Проект с ДПО от Урбан Хаб;487;Исходный;Определи, сколько больниц находятся не далее 500 м от площадки для выгула собак.;В отображаемом слое для проекта Проект с ДПО от Урбан Хаб показаны объекты типа «Больница», расположенные в радиусе 500 м от объектов типа «Площадка для выгула собак».;1 - слой с объектами «Больница», 2 - слой с объектами «Площадка для выгула собак», учитывающий буфер 500 м вокруг каждого объекта.;;604;Площадка для выгула собак, Больница;;72;12;Площадка для выгула собак;Больница;500
1502;;Проект с ДПО от Урбан Хаб;487;Исходный;Считай нежилые здания, которые находятся внутри радиуса 50 м от супермаркета.;В отображаемом слое для проекта Проект с ДПО от Урбан Хаб показаны объекты типа «Нежилое здание», расположенные в радиусе 50 м от объектов типа «Супермаркет».;1 - слой с объектами «Нежилое здание», 2 - слой с объектами «Супермаркет», учитывающий буфер 50 м вокруг каждого объекта.;;604;Супермаркет;Нежилое здание;72;13;Супермаркет;Нежилое здание;50
1503;;Проект с ДПО от Урбан Хаб;487;Исходный;Проверь, находятся ли рекреационные зоны внутри радиуса 100 м от полицейских участков.;В отображаемом слое для проекта Проект с ДПО от Урбан Хаб показаны объекты типа «Рекреационная зона», расположенные в радиусе 100 м от объектов типа «Полицейский участок».;1 - слой с объектами «Рекреационная зона», 2 - слой с объектами «Полицейский участок», учитывающий буфер 100 м вокруг каждого объекта.;;604;Полицейский участок;Рекреационная зона;72;14;Полицейский участок;Рекреационная зона;100
1504;;Проект с ДПО от Урбан Хаб;487;Исходный;Выведи список булочных, расположенных в пределах 200 м от центра занятости населения.;В отображаемом слое для проекта Проект с ДПО от Урбан Хаб показаны объекты типа «Булочная», расположенные в радиусе 200 м от объектов типа «Центр занятости населения».;1 - слой с объектами «Булочная», 2 - слой с объектами «Центр занятости населения», учитывающий буфер 200 м вокруг каждого объекта.;;604;Центр занятости населения, Булочная;;72;15;Центр занятости населения;Булочная;200
1505;;Проект с ДПО от Урбан Хаб;487;Исходный;Подсчитай сети теплоснабжения, которые находятся не далее 50 м от электрической подстанции.;В отображаемом слое для проекта Проект с ДПО от Урбан Хаб показаны объекты типа «Сеть теплоснабжения», расположенные в радиусе 50 м от объектов типа «Электрическая подстанция».;1 - слой с объектами «Сеть теплоснабжения», 2 - слой с объектами «Электрическая подстанция», учитывающий буфер 50 м вокруг каждого объекта.;;604;;Электрическая подстанция, Сеть теплоснабжения;72;16;Электрическая подстанция;Сеть теплоснабжения;50
1506;;Проект с ДПО от Урбан Хаб;487;Исходный;Уточни больницы, расположенные не далее 50 м от торгового центра.;В отображаемом слое для проекта Проект с ДПО от Урбан Хаб показаны объекты типа «Больница», расположенные в радиусе 50 м от объектов типа «Торговый центр».;1 - слой с объектами «Больница», 2 - слой с объектами «Торговый центр», учитывающий буфер 50 м вокруг каждого объекта.;;604;Торговый центр, Больница;;72;17;Торговый центр;Больница;50
1507;;Проект с ДПО от Урбан Хаб;487;Исходный;Перечисли парковки, находящиеся в пределах 50 м от пункта выдачи.;В отображаемом слое для проекта Проект с ДПО от Урбан Хаб показаны объекты типа «Парковка», расположенные в радиусе 50 м от объектов типа «Пункт выдачи».;1 - слой с объектами «Парковка», 2 - слой с объектами «Пункт выдачи», учитывающий буфер 50 м вокруг каждого объекта.;;604;Пункт выдачи;Парковка;72;18;Пункт выдачи;Парковка;50
1508;;Проект с ДПО от Урбан Хаб;487;Исходный;Покажи заправочные станции внутри радиуса 50 м от линии электропередачи.;В отображаемом слое для проекта Проект с ДПО от Урбан Хаб показаны объекты типа «Заправочная станция», расположенные в радиусе 50 м от объектов типа «Линия электропередачи».;1 - слой с объектами «Заправочная станция», 2 - слой с объектами «Линия электропередачи», учитывающий буфер 50 м вокруг каждого объекта.;;604;;Линия электропередачи, Заправочная станция;73;10;Линия электропередачи;Заправочная станция;50
1509;;Проект с ДПО от Урбан Хаб;487;Исходный;Определи, сколько нежилых зданий находится внутри радиуса 500 м от пожарной станции.;В отображаемом слое для проекта Проект с ДПО от Урбан Хаб показаны объекты типа «Нежилое здание», расположенные в радиусе 500 м от объектов типа «Пожарная станция».;1 - слой с объектами «Нежилое здание», 2 - слой с объектами «Пожарная станция», учитывающий буфер 500 м вокруг каждого объекта.;;604;Пожарная станция;Нежилое здание;73;11;Пожарная станция;Нежилое здание;500
1510;;Проект с ДПО от Урбан Хаб;487;Исходный;Найди салон красоты, который находится в пределах 500 м от региональной дороги.;В отображаемом слое для проекта Проект с ДПО от Урбан Хаб показаны объекты типа «Салон красоты», расположенные в радиусе 500 м от объектов типа «Региональная дорога».;1 - слой с объектами «Салон красоты», 2 - слой с объектами «Региональная дорога», учитывающий буфер 500 м вокруг каждого объекта.;;604;Салон красоты;Региональная дорога;73;12;Региональная дорога;Салон красоты;500
1511;;Проект с ДПО от Урбан Хаб;487;Исходный;Проверь наличие водных объектов не далее 200 м от больницы.;В отображаемом слое для проекта Проект с ДПО от Урбан Хаб показаны объекты типа «Водный объект», расположенные в радиусе 200 м от объектов типа «Больница».;1 - слой с объектами «Водный объект», 2 - слой с объектами «Больница», учитывающий буфер 200 м вокруг каждого объекта.;;604;Больница;Водный объект;73;13;Больница;Водный объект;200
1512;;Проект с ДПО от Урбан Хаб;487;Исходный;Выведи театр, расположенный внутри радиуса 150 м от парка.;В отображаемом слое для проекта Проект с ДПО от Урбан Хаб показаны объекты типа «Театр», расположенные в радиусе 150 м от объектов типа «Парк».;1 - слой с объектами «Театр», 2 - слой с объектами «Парк», учитывающий буфер 150 м вокруг каждого объекта.;;604;Парк, Театр;;73;14;Парк;Театр;150
1513;;Проект с ДПО от Урбан Хаб;487;Исходный;Узнай, есть ли региональная дорога в пределах 300 м от одежды и обуви.;В отображаемом слое для проекта Проект с ДПО от Урбан Хаб показаны объекты типа «Региональная дорога», расположенные в радиусе 300 м от объектов типа «Одежда и обувь».;1 - слой с объектами «Региональная дорога», 2 - слой с объектами «Одежда и обувь», учитывающий буфер 300 м вокруг каждого объекта.;;604;Одежда и обувь;Региональная дорога;73;15;Одежда и обувь;Региональная дорога;300
1514;;Проект с ДПО от Урбан Хаб;487;Исходный;Считай площадки в пределах 50 м от пункта выдачи.;В отображаемом слое для проекта Проект с ДПО от Урбан Хаб показаны объекты типа «Площадка», расположенные в радиусе 50 м от объектов типа «Пункт выдачи».;1 - слой с объектами «Площадка», 2 - слой с объектами «Пункт выдачи», учитывающий буфер 50 м вокруг каждого объекта.;;604;Пункт выдачи;Площадка;73;16;Пункт выдачи;Площадка;50
1515;;Проект с ДПО от Урбан Хаб;487;Исходный;Посчитай, сколько музеев находится внутри радиуса 150 м от площадки.;В отображаемом слое для проекта Проект с ДПО от Урбан Хаб показаны объекты типа «Музей», расположенные в радиусе 150 м от объектов типа «Площадка».;1 - слой с объектами «Музей», 2 - слой с объектами «Площадка», учитывающий буфер 150 м вокруг каждого объекта.;;604;Музей;Площадка;73;17;Площадка;Музей;150
1516;;Проект с ДПО от Урбан Хаб;487;Исходный;Выведи театры, которые находятся в пределах 300 м от порта.;В отображаемом слое для проекта Проект с ДПО от Урбан Хаб показаны объекты типа «Театр», расположенные в радиусе 300 м от объектов типа «Порт».;1 - слой с объектами «Театр», 2 - слой с объектами «Порт», учитывающий буфер 300 м вокруг каждого объекта.;;604;Театр;Порт;73;18;Порт;Театр;300
1517;;Проект территории в Новосаратовке;633;Исходный;Найди жилые дома, которые находятся внутри радиуса 50 м от нежилого здания, чтобы соблюсти зонирование.;В отображаемом слое для проекта Проект территории в Новосаратовке показаны объекты типа «Жилой дом», расположенные в радиусе 50 м от объектов типа «Нежилое здание».;1 - слой с объектами «Жилой дом», 2 - слой с объектами «Нежилое здание», учитывающий буфер 50 м вокруг каждого объекта.;;846;;Нежилое здание, Жилой дом;74;10;Нежилое здание;Жилой дом;50
1518;;Проект территории в Новосаратовке;633;Исходный;Покажи пункты выдачи, расположенные не далее 150 м от леса, проверка доступа к природным зонам.;В отображаемом слое для проекта Проект территории в Новосаратовке показаны объекты типа «Пункт выдачи», расположенные в радиусе 150 м от объектов типа «Лес».;1 - слой с объектами «Пункт выдачи», 2 - слой с объектами «Лес», учитывающий буфер 150 м вокруг каждого объекта.;;846;Пункт выдачи;Лес;74;11;Лес;Пункт выдачи;150
1519;;Проект территории в Новосаратовке;633;Исходный;Определи водные объекты, расположенные в пределах 100 м от остановки наземного транспорта, для оценки риска наводнений.;В отображаемом слое для проекта Проект территории в Новосаратовке показаны объекты типа «Водный объект», расположенные в радиусе 100 м от объектов типа «Остановка наземного транспорта».;1 - слой с объектами «Водный объект», 2 - слой с объектами «Остановка наземного транспорта», учитывающий буфер 100 м вокруг каждого объекта.;;846;;Остановка наземного транспорта, Водный объект;74;12;Остановка наземного транспорта;Водный объект;100
1520;;Проект территории в Новосаратовке;633;Исходный;Сколько жилых домов находится внутри 150 м от озера? Планирование инфраструктуры.;В отображаемом слое для проекта Проект территории в Новосаратовке показаны объекты типа «Жилой дом», расположенные в радиусе 150 м от объектов типа «Озеро».;1 - слой с объектами «Жилой дом», 2 - слой с объектами «Озеро», учитывающий буфер 150 м вокруг каждого объекта.;;846;;Озеро, Жилой дом;74;13;Озеро;Жилой дом;150
1521;;Проект территории в Новосаратовке;633;Исходный;Проверь наличие нежилых зданий, которые находятся в радиусе 100 м от озера, установить границы зон отдыха.;В отображаемом слое для проекта Проект территории в Новосаратовке показаны объекты типа «Нежилое здание», расположенные в радиусе 100 м от объектов типа «Озеро».;1 - слой с объектами «Нежилое здание», 2 - слой с объектами «Озеро», учитывающий буфер 100 м вокруг каждого объекта.;;846;;Озеро, Нежилое здание;74;14;Озеро;Нежилое здание;100
1522;;Проект территории в Новосаратовке;633;Исходный;Выведи водные объекты, расположенные не далее 500 м от региональной дороги, для оценки воздействия транспортного шума.;В отображаемом слое для проекта Проект территории в Новосаратовке показаны объекты типа «Водный объект», расположенные в радиусе 500 м от объектов типа «Региональная дорога».;1 - слой с объектами «Водный объект», 2 - слой с объектами «Региональная дорога», учитывающий буфер 500 м вокруг каждого объекта.;;846;;Региональная дорога, Водный объект;74;15;Региональная дорога;Водный объект;500
1523;;Проект территории в Новосаратовке;633;Исходный;Укажи леса, которые находятся внутри 500 м от региональной дороги, защита лесных массивов.;В отображаемом слое для проекта Проект территории в Новосаратовке показаны объекты типа «Лес», расположенные в радиусе 500 м от объектов типа «Региональная дорога».;1 - слой с объектами «Лес», 2 - слой с объектами «Региональная дорога», учитывающий буфер 500 м вокруг каждого объекта.;;846;;Региональная дорога, Лес;74;16;Региональная дорога;Лес;500
1524;;Проект территории в Новосаратовке;633;Исходный;Уточни местные дороги, расположенные в пределах 50 м от леса, проверка транспортной доступности.;В отображаемом слое для проекта Проект территории в Новосаратовке показаны объекты типа «Местная дорога», расположенные в радиусе 50 м от объектов типа «Лес».;1 - слой с объектами «Местная дорога», 2 - слой с объектами «Лес», учитывающий буфер 50 м вокруг каждого объекта.;;846;;Лес, Местная дорога;74;17;Лес;Местная дорога;50
1525;;Проект территории в Новосаратовке;633;Исходный;Считай местные дороги, которые находятся не далее 150 м от остановки наземного общественного транспорта, обеспечение удобства перехода.;В отображаемом слое для проекта Проект территории в Новосаратовке показаны объекты типа «Местная дорога», расположенные в радиусе 150 м от объектов типа «Остановка наземного общественного транспорта».;1 - слой с объектами «Местная дорога», 2 - слой с объектами «Остановка наземного общественного транспорта», учитывающий буфер 150 м вокруг каждого объекта.;;846;Остановка наземного общественного транспорта;Местная дорога;74;18;Остановка наземного общественного транспорта;Местная дорога;150
1526;;Проект территории в Новосаратовке;633;Исходный;Определи количество нежилых зданий, находящихся в радиусе 500 м от аптек – это поможет оценить плотность коммерческой инфраструктуры.;В отображаемом слое для проекта Проект территории в Новосаратовке показаны объекты типа «Нежилое здание», расположенные в радиусе 500 м от объектов типа «Аптека».;1 - слой с объектами «Нежилое здание», 2 - слой с объектами «Аптека», учитывающий буфер 500 м вокруг каждого объекта.;;846;Аптека;Нежилое здание;75;10;Аптека;Нежилое здание;500
1527;;Проект территории в Новосаратовке;633;Исходный;Найди водные объекты, расположенные в пределах 500 м от нежилых зданий, чтобы проверить влияние зданий на водоёмы.;В отображаемом слое для проекта Проект территории в Новосаратовке показаны объекты типа «Водный объект», расположенные в радиусе 500 м от объектов типа «Нежилое здание».;1 - слой с объектами «Водный объект», 2 - слой с объектами «Нежилое здание», учитывающий буфер 500 м вокруг каждого объекта.;;846;;Нежилое здание, Водный объект;75;11;Нежилое здание;Водный объект;500
1528;;Проект территории в Новосаратовке;633;Исходный;Выведи промышленные территории, находящиеся в радиусе 200 м от водных объектов, что важно для экологического мониторинга.;В отображаемом слое для проекта Проект территории в Новосаратовке показаны объекты типа «Промышленная территория», расположенные в радиусе 200 м от объектов типа «Водный объект».;1 - слой с объектами «Промышленная территория», 2 - слой с объектами «Водный объект», учитывающий буфер 200 м вокруг каждого объекта.;;846;;Водный объект, Промышленная территория;75;12;Водный объект;Промышленная территория;200
1529;;Проект территории в Новосаратовке;633;Исходный;Проверь наличие аптек, расположенных не далее чем 50 м от водных объектов, чтобы избежать конфликтов с санитарными зонами.;В отображаемом слое для проекта Проект территории в Новосаратовке показаны объекты типа «Аптека», расположенные в радиусе 50 м от объектов типа «Водный объект».;1 - слой с объектами «Аптека», 2 - слой с объектами «Водный объект», учитывающий буфер 50 м вокруг каждого объекта.;;846;Аптека;Водный объект;75;13;Водный объект;Аптека;50
1530;;Проект территории в Новосаратовке;633;Исходный;Покажи леса, расположенные в радиусе 200 м от пунктов выдачи – это позволит оценить доступность зелёных зон.;В отображаемом слое для проекта Проект территории в Новосаратовке показаны объекты типа «Лес», расположенные в радиусе 200 м от объектов типа «Пункт выдачи».;1 - слой с объектами «Лес», 2 - слой с объектами «Пункт выдачи», учитывающий буфер 200 м вокруг каждого объекта.;;846;Пункт выдачи;Лес;75;14;Пункт выдачи;Лес;200
1531;;Проект территории в Новосаратовке;633;Исходный;Сколько промышленных территорий находятся в пределах 500 м от аптек? Это поможет планировать зоны обслуживания.;В отображаемом слое для проекта Проект территории в Новосаратовке показаны объекты типа «Промышленная территория», расположенные в радиусе 500 м от объектов типа «Аптека».;1 - слой с объектами «Промышленная территория», 2 - слой с объектами «Аптека», учитывающий буфер 500 м вокруг каждого объекта.;;846;Аптека;Промышленная территория;75;15;Аптека;Промышленная территория;500
1532;;Проект территории в Новосаратовке;633;Исходный;Определи количество местных дорог, расположенных не далее чем 300 м от региональных дорог, чтобы проанализировать сетевое взаимодействие.;В отображаемом слое для проекта Проект территории в Новосаратовке показаны объекты типа «Местная дорога», расположенные в радиусе 300 м от объектов типа «Региональная дорога».;1 - слой с объектами «Местная дорога», 2 - слой с объектами «Региональная дорога», учитывающий буфер 300 м вокруг каждого объекта.;;846;;Региональная дорога, Местная дорога;75;16;Региональная дорога;Местная дорога;300
1533;;Проект территории в Новосаратовке;633;Исходный;Выведи региональные дороги, которые находятся в радиусе 150 м от водных объектов, чтобы убедиться в соблюдении правил строительства.;В отображаемом слое для проекта Проект территории в Новосаратовке показаны объекты типа «Региональная дорога», расположенные в радиусе 150 м от объектов типа «Водный объект».;1 - слой с объектами «Региональная дорога», 2 - слой с объектами «Водный объект», учитывающий буфер 150 м вокруг каждого объекта.;;846;;Водный объект, Региональная дорога;75;17;Водный объект;Региональная дорога;150
1534;;Проект территории в Новосаратовке;633;Исходный;Проверь наличие остановок наземного общественного транспорта, расположенных в пределах 50 м от промышленных территорий, чтобы оценить транспортную доступность.;В отображаемом слое для проекта Проект территории в Новосаратовке показаны объекты типа «Остановка наземного общественного транспорта», расположенные в радиусе 50 м от объектов типа «Промышленная территория».;1 - слой с объектами «Остановка наземного общественного транспорта», 2 - слой с объектами «Промышленная территория», учитывающий буфер 50 м вокруг каждого объекта.;;846;Остановка наземного общественного транспорта;Промышленная территория;75;18;Промышленная территория;Остановка наземного общественного транспорта;50
1535;;"ЖК ""Домашний""";593;Исходный;Определи, сколько площадок находятся внутри радиуса 200 м от жилого дома, чтобы оценить доступность зон отдыха.;"В отображаемом слое для проекта ЖК ""Домашний"" показаны объекты типа «Площадка», расположенные в радиусе 200 м от объектов типа «Жилой дом».";1 - слой с объектами «Площадка», 2 - слой с объектами «Жилой дом», учитывающий буфер 200 м вокруг каждого объекта.;;744;;Жилой дом, Площадка;76;10;Жилой дом;Площадка;200
1536;;"ЖК ""Домашний""";593;Исходный;Покажи площадки для выгула собак, расположенные в пределах 500 м от площадки, чтобы проверить соответствие норм безопасности.;"В отображаемом слое для проекта ЖК ""Домашний"" показаны объекты типа «Площадка для выгула собак», расположенные в радиусе 500 м от объектов типа «Площадка».";1 - слой с объектами «Площадка для выгула собак», 2 - слой с объектами «Площадка», учитывающий буфер 500 м вокруг каждого объекта.;;744;Площадка для выгула собак;Площадка;76;11;Площадка;Площадка для выгула собак;500
1537;;"ЖК ""Домашний""";593;Исходный;Найди линии электропередачи, находящиеся не далее чем 50 м от парковки, чтобы избежать электромагнитных помех.;"В отображаемом слое для проекта ЖК ""Домашний"" показаны объекты типа «Линия электропередачи», расположенные в радиусе 50 м от объектов типа «Парковка».";1 - слой с объектами «Линия электропередачи», 2 - слой с объектами «Парковка», учитывающий буфер 50 м вокруг каждого объекта.;;744;;Парковка, Линия электропередачи;76;12;Парковка;Линия электропередачи;50
1538;;"ЖК ""Домашний""";593;Исходный;Выведи рекреационные зоны, расположенные в пределах 150 м от промышленной территории, чтобы оценить влияние на здоровье населения.;"В отображаемом слое для проекта ЖК ""Домашний"" показаны объекты типа «Рекреационная зона», расположенные в радиусе 150 м от объектов типа «Промышленная территория».";1 - слой с объектами «Рекреационная зона», 2 - слой с объектами «Промышленная территория», учитывающий буфер 150 м вокруг каждого объекта.;;744;;Промышленная территория, Рекреационная зона;76;13;Промышленная территория;Рекреационная зона;150
1539;;"ЖК ""Домашний""";593;Исходный;Проверь, сколько промышленных территорий находятся не далее чем 500 м от нежилого здания, чтобы учесть возможные зоны риска.;"В отображаемом слое для проекта ЖК ""Домашний"" показаны объекты типа «Промышленная территория», расположенные в радиусе 500 м от объектов типа «Нежилое здание».";1 - слой с объектами «Промышленная территория», 2 - слой с объектами «Нежилое здание», учитывающий буфер 500 м вокруг каждого объекта.;;744;;Нежилое здание, Промышленная территория;76;14;Нежилое здание;Промышленная территория;500
1540;;"ЖК ""Домашний""";593;Исходный;Уточни, сколько промышленных территорий расположены в пределах 50 м от площадки для выгула собак, чтобы соблюсти нормы безопасности.;"В отображаемом слое для проекта ЖК ""Домашний"" показаны объекты типа «Промышленная территория», расположенные в радиусе 50 м от объектов типа «Площадка для выгула собак».";1 - слой с объектами «Промышленная территория», 2 - слой с объектами «Площадка для выгула собак», учитывающий буфер 50 м вокруг каждого объекта.;;744;Площадка для выгула собак;Промышленная территория;76;15;Площадка для выгула собак;Промышленная территория;50
1541;;"ЖК ""Домашний""";593;Исходный;Определи остановки наземного транспорта, находящиеся в пределах 200 м от линии электропередачи, чтобы проверить доступность для пассажиров.;"В отображаемом слое для проекта ЖК ""Домашний"" показаны объекты типа «Остановка наземного транспорта», расположенные в радиусе 200 м от объектов типа «Линия электропередачи».";1 - слой с объектами «Остановка наземного транспорта», 2 - слой с объектами «Линия электропередачи», учитывающий буфер 200 м вокруг каждого объекта.;;744;;Линия электропередачи, Остановка наземного транспорта;76;16;Линия электропередачи;Остановка наземного транспорта;200
1542;;"ЖК ""Домашний""";593;Исходный;Покажи жилые дома, расположенные внутри радиуса 50 м от линии электропередачи, чтобы оценить потенциальный риск.;"В отображаемом слое для проекта ЖК ""Домашний"" показаны объекты типа «Жилой дом», расположенные в радиусе 50 м от объектов типа «Линия электропередачи».";1 - слой с объектами «Жилой дом», 2 - слой с объектами «Линия электропередачи», учитывающий буфер 50 м вокруг каждого объекта.;;744;;Линия электропередачи, Жилой дом;76;17;Линия электропередачи;Жилой дом;50
1543;;"ЖК ""Домашний""";593;Исходный;Найди площадки для выгула собак, находящиеся не далее чем 150 м от линии электропередачи, чтобы обеспечить безопасную прогулку.;"В отображаемом слое для проекта ЖК ""Домашний"" показаны объекты типа «Площадка для выгула собак», расположенные в радиусе 150 м от объектов типа «Линия электропередачи».";1 - слой с объектами «Площадка для выгула собак», 2 - слой с объектами «Линия электропередачи», учитывающий буфер 150 м вокруг каждого объекта.;;744;Площадка для выгула собак;Линия электропередачи;76;18;Линия электропередачи;Площадка для выгула собак;150
1544;;"ЖК ""Домашний""";593;Исходный;Покажи площадки для выгула собак, попадающие в радиус 150 м от остановки наземного транспорта.;"В отображаемом слое для проекта ЖК ""Домашний"" показаны объекты типа «Площадка для выгула собак», расположенные в радиусе 150 м от объектов типа «Остановка наземного транспорта».";1 - слой с объектами «Площадка для выгула собак», 2 - слой с объектами «Остановка наземного транспорта», учитывающий буфер 150 м вокруг каждого объекта.;;744;Площадка для выгула собак;Остановка наземного транспорта;77;10;Остановка наземного транспорта;Площадка для выгула собак;150
1545;;"ЖК ""Домашний""";593;Исходный;Найди линии электропередачи, которые находятся в пределах 500 м от жилого дома.;"В отображаемом слое для проекта ЖК ""Домашний"" показаны объекты типа «Линия электропередачи», расположенные в радиусе 500 м от объектов типа «Жилой дом».";1 - слой с объектами «Линия электропередачи», 2 - слой с объектами «Жилой дом», учитывающий буфер 500 м вокруг каждого объекта.;;744;;Жилой дом, Линия электропередачи;77;11;Жилой дом;Линия электропередачи;500
1546;;"ЖК ""Домашний""";593;Исходный;Уточни парковки, которые находятся не далее чем 150 м от площадки.;"В отображаемом слое для проекта ЖК ""Домашний"" показаны объекты типа «Парковка», расположенные в радиусе 150 м от объектов типа «Площадка».";1 - слой с объектами «Парковка», 2 - слой с объектами «Площадка», учитывающий буфер 150 м вокруг каждого объекта.;;744;;Площадка, Парковка;77;12;Площадка;Парковка;150
1547;;"ЖК ""Домашний""";593;Исходный;Считай площадки, расположенные в радиусе 150 м от промышленной территории.;"В отображаемом слое для проекта ЖК ""Домашний"" показаны объекты типа «Площадка», расположенные в радиусе 150 м от объектов типа «Промышленная территория».";1 - слой с объектами «Площадка», 2 - слой с объектами «Промышленная территория», учитывающий буфер 150 м вокруг каждого объекта.;;744;;Промышленная территория, Площадка;77;13;Промышленная территория;Площадка;150
1548;;"ЖК ""Домашний""";593;Исходный;Выведи площадки для выгула собак, попадающие в 200 м от жилого дома.;"В отображаемом слое для проекта ЖК ""Домашний"" показаны объекты типа «Площадка для выгула собак», расположенные в радиусе 200 м от объектов типа «Жилой дом».";1 - слой с объектами «Площадка для выгула собак», 2 - слой с объектами «Жилой дом», учитывающий буфер 200 м вокруг каждого объекта.;;744;Площадка для выгула собак;Жилой дом;77;14;Жилой дом;Площадка для выгула собак;200
1549;;"ЖК ""Домашний""";593;Исходный;Проверь, сколько площадок для выгула собак находятся в пределах 500 м от жилого дома.;"В отображаемом слое для проекта ЖК ""Домашний"" показаны объекты типа «Площадка для выгула собак», расположенные в радиусе 500 м от объектов типа «Жилой дом».";1 - слой с объектами «Площадка для выгула собак», 2 - слой с объектами «Жилой дом», учитывающий буфер 500 м вокруг каждого объекта.;;744;Площадка для выгула собак;Жилой дом;77;15;Жилой дом;Площадка для выгула собак;500
1550;;"ЖК ""Домашний""";593;Исходный;Считай промышленные территории, которые находятся внутри радиуса 50 м от остановки наземного транспорта.;"В отображаемом слое для проекта ЖК ""Домашний"" показаны объекты типа «Промышленная территория», расположенные в радиусе 50 м от объектов типа «Остановка наземного транспорта».";1 - слой с объектами «Промышленная территория», 2 - слой с объектами «Остановка наземного транспорта», учитывающий буфер 50 м вокруг каждого объекта.;;744;;Остановка наземного транспорта, Промышленная территория;77;16;Остановка наземного транспорта;Промышленная территория;50
1551;;"ЖК ""Домашний""";593;Исходный;Определи нежилые здания, которые находятся в пределах 200 м от рекреационной зоны.;"В отображаемом слое для проекта ЖК ""Домашний"" показаны объекты типа «Нежилое здание», расположенные в радиусе 200 м от объектов типа «Рекреационная зона».";1 - слой с объектами «Нежилое здание», 2 - слой с объектами «Рекреационная зона», учитывающий буфер 200 м вокруг каждого объекта.;;744;;Рекреационная зона, Нежилое здание;77;17;Рекреационная зона;Нежилое здание;200
1552;;"ЖК ""Домашний""";593;Исходный;Оцени остановки наземного транспорта, попадающие в радиус 150 м от жилого дома.;"В отображаемом слое для проекта ЖК ""Домашний"" показаны объекты типа «Остановка наземного транспорта», расположенные в радиусе 150 м от объектов типа «Жилой дом».";1 - слой с объектами «Остановка наземного транспорта», 2 - слой с объектами «Жилой дом», учитывающий буфер 150 м вокруг каждого объекта.;;744;;Жилой дом, Остановка наземного транспорта;77;18;Жилой дом;Остановка наземного транспорта;150
1553;;город Светогорск;604;Исходный;Покажи школы, находящиеся в пределах 50 м от точек Одежда и обувь – это необходимо для оценки доступности образовательных учреждений.;В отображаемом слое для проекта город Светогорск показаны объекты типа «Школа», расположенные в радиусе 50 м от объектов типа «Одежда и обувь».;1 - слой с объектами «Школа», 2 - слой с объектами «Одежда и обувь», учитывающий буфер 50 м вокруг каждого объекта.;;772;Одежда и обувь, Школа;;78;10;Одежда и обувь;Школа;50
1554;;город Светогорск;604;Исходный;Найди супермаркеты, расположенные в радиусе 150 м от аптек – важно определить зоны общественного питания рядом с аптеками.;В отображаемом слое для проекта город Светогорск показаны объекты типа «Супермаркет», расположенные в радиусе 150 м от объектов типа «Аптека».;1 - слой с объектами «Супермаркет», 2 - слой с объектами «Аптека», учитывающий буфер 150 м вокруг каждого объекта.;;772;Аптека, Супермаркет;;78;11;Аптека;Супермаркет;150
1555;;город Светогорск;604;Исходный;Определи жилые дома, находящиеся в пределах 150 м от стоматологических клиник – чтобы оценить доступность стоматологической помощи.;В отображаемом слое для проекта город Светогорск показаны объекты типа «Жилой дом», расположенные в радиусе 150 м от объектов типа «Стоматологическая клиника».;1 - слой с объектами «Жилой дом», 2 - слой с объектами «Стоматологическая клиника», учитывающий буфер 150 м вокруг каждого объекта.;;772;Стоматологическая клиника;Жилой дом;78;12;Стоматологическая клиника;Жилой дом;150
1556;;город Светогорск;604;Исходный;Выведи площадки, расположенные в радиусе 50 м от аптек – площадки для общественных мероприятий должны быть недалеко от аптек.;В отображаемом слое для проекта город Светогорск показаны объекты типа «Площадка», расположенные в радиусе 50 м от объектов типа «Аптека».;1 - слой с объектами «Площадка», 2 - слой с объектами «Аптека», учитывающий буфер 50 м вокруг каждого объекта.;;772;Аптека;Площадка;78;13;Аптека;Площадка;50
1557;;город Светогорск;604;Исходный;Проверь леса, расположенные в пределах 150 м от водных объектов – это помогает защитить природные ресурсы.;В отображаемом слое для проекта город Светогорск показаны объекты типа «Лес», расположенные в радиусе 150 м от объектов типа «Водный объект».;1 - слой с объектами «Лес», 2 - слой с объектами «Водный объект», учитывающий буфер 150 м вокруг каждого объекта.;;772;;Водный объект, Лес;78;14;Водный объект;Лес;150
1558;;город Светогорск;604;Исходный;Сколько банкоматов находятся в радиусе 50 м от парикмахерских – для удобства клиентов.;В отображаемом слое для проекта город Светогорск показаны объекты типа «Банкомат», расположенные в радиусе 50 м от объектов типа «Парикмахер».;1 - слой с объектами «Банкомат», 2 - слой с объектами «Парикмахер», учитывающий буфер 50 м вокруг каждого объекта.;;772;Парикмахер, Банкомат;;78;15;Парикмахер;Банкомат;50
1559;;город Светогорск;604;Исходный;Выведи реки, попадающие в 50 м от рекреационных зон – чтобы обеспечить доступ к воде.;В отображаемом слое для проекта город Светогорск показаны объекты типа «Река», расположенные в радиусе 50 м от объектов типа «Рекреационная зона».;1 - слой с объектами «Река», 2 - слой с объектами «Рекреационная зона», учитывающий буфер 50 м вокруг каждого объекта.;;772;;Рекреационная зона, Река;78;16;Рекреационная зона;Река;50
1560;;город Светогорск;604;Исходный;Покажи остановки наземного транспорта, которые находятся в пределах 100 м от торговых центров – для планирования транспортной доступности.;В отображаемом слое для проекта город Светогорск показаны объекты типа «Остановка наземного транспорта», расположенные в радиусе 100 м от объектов типа «Торговый центр».;1 - слой с объектами «Остановка наземного транспорта», 2 - слой с объектами «Торговый центр», учитывающий буфер 100 м вокруг каждого объекта.;;772;Торговый центр;Остановка наземного транспорта;78;17;Торговый центр;Остановка наземного транспорта;100
1561;;город Светогорск;604;Исходный;Найди полицейские участки, находящиеся в радиусе 500 м от многофункциональных центров предоставления государственных и муниципальных услуг – для обеспечения безопасности.;В отображаемом слое для проекта город Светогорск показаны объекты типа «Полицейский участок», расположенные в радиусе 500 м от объектов типа «Многофункциональные центры предоставления государственных и муниципальных услуг».;1 - слой с объектами «Полицейский участок», 2 - слой с объектами «Многофункциональные центры предоставления государственных и муниципальных услуг», учитывающий буфер 500 м вокруг каждого объекта.;;772;Многофункциональные центры предоставления государственных и муниципальных услуг, Полицейский участок;;78;18;Многофункциональные центры предоставления государственных и муниципальных услуг;Полицейский участок;500
1562;;город Светогорск;604;Исходный;Проверь, сколько травяных покрытий находится внутри 300 м от остановки наземного общественного транспорта, чтобы поддерживать зеленую среду.;В отображаемом слое для проекта город Светогорск показаны объекты типа «Травяное покрытие», расположенные в радиусе 300 м от объектов типа «Остановка наземного общественного транспорта».;1 - слой с объектами «Травяное покрытие», 2 - слой с объектами «Остановка наземного общественного транспорта», учитывающий буфер 300 м вокруг каждого объекта.;;772;Остановка наземного общественного транспорта;Травяное покрытие;79;10;Остановка наземного общественного транспорта;Травяное покрытие;300
1563;;город Светогорск;604;Исходный;Определи наличие нежилых зданий в пределах 500 м от водного объекта, чтобы оценить влияние на территорию.;В отображаемом слое для проекта город Светогорск показаны объекты типа «Нежилое здание», расположенные в радиусе 500 м от объектов типа «Водный объект».;1 - слой с объектами «Нежилое здание», 2 - слой с объектами «Водный объект», учитывающий буфер 500 м вокруг каждого объекта.;;772;;Водный объект, Нежилое здание;79;11;Водный объект;Нежилое здание;500
1564;;город Светогорск;604;Исходный;Выведи количество озер, расположенных не далее чем 500 м от торгового центра, чтобы изучить водные ресурсы рядом с коммерцией.;В отображаемом слое для проекта город Светогорск показаны объекты типа «Озеро», расположенные в радиусе 500 м от объектов типа «Торговый центр».;1 - слой с объектами «Озеро», 2 - слой с объектами «Торговый центр», учитывающий буфер 500 м вокруг каждого объекта.;;772;Торговый центр;Озеро;79;12;Торговый центр;Озеро;500
1565;;город Светогорск;604;Исходный;Найди рекреационные зоны в пределах 150 м от полицейского участка, чтобы гарантировать доступность свободного пространства для жителей.;В отображаемом слое для проекта город Светогорск показаны объекты типа «Рекреационная зона», расположенные в радиусе 150 м от объектов типа «Полицейский участок».;1 - слой с объектами «Рекреационная зона», 2 - слой с объектами «Полицейский участок», учитывающий буфер 150 м вокруг каждого объекта.;;772;Полицейский участок;Рекреационная зона;79;13;Полицейский участок;Рекреационная зона;150
1566;;город Светогорск;604;Исходный;Покажи, сколько остановок наземного общественного транспорта находится внутри 500 м от школы, чтобы планировать безопасный проезд учащихся.;В отображаемом слое для проекта город Светогорск показаны объекты типа «Остановка наземного общественного транспорта», расположенные в радиусе 500 м от объектов типа «Школа».;1 - слой с объектами «Остановка наземного общественного транспорта», 2 - слой с объектами «Школа», учитывающий буфер 500 м вокруг каждого объекта.;;772;Школа, Остановка наземного общественного транспорта;;79;14;Школа;Остановка наземного общественного транспорта;500
1567;;город Светогорск;604;Исходный;Считай, сколько бытовой техники расположено в пределах 50 м от озера, чтобы проверить соблюдение правил размещения бытовых объектов рядом с водой.;В отображаемом слое для проекта город Светогорск показаны объекты типа «Бытовая техника», расположенные в радиусе 50 м от объектов типа «Озеро».;1 - слой с объектами «Бытовая техника», 2 - слой с объектами «Озеро», учитывающий буфер 50 м вокруг каждого объекта.;;772;Бытовая техника;Озеро;79;15;Озеро;Бытовая техника;50
1568;;город Светогорск;604;Исходный;Расчитай количество региональных дорог, находящихся не далее чем 50 м от отделения банка, для оценки дорожной доступности.;В отображаемом слое для проекта город Светогорск показаны объекты типа «Региональная дорога», расположенные в радиусе 50 м от объектов типа «Отделение банка».;1 - слой с объектами «Региональная дорога», 2 - слой с объектами «Отделение банка», учитывающий буфер 50 м вокруг каждого объекта.;;772;Отделение банка;Региональная дорога;79;16;Отделение банка;Региональная дорога;50
1569;;город Светогорск;604;Исходный;Оцени, сколько парков находится внутри 100 м от парикмахера, чтобы убедиться, что рядом есть зеленые зоны.;В отображаемом слое для проекта город Светогорск показаны объекты типа «Парк», расположенные в радиусе 100 м от объектов типа «Парикмахер».;1 - слой с объектами «Парк», 2 - слой с объектами «Парикмахер», учитывающий буфер 100 м вокруг каждого объекта.;;772;Парикмахер, Парк;;79;17;Парикмахер;Парк;100
1570;;город Светогорск;604;Исходный;Подсчитай количество парков, расположенных не далее чем 500 м от остановки наземного транспорта, чтобы оценить доступность парковок для пассажиров.;В отображаемом слое для проекта город Светогорск показаны объекты типа «Парк», расположенные в радиусе 500 м от объектов типа «Остановка наземного транспорта».;1 - слой с объектами «Парк», 2 - слой с объектами «Остановка наземного транспорта», учитывающий буфер 500 м вокруг каждого объекта.;;772;Парк;Остановка наземного транспорта;79;18;Остановка наземного транспорта;Парк;500
1571;;город Светогорск;604;Исходный;Покажи многофункциональные центры предоставления государственных и муниципальных услуг, находящиеся внутри радиуса 150 м от остановки наземного транспорта, чтобы гарантировать их доступность для жителей.;В отображаемом слое для проекта город Светогорск показаны объекты типа «Многофункциональные центры предоставления государственных и муниципальных услуг», расположенные в радиусе 150 м от объектов типа «Остановка наземного транспорта».;1 - слой с объектами «Многофункциональные центры предоставления государственных и муниципальных услуг», 2 - слой с объектами «Остановка наземного транспорта», учитывающий буфер 150 м вокруг каждого объекта.;;772;Многофункциональные центры предоставления государственных и муниципальных услуг;Остановка наземного транспорта;80;10;Остановка наземного транспорта;Многофункциональные центры предоставления государственных и муниципальных услуг;150
1572;;город Светогорск;604;Исходный;Найди жилой дом, расположенный в пределах 50 м от пункта выдачи, чтобы убедиться, что жильцы находятся в зоне быстрой доставки.;В отображаемом слое для проекта город Светогорск показаны объекты типа «Жилой дом», расположенные в радиусе 50 м от объектов типа «Пункт выдачи».;1 - слой с объектами «Жилой дом», 2 - слой с объектами «Пункт выдачи», учитывающий буфер 50 м вокруг каждого объекта.;;772;Пункт выдачи;Жилой дом;80;11;Пункт выдачи;Жилой дом;50
1573;;город Светогорск;604;Исходный;Определи стоматологические клиники, которые находятся не далее чем 100 м от банкомата, для оценки удобства сочетания услуг.;В отображаемом слое для проекта город Светогорск показаны объекты типа «Стоматологическая клиника», расположенные в радиусе 100 м от объектов типа «Банкомат».;1 - слой с объектами «Стоматологическая клиника», 2 - слой с объектами «Банкомат», учитывающий буфер 100 м вокруг каждого объекта.;;772;Банкомат, Стоматологическая клиника;;80;12;Банкомат;Стоматологическая клиника;100
1574;;город Светогорск;604;Исходный;Выведи площадки, расположенные в пределах 500 м от реки, чтобы оценить риск наводнений вблизи общественных мест.;В отображаемом слое для проекта город Светогорск показаны объекты типа «Площадка», расположенные в радиусе 500 м от объектов типа «Река».;1 - слой с объектами «Площадка», 2 - слой с объектами «Река», учитывающий буфер 500 м вокруг каждого объекта.;;772;;Река, Площадка;80;13;Река;Площадка;500
1575;;город Светогорск;604;Исходный;Проверь пункты выдачи, находящиеся не далее чем 500 м от федеральной дороги, для оптимизации логистики поставок.;В отображаемом слое для проекта город Светогорск показаны объекты типа «Пункт выдачи», расположенные в радиусе 500 м от объектов типа «Федеральная дорога».;1 - слой с объектами «Пункт выдачи», 2 - слой с объектами «Федеральная дорога», учитывающий буфер 500 м вокруг каждого объекта.;;772;Пункт выдачи;Федеральная дорога;80;14;Федеральная дорога;Пункт выдачи;500
1576;;город Светогорск;604;Исходный;Определи леса, расположенные в пределах 50 м от почтового отделения, чтобы учесть экосистемные требования.;В отображаемом слое для проекта город Светогорск показаны объекты типа «Лес», расположенные в радиусе 50 м от объектов типа «Почтовое отделение».;1 - слой с объектами «Лес», 2 - слой с объектами «Почтовое отделение», учитывающий буфер 50 м вокруг каждого объекта.;;772;Почтовое отделение;Лес;80;15;Почтовое отделение;Лес;50
1577;;город Светогорск;604;Исходный;Выведи остановки наземного общественного транспорта, которые находятся не далее чем 500 м от леса, для планирования доступа к зеленым зонам.;В отображаемом слое для проекта город Светогорск показаны объекты типа «Остановка наземного общественного транспорта», расположенные в радиусе 500 м от объектов типа «Лес».;1 - слой с объектами «Остановка наземного общественного транспорта», 2 - слой с объектами «Лес», учитывающий буфер 500 м вокруг каждого объекта.;;772;Остановка наземного общественного транспорта;Лес;80;16;Лес;Остановка наземного общественного транспорта;500
1578;;город Светогорск;604;Исходный;Найди полицейские участки, расположенные в пределах 150 м от магазина Одежда и обувь, чтобы контролировать безопасность в торговой зоне.;В отображаемом слое для проекта город Светогорск показаны объекты типа «Полицейский участок», расположенные в радиусе 150 м от объектов типа «Одежда и обувь».;1 - слой с объектами «Полицейский участок», 2 - слой с объектами «Одежда и обувь», учитывающий буфер 150 м вокруг каждого объекта.;;772;Одежда и обувь, Полицейский участок;;80;17;Одежда и обувь;Полицейский участок;150
1579;;город Светогорск;604;Исходный;Покажи водные объекты, которые находятся внутри радиуса 150 м от стоматологической клиники, для проверки санитарных норм.;В отображаемом слое для проекта город Светогорск показаны объекты типа «Водный объект», расположенные в радиусе 150 м от объектов типа «Стоматологическая клиника».;1 - слой с объектами «Водный объект», 2 - слой с объектами «Стоматологическая клиника», учитывающий буфер 150 м вокруг каждого объекта.;;772;Стоматологическая клиника;Водный объект;80;18;Стоматологическая клиника;Водный объект;150
1580;;город Светогорск;604;Исходный;Определи количество рекреационных зон, находящихся внутри радиуса 200 м от региональной дороги, чтобы убедиться в соблюдении правил размещения.;В отображаемом слое для проекта город Светогорск показаны объекты типа «Рекреационная зона», расположенные в радиусе 200 м от объектов типа «Региональная дорога».;1 - слой с объектами «Рекреационная зона», 2 - слой с объектами «Региональная дорога», учитывающий буфер 200 м вокруг каждого объекта.;;772;;Региональная дорога, Рекреационная зона;81;10;Региональная дорога;Рекреационная зона;200
1581;;город Светогорск;604;Исходный;Проверь, сколько промышленных территорий расположены внутри радиуса 100 м от реки, так как это может нарушать экологические нормы.;В отображаемом слое для проекта город Светогорск показаны объекты типа «Промышленная территория», расположенные в радиусе 100 м от объектов типа «Река».;1 - слой с объектами «Промышленная территория», 2 - слой с объектами «Река», учитывающий буфер 100 м вокруг каждого объекта.;;772;;Река, Промышленная территория;81;11;Река;Промышленная территория;100
1582;;город Светогорск;604;Исходный;Выведи список салонов красоты, которые находятся внутри радиуса 200 м от остановки наземного общественного транспорта, чтобы оценить доступность услуг.;В отображаемом слое для проекта город Светогорск показаны объекты типа «Салон красоты», расположенные в радиусе 200 м от объектов типа «Остановка наземного общественного транспорта».;1 - слой с объектами «Салон красоты», 2 - слой с объектами «Остановка наземного общественного транспорта», учитывающий буфер 200 м вокруг каждого объекта.;;772;Остановка наземного общественного транспорта, Салон красоты;;81;12;Остановка наземного общественного транспорта;Салон красоты;200
1583;;город Светогорск;604;Исходный;Сколько библиотек находятся в пределах 300 м от торгового центра? Это поможет определить, соблюдается ли требование о доступности культурных объектов.;В отображаемом слое для проекта город Светогорск показаны объекты типа «Библиотека», расположенные в радиусе 300 м от объектов типа «Торговый центр».;1 - слой с объектами «Библиотека», 2 - слой с объектами «Торговый центр», учитывающий буфер 300 м вокруг каждого объекта.;;772;Торговый центр, Библиотека;;81;13;Торговый центр;Библиотека;300
1584;;город Светогорск;604;Исходный;Покажи, сколько спортивных площадок расположены не далее чем 500 м от остановки наземного общественного транспорта, чтобы проверить соответствие планировочным нормам.;В отображаемом слое для проекта город Светогорск показаны объекты типа «Спортивная площадка», расположенные в радиусе 500 м от объектов типа «Остановка наземного общественного транспорта».;1 - слой с объектами «Спортивная площадка», 2 - слой с объектами «Остановка наземного общественного транспорта», учитывающий буфер 500 м вокруг каждого объекта.;;772;Остановка наземного общественного транспорта, Спортивная площадка;;81;14;Остановка наземного общественного транспорта;Спортивная площадка;500
1585;;город Светогорск;604;Исходный;Определи количество библиотек, находящихся внутри радиуса 500 м от полицейского участка, чтобы убедиться в соблюдении мер безопасности.;В отображаемом слое для проекта город Светогорск показаны объекты типа «Библиотека», расположенные в радиусе 500 м от объектов типа «Полицейский участок».;1 - слой с объектами «Библиотека», 2 - слой с объектами «Полицейский участок», учитывающий буфер 500 м вокруг каждого объекта.;;772;Полицейский участок, Библиотека;;81;15;Полицейский участок;Библиотека;500
1586;;город Светогорск;604;Исходный;Найди пожарные станции, которые расположены в пределах 150 м от местной дороги, чтобы оценить реакцию на чрезвычайные ситуации.;В отображаемом слое для проекта город Светогорск показаны объекты типа «Пожарная станция», расположенные в радиусе 150 м от объектов типа «Местная дорога».;1 - слой с объектами «Пожарная станция», 2 - слой с объектами «Местная дорога», учитывающий буфер 150 м вокруг каждого объекта.;;772;Пожарная станция;Местная дорога;81;16;Местная дорога;Пожарная станция;150
1587;;город Светогорск;604;Исходный;Проверь, сколько полицейских участков находятся внутри радиуса 300 м от стоматологической клиники, чтобы гарантировать доступ к правосудию.;В отображаемом слое для проекта город Светогорск показаны объекты типа «Полицейский участок», расположенные в радиусе 300 м от объектов типа «Стоматологическая клиника».;1 - слой с объектами «Полицейский участок», 2 - слой с объектами «Стоматологическая клиника», учитывающий буфер 300 м вокруг каждого объекта.;;772;Стоматологическая клиника, Полицейский участок;;81;17;Стоматологическая клиника;Полицейский участок;300
1588;;город Светогорск;604;Исходный;Выведи список торговых центров, которые находятся не далее чем 100 м от стоматологической клиники, чтобы проверить соблюдение требований к размещению.;В отображаемом слое для проекта город Светогорск показаны объекты типа «Торговый центр», расположенные в радиусе 100 м от объектов типа «Стоматологическая клиника».;1 - слой с объектами «Торговый центр», 2 - слой с объектами «Стоматологическая клиника», учитывающий буфер 100 м вокруг каждого объекта.;;772;Стоматологическая клиника, Торговый центр;;81;18;Стоматологическая клиника;Торговый центр;100
1589;;Жилой район возле транспортно-промышленного хаба;1091;Демо;Найди, сколько жилых домов находится внутри радиуса 150 м от диспансера — удобно для оценки доступности медицинских услуг.;В отображаемом слое для проекта Жилой район возле транспортно-промышленного хаба показаны объекты типа «Жилой дом», расположенные в радиусе 150 м от объектов типа «Диспансер».;1 - слой с объектами «Жилой дом», 2 - слой с объектами «Диспансер», учитывающий буфер 150 м вокруг каждого объекта.;;1747;Диспансер;Жилой дом;82;10;Диспансер;Жилой дом;150
1590;;Жилой район возле транспортно-промышленного хаба;1091;Демо;Покажи, сколько школ расположены в пределах 200 м от кинотеатра — важно для обеспечения безопасности студентов.;В отображаемом слое для проекта Жилой район возле транспортно-промышленного хаба показаны объекты типа «Школа», расположенные в радиусе 200 м от объектов типа «Кинотеатр».;1 - слой с объектами «Школа», 2 - слой с объектами «Кинотеатр», учитывающий буфер 200 м вокруг каждого объекта.;;1747;Кинотеатр, Школа;;82;11;Кинотеатр;Школа;200
1591;;Жилой район возле транспортно-промышленного хаба;1091;Демо;Определи, сколько магазинов детских товаров находится внутри радиуса 150 м от стоматологической клиники — полезно для анализа взаимосвязи услуг.;В отображаемом слое для проекта Жилой район возле транспортно-промышленного хаба показаны объекты типа «Детские товары», расположенные в радиусе 150 м от объектов типа «Стоматологическая клиника».;1 - слой с объектами «Детские товары», 2 - слой с объектами «Стоматологическая клиника», учитывающий буфер 150 м вокруг каждого объекта.;;1747;Стоматологическая клиника, Детские товары;;82;12;Стоматологическая клиника;Детские товары;150
1592;;Жилой район возле транспортно-промышленного хаба;1091;Демо;Сколько почтовых отделений находится в пределах 150 м от продуктов (магазин у дома) — это поможет улучшить логистику.;В отображаемом слое для проекта Жилой район возле транспортно-промышленного хаба показаны объекты типа «Почтовое отделение», расположенные в радиусе 150 м от объектов типа «Продукты (магазин у дома)».;1 - слой с объектами «Почтовое отделение», 2 - слой с объектами «Продукты (магазин у дома)», учитывающий буфер 150 м вокруг каждого объекта.;;1747;Продукты (магазин у дома), Почтовое отделение;;82;13;Продукты (магазин у дома);Почтовое отделение;150
1593;;Жилой район возле транспортно-промышленного хаба;1091;Демо;Выведи, сколько салонов красоты находится не далее чем в 100 м от больницы — необходимо для планирования зон обслуживания.;В отображаемом слое для проекта Жилой район возле транспортно-промышленного хаба показаны объекты типа «Салон красоты», расположенные в радиусе 100 м от объектов типа «Больница».;1 - слой с объектами «Салон красоты», 2 - слой с объектами «Больница», учитывающий буфер 100 м вокруг каждого объекта.;;1747;Больница, Салон красоты;;82;14;Больница;Салон красоты;100
1594;;Жилой район возле транспортно-промышленного хаба;1091;Демо;Проверь, сколько пожарных станций находится внутри радиуса 200 м от нежилого здания — критично для оценки охраны.;В отображаемом слое для проекта Жилой район возле транспортно-промышленного хаба показаны объекты типа «Пожарная станция», расположенные в радиусе 200 м от объектов типа «Нежилое здание».;1 - слой с объектами «Пожарная станция», 2 - слой с объектами «Нежилое здание», учитывающий буфер 200 м вокруг каждого объекта.;;1747;Пожарная станция;Нежилое здание;82;15;Нежилое здание;Пожарная станция;200
1595;;Жилой район возле транспортно-промышленного хаба;1091;Демо;Уточни, сколько женских консультаций находится в пределах 500 м от нежилого здания — важно для планирования медицинских центров.;В отображаемом слое для проекта Жилой район возле транспортно-промышленного хаба показаны объекты типа «Женская консультация», расположенные в радиусе 500 м от объектов типа «Нежилое здание».;1 - слой с объектами «Женская консультация», 2 - слой с объектами «Нежилое здание», учитывающий буфер 500 м вокруг каждого объекта.;;1747;Женская консультация;Нежилое здание;82;16;Нежилое здание;Женская консультация;500
1596;;Жилой район возле транспортно-промышленного хаба;1091;Демо;Расчитай, сколько детских садов находится внутри радиуса 200 м от региональной дороги — поможет оценить доступность для семей.;В отображаемом слое для проекта Жилой район возле транспортно-промышленного хаба показаны объекты типа «Детский сад», расположенные в радиусе 200 м от объектов типа «Региональная дорога».;1 - слой с объектами «Детский сад», 2 - слой с объектами «Региональная дорога», учитывающий буфер 200 м вокруг каждого объекта.;;1747;Детский сад;Региональная дорога;82;17;Региональная дорога;Детский сад;200
1597;;Жилой район возле транспортно-промышленного хаба;1091;Демо;Подсчитай, сколько рекреационных зон находится не далее чем в 300 м от детско-юношеской спортивной школы — поможет в развитии спортивной инфраструктуры.;В отображаемом слое для проекта Жилой район возле транспортно-промышленного хаба показаны объекты типа «Рекреационная зона», расположенные в радиусе 300 м от объектов типа «Детско-юношеская спортивная школа».;1 - слой с объектами «Рекреационная зона», 2 - слой с объектами «Детско-юношеская спортивная школа», учитывающий буфер 300 м вокруг каждого объекта.;;1747;Детско-юношеская спортивная школа;Рекреационная зона;82;18;Детско-юношеская спортивная школа;Рекреационная зона;300
1598;;Жилой район возле транспортно-промышленного хаба;1091;Демо;Покажи количество местных дорог, находящихся в радиусе 200 м от детских товаров.;В отображаемом слое для проекта Жилой район возле транспортно-промышленного хаба показаны объекты типа «Местная дорога», расположенные в радиусе 200 м от объектов типа «Детские товары».;1 - слой с объектами «Местная дорога», 2 - слой с объектами «Детские товары», учитывающий буфер 200 м вокруг каждого объекта.;;1747;Детские товары;Местная дорога;83;10;Детские товары;Местная дорога;200
1599;;Жилой район возле транспортно-промышленного хаба;1091;Демо;Найди кафе, расположенные не далее 100 м от реабилитационного центра.;В отображаемом слое для проекта Жилой район возле транспортно-промышленного хаба показаны объекты типа «Кафе», расположенные в радиусе 100 м от объектов типа «Реабилитационный центр».;1 - слой с объектами «Кафе», 2 - слой с объектами «Реабилитационный центр», учитывающий буфер 100 м вокруг каждого объекта.;;1747;Реабилитационный центр, Кафе;;83;11;Реабилитационный центр;Кафе;100
1600;;Жилой район возле транспортно-промышленного хаба;1091;Демо;Определи сколько салонов красоты находятся в пределах 100 м от детско‑юношеской спортивной школы.;В отображаемом слое для проекта Жилой район возле транспортно-промышленного хаба показаны объекты типа «Салон красоты», расположенные в радиусе 100 м от объектов типа «Детско-юношеская спортивная школа».;1 - слой с объектами «Салон красоты», 2 - слой с объектами «Детско-юношеская спортивная школа», учитывающий буфер 100 м вокруг каждого объекта.;;1747;Детско-юношеская спортивная школа, Салон красоты;;83;12;Детско-юношеская спортивная школа;Салон красоты;100
1601;;Жилой район возле транспортно-промышленного хаба;1091;Демо;"Считай, сколько детских товаров расположено в пределах 50 м от объекта магистрального газопровода; это критично для безопасности.";В отображаемом слое для проекта Жилой район возле транспортно-промышленного хаба показаны объекты типа «Детские товары», расположенные в радиусе 50 м от объектов типа «Объект магистрального газопровода».;1 - слой с объектами «Детские товары», 2 - слой с объектами «Объект магистрального газопровода», учитывающий буфер 50 м вокруг каждого объекта.;;1747;Детские товары;Объект магистрального газопровода;83;13;Объект магистрального газопровода;Детские товары;50
1602;;Жилой район возле транспортно-промышленного хаба;1091;Демо;Проверь наличие салонов красоты в пределах 200 м от объекта магистрального газопровода.;В отображаемом слое для проекта Жилой район возле транспортно-промышленного хаба показаны объекты типа «Салон красоты», расположенные в радиусе 200 м от объектов типа «Объект магистрального газопровода».;1 - слой с объектами «Салон красоты», 2 - слой с объектами «Объект магистрального газопровода», учитывающий буфер 200 м вокруг каждого объекта.;;1747;Салон красоты;Объект магистрального газопровода;83;14;Объект магистрального газопровода;Салон красоты;200
1603;;Жилой район возле транспортно-промышленного хаба;1091;Демо;Выведи, сколько женских консультаций расположены в радиусе 500 м от травматологических пунктов.;В отображаемом слое для проекта Жилой район возле транспортно-промышленного хаба показаны объекты типа «Женская консультация», расположенные в радиусе 500 м от объектов типа «Травматологические пункты».;1 - слой с объектами «Женская консультация», 2 - слой с объектами «Травматологические пункты», учитывающий буфер 500 м вокруг каждого объекта.;;1747;Травматологические пункты, Женская консультация;;83;15;Травматологические пункты;Женская консультация;500
1604;;Жилой район возле транспортно-промышленного хаба;1091;Демо;Укажи количество магазинов с продуктами у дома, которые находятся в пределах 500 м от линии электропередачи.;В отображаемом слое для проекта Жилой район возле транспортно-промышленного хаба показаны объекты типа «Продукты (магазин у дома)», расположенные в радиусе 500 м от объектов типа «Линия электропередачи».;1 - слой с объектами «Продукты (магазин у дома)», 2 - слой с объектами «Линия электропередачи», учитывающий буфер 500 м вокруг каждого объекта.;;1747;Продукты (магазин у дома);Линия электропередачи;83;16;Линия электропередачи;Продукты (магазин у дома);500
1605;;Жилой район возле транспортно-промышленного хаба;1091;Демо;Определи, сколько адвокатов находятся в радиусе 50 м от диспансера.;В отображаемом слое для проекта Жилой район возле транспортно-промышленного хаба показаны объекты типа «Адвокат», расположенные в радиусе 50 м от объектов типа «Диспансер».;1 - слой с объектами «Адвокат», 2 - слой с объектами «Диспансер», учитывающий буфер 50 м вокруг каждого объекта.;;1747;Диспансер, Адвокат;;83;17;Диспансер;Адвокат;50
1606;;Жилой район возле транспортно-промышленного хаба;1091;Демо;Покажи количество объектов магистрального газопровода, находящихся в радиусе 300 м от почтового отделения.;В отображаемом слое для проекта Жилой район возле транспортно-промышленного хаба показаны объекты типа «Объект магистрального газопровода», расположенные в радиусе 300 м от объектов типа «Почтовое отделение».;1 - слой с объектами «Объект магистрального газопровода», 2 - слой с объектами «Почтовое отделение», учитывающий буфер 300 м вокруг каждого объекта.;;1747;Почтовое отделение;Объект магистрального газопровода;83;18;Почтовое отделение;Объект магистрального газопровода;300
1607;;Жилой район возле транспортно-промышленного хаба;1091;Демо;Покажи, сколько пунктов выдачи находятся в пределах 50 м от Детско‑юношеской спортивной школы.;В отображаемом слое для проекта Жилой район возле транспортно-промышленного хаба показаны объекты типа «Пункт выдачи», расположенные в радиусе 50 м от объектов типа «Детско-юношеская спортивная школа».;1 - слой с объектами «Пункт выдачи», 2 - слой с объектами «Детско-юношеская спортивная школа», учитывающий буфер 50 м вокруг каждого объекта.;;1747;Детско-юношеская спортивная школа, Пункт выдачи;;84;10;Детско-юношеская спортивная школа;Пункт выдачи;50
1608;;Жилой район возле транспортно-промышленного хаба;1091;Демо;Определи, какие продукты (магазин у дома) расположены в пределах 500 м от рекреационной зоны.;В отображаемом слое для проекта Жилой район возле транспортно-промышленного хаба показаны объекты типа «Продукты (магазин у дома)», расположенные в радиусе 500 м от объектов типа «Рекреационная зона».;1 - слой с объектами «Продукты (магазин у дома)», 2 - слой с объектами «Рекреационная зона», учитывающий буфер 500 м вокруг каждого объекта.;;1747;Продукты (магазин у дома);Рекреационная зона;84;11;Рекреационная зона;Продукты (магазин у дома);500
1609;;Жилой район возле транспортно-промышленного хаба;1091;Демо;Определи количество кинотеатров, которые находятся внутри 150 м от местной дороги.;В отображаемом слое для проекта Жилой район возле транспортно-промышленного хаба показаны объекты типа «Кинотеатр», расположенные в радиусе 150 м от объектов типа «Местная дорога».;1 - слой с объектами «Кинотеатр», 2 - слой с объектами «Местная дорога», учитывающий буфер 150 м вокруг каждого объекта.;;1747;Кинотеатр;Местная дорога;84;12;Местная дорога;Кинотеатр;150
1610;;Жилой район возле транспортно-промышленного хаба;1091;Демо;Сколько хозяйственных товаров расположены в пределах 100 м от объекта магистрального газопровода?;В отображаемом слое для проекта Жилой район возле транспортно-промышленного хаба показаны объекты типа «Хозяйственные товары», расположенные в радиусе 100 м от объектов типа «Объект магистрального газопровода».;1 - слой с объектами «Хозяйственные товары», 2 - слой с объектами «Объект магистрального газопровода», учитывающий буфер 100 м вокруг каждого объекта.;;1747;Хозяйственные товары;Объект магистрального газопровода;84;13;Объект магистрального газопровода;Хозяйственные товары;100
1611;;Жилой район возле транспортно-промышленного хаба;1091;Демо;Оцени, сколько детских садов находится не далее 500 м от диспансера.;В отображаемом слое для проекта Жилой район возле транспортно-промышленного хаба показаны объекты типа «Детский сад», расположенные в радиусе 500 м от объектов типа «Диспансер».;1 - слой с объектами «Детский сад», 2 - слой с объектами «Диспансер», учитывающий буфер 500 м вокруг каждого объекта.;;1747;Диспансер, Детский сад;;84;14;Диспансер;Детский сад;500
1612;;Жилой район возле транспортно-промышленного хаба;1091;Демо;Выведи список объектов магистрального газопровода, которые находятся в пределах 150 м от женской консультации.;В отображаемом слое для проекта Жилой район возле транспортно-промышленного хаба показаны объекты типа «Объект магистрального газопровода», расположенные в радиусе 150 м от объектов типа «Женская консультация».;1 - слой с объектами «Объект магистрального газопровода», 2 - слой с объектами «Женская консультация», учитывающий буфер 150 м вокруг каждого объекта.;;1747;Женская консультация;Объект магистрального газопровода;84;15;Женская консультация;Объект магистрального газопровода;150
1613;;Жилой район возле транспортно-промышленного хаба;1091;Демо;Узнай, сколько местных дорог находится внутри 200 м от больницы.;В отображаемом слое для проекта Жилой район возле транспортно-промышленного хаба показаны объекты типа «Местная дорога», расположенные в радиусе 200 м от объектов типа «Больница».;1 - слой с объектами «Местная дорога», 2 - слой с объектами «Больница», учитывающий буфер 200 м вокруг каждого объекта.;;1747;Больница;Местная дорога;84;16;Больница;Местная дорога;200
1614;;Жилой район возле транспортно-промышленного хаба;1091;Демо;Проверь, сколько женских консультаций расположены не далее 300 м от салона красоты.;В отображаемом слое для проекта Жилой район возле транспортно-промышленного хаба показаны объекты типа «Женская консультация», расположенные в радиусе 300 м от объектов типа «Салон красоты».;1 - слой с объектами «Женская консультация», 2 - слой с объектами «Салон красоты», учитывающий буфер 300 м вокруг каждого объекта.;;1747;Салон красоты, Женская консультация;;84;17;Салон красоты;Женская консультация;300
1615;;Жилой район возле транспортно-промышленного хаба;1091;Демо;Считай, сколько рекреационных зон находится в пределах 50 м от библиотеки.;В отображаемом слое для проекта Жилой район возле транспортно-промышленного хаба показаны объекты типа «Рекреационная зона», расположенные в радиусе 50 м от объектов типа «Библиотека».;1 - слой с объектами «Рекреационная зона», 2 - слой с объектами «Библиотека», учитывающий буфер 50 м вокруг каждого объекта.;;1747;Библиотека;Рекреационная зона;84;18;Библиотека;Рекреационная зона;50
1616;;Жилой район возле транспортно-промышленного хаба;1091;Демо;Выведи местные дороги, которые находятся внутри радиуса 500 м от диспансера. Это важно для оценки транспортной доступности.;В отображаемом слое для проекта Жилой район возле транспортно-промышленного хаба показаны объекты типа «Местная дорога», расположенные в радиусе 500 м от объектов типа «Диспансер».;1 - слой с объектами «Местная дорога», 2 - слой с объектами «Диспансер», учитывающий буфер 500 м вокруг каждого объекта.;;1747;Диспансер;Местная дорога;85;10;Диспансер;Местная дорога;500
1617;;Жилой район возле транспортно-промышленного хаба;1091;Демо;Сравни реабилитационные центры, которые находятся в пределах 200 м от аптеки. Это поможет понять доступность медицинских услуг.;В отображаемом слое для проекта Жилой район возле транспортно-промышленного хаба показаны объекты типа «Реабилитационный центр», расположенные в радиусе 200 м от объектов типа «Аптека».;1 - слой с объектами «Реабилитационный центр», 2 - слой с объектами «Аптека», учитывающий буфер 200 м вокруг каждого объекта.;;1747;Аптека, Реабилитационный центр;;85;11;Аптека;Реабилитационный центр;200
1618;;Жилой район возле транспортно-промышленного хаба;1091;Демо;Найди салон красоты, который находится не далее чем 300 м от хозяйственных товаров. Портфолио услуг может влиять на выбор клиентов.;В отображаемом слое для проекта Жилой район возле транспортно-промышленного хаба показаны объекты типа «Салон красоты», расположенные в радиусе 300 м от объектов типа «Хозяйственные товары».;1 - слой с объектами «Салон красоты», 2 - слой с объектами «Хозяйственные товары», учитывающий буфер 300 м вокруг каждого объекта.;;1747;Хозяйственные товары, Салон красоты;;85;12;Хозяйственные товары;Салон красоты;300
1619;;Жилой район возле транспортно-промышленного хаба;1091;Демо;Покажи леса, которые находятся в пределах 100 м от объекта магистрального газопровода. Это критично для соблюдения норм экологической безопасности.;В отображаемом слое для проекта Жилой район возле транспортно-промышленного хаба показаны объекты типа «Лес», расположенные в радиусе 100 м от объектов типа «Объект магистрального газопровода».;1 - слой с объектами «Лес», 2 - слой с объектами «Объект магистрального газопровода», учитывающий буфер 100 м вокруг каждого объекта.;;1747;;Объект магистрального газопровода, Лес;85;13;Объект магистрального газопровода;Лес;100
1620;;Жилой район возле транспортно-промышленного хаба;1091;Демо;Проверь леса, которые находятся не далее чем 150 м от спортивного зала. Это важно для оценки влияния спортивных объектов на природные зоны.;В отображаемом слое для проекта Жилой район возле транспортно-промышленного хаба показаны объекты типа «Лес», расположенные в радиусе 150 м от объектов типа «Спортивный зал».;1 - слой с объектами «Лес», 2 - слой с объектами «Спортивный зал», учитывающий буфер 150 м вокруг каждого объекта.;;1747;Спортивный зал;Лес;85;14;Спортивный зал;Лес;150
1621;;Жилой район возле транспортно-промышленного хаба;1091;Демо;Сколько спортивных залов находятся внутри радиуса 200 м от региональной дороги? Это покажет, насколько дороги обслуживают спортивную инфраструктуру.;В отображаемом слое для проекта Жилой район возле транспортно-промышленного хаба показаны объекты типа «Спортивный зал», расположенные в радиусе 200 м от объектов типа «Региональная дорога».;1 - слой с объектами «Спортивный зал», 2 - слой с объектами «Региональная дорога», учитывающий буфер 200 м вокруг каждого объекта.;;1747;Спортивный зал;Региональная дорога;85;15;Региональная дорога;Спортивный зал;200
1622;;Жилой район возле транспортно-промышленного хаба;1091;Демо;Определи хозяйственные товары, которые находятся в пределах 100 м от аптеки. Это поможет выявить зоны перекрытия торговых точек.;В отображаемом слое для проекта Жилой район возле транспортно-промышленного хаба показаны объекты типа «Хозяйственные товары», расположенные в радиусе 100 м от объектов типа «Аптека».;1 - слой с объектами «Хозяйственные товары», 2 - слой с объектами «Аптека», учитывающий буфер 100 м вокруг каждого объекта.;;1747;Аптека, Хозяйственные товары;;85;16;Аптека;Хозяйственные товары;100
1623;;Жилой район возле транспортно-промышленного хаба;1091;Демо;Выведи леса, которые находятся внутри радиуса 50 м от объекта магистрального газопровода. Это необходимо для оценки риска экологических последствий.;В отображаемом слое для проекта Жилой район возле транспортно-промышленного хаба показаны объекты типа «Лес», расположенные в радиусе 50 м от объектов типа «Объект магистрального газопровода».;1 - слой с объектами «Лес», 2 - слой с объектами «Объект магистрального газопровода», учитывающий буфер 50 м вокруг каждого объекта.;;1747;;Объект магистрального газопровода, Лес;85;17;Объект магистрального газопровода;Лес;50
1624;;Жилой район возле транспортно-промышленного хаба;1091;Демо;Найди библиотеку, которая находится в пределах 300 м от хозяйственных товаров. Это поможет оценить доступность культурных учреждений.;В отображаемом слое для проекта Жилой район возле транспортно-промышленного хаба показаны объекты типа «Библиотека», расположенные в радиусе 300 м от объектов типа «Хозяйственные товары».;1 - слой с объектами «Библиотека», 2 - слой с объектами «Хозяйственные товары», учитывающий буфер 300 м вокруг каждого объекта.;;1747;Хозяйственные товары, Библиотека;;85;18;Хозяйственные товары;Библиотека;300
1625;;Жилой район возле транспортно-промышленного хаба;1091;Демо;Определи, сколько адвокатов находится внутри радиуса 150 м от нежилого здания, ведь они часто работают в этом районе.;В отображаемом слое для проекта Жилой район возле транспортно-промышленного хаба показаны объекты типа «Адвокат», расположенные в радиусе 150 м от объектов типа «Нежилое здание».;1 - слой с объектами «Адвокат», 2 - слой с объектами «Нежилое здание», учитывающий буфер 150 м вокруг каждого объекта.;;1747;Адвокат;Нежилое здание;86;10;Нежилое здание;Адвокат;150
1626;;Жилой район возле транспортно-промышленного хаба;1091;Демо;Покажи, сколько объектов магистрального газопровода находится внутри радиуса 100 м от детско‑юношеской спортивной школы, так как безопасность важна.;В отображаемом слое для проекта Жилой район возле транспортно-промышленного хаба показаны объекты типа «Объект магистрального газопровода», расположенные в радиусе 100 м от объектов типа «Детско-юношеская спортивная школа».;1 - слой с объектами «Объект магистрального газопровода», 2 - слой с объектами «Детско-юношеская спортивная школа», учитывающий буфер 100 м вокруг каждого объекта.;;1747;Детско-юношеская спортивная школа;Объект магистрального газопровода;86;11;Детско-юношеская спортивная школа;Объект магистрального газопровода;100
1627;;Жилой район возле транспортно-промышленного хаба;1091;Демо;Выведи, сколько объектов магистрального газопровода расположено в пределах 500 м от станции скорой медицинской помощи, чтобы обеспечить быструю эвакуацию.;В отображаемом слое для проекта Жилой район возле транспортно-промышленного хаба показаны объекты типа «Объект магистрального газопровода», расположенные в радиусе 500 м от объектов типа «Станция скорой медицинской помощи».;1 - слой с объектами «Объект магистрального газопровода», 2 - слой с объектами «Станция скорой медицинской помощи», учитывающий буфер 500 м вокруг каждого объекта.;;1747;Станция скорой медицинской помощи;Объект магистрального газопровода;86;12;Станция скорой медицинской помощи;Объект магистрального газопровода;500
1628;;Жилой район возле транспортно-промышленного хаба;1091;Демо;Найди, сколько станций скорой медицинской помощи находится внутри радиуса 100 м от стоматологической клиники, учитывая возможную связь.;В отображаемом слое для проекта Жилой район возле транспортно-промышленного хаба показаны объекты типа «Станция скорой медицинской помощи», расположенные в радиусе 100 м от объектов типа «Стоматологическая клиника».;1 - слой с объектами «Станция скорой медицинской помощи», 2 - слой с объектами «Стоматологическая клиника», учитывающий буфер 100 м вокруг каждого объекта.;;1747;Стоматологическая клиника, Станция скорой медицинской помощи;;86;13;Стоматологическая клиника;Станция скорой медицинской помощи;100
1629;;Жилой район возле транспортно-промышленного хаба;1091;Демо;Проверь, сколько библиотек находится в пределах 500 м от продуктов (магазин у дома). Доступ к информации рядом с продуктами повышает комфорт.;В отображаемом слое для проекта Жилой район возле транспортно-промышленного хаба показаны объекты типа «Библиотека», расположенные в радиусе 500 м от объектов типа «Продукты (магазин у дома)».;1 - слой с объектами «Библиотека», 2 - слой с объектами «Продукты (магазин у дома)», учитывающий буфер 500 м вокруг каждого объекта.;;1747;Продукты (магазин у дома), Библиотека;;86;14;Продукты (магазин у дома);Библиотека;500
1630;;Жилой район возле транспортно-промышленного хаба;1091;Демо;Считай, сколько детских садов расположено в пределах 200 м от нежилого здания, поскольку это может влиять на поток детей.;В отображаемом слое для проекта Жилой район возле транспортно-промышленного хаба показаны объекты типа «Детский сад», расположенные в радиусе 200 м от объектов типа «Нежилое здание».;1 - слой с объектами «Детский сад», 2 - слой с объектами «Нежилое здание», учитывающий буфер 200 м вокруг каждого объекта.;;1747;Детский сад;Нежилое здание;86;15;Нежилое здание;Детский сад;200
1631;;Жилой район возле транспортно-промышленного хаба;1091;Демо;Узнай, сколько салонов красоты находится внутри радиуса 50 м от отделения банка, чтобы оценить коммерческую привлекательность.;В отображаемом слое для проекта Жилой район возле транспортно-промышленного хаба показаны объекты типа «Салон красоты», расположенные в радиусе 50 м от объектов типа «Отделение банка».;1 - слой с объектами «Салон красоты», 2 - слой с объектами «Отделение банка», учитывающий буфер 50 м вокруг каждого объекта.;;1747;Отделение банка, Салон красоты;;86;16;Отделение банка;Салон красоты;50
1632;;Жилой район возле транспортно-промышленного хаба;1091;Демо;Расчитай, сколько детских садов находится внутри радиуса 300 м от магазина детских товаров, так как это может стимулировать посещаемость.;В отображаемом слое для проекта Жилой район возле транспортно-промышленного хаба показаны объекты типа «Детский сад», расположенные в радиусе 300 м от объектов типа «Детские товары».;1 - слой с объектами «Детский сад», 2 - слой с объектами «Детские товары», учитывающий буфер 300 м вокруг каждого объекта.;;1747;Детские товары, Детский сад;;86;17;Детские товары;Детский сад;300
1633;;Жилой район возле транспортно-промышленного хаба;1091;Демо;Уточни, сколько региональных дорог находится в пределах 500 м от жилого дома, чтобы оценить транспортную доступность.;В отображаемом слое для проекта Жилой район возле транспортно-промышленного хаба показаны объекты типа «Региональная дорога», расположенные в радиусе 500 м от объектов типа «Жилой дом».;1 - слой с объектами «Региональная дорога», 2 - слой с объектами «Жилой дом», учитывающий буфер 500 м вокруг каждого объекта.;;1747;;Жилой дом, Региональная дорога;86;18;Жилой дом;Региональная дорога;500
1634;;Жилой район возле транспортно-промышленного хаба;1091;Демо;Покажи кафе, расположенные внутри радиуса 300 м от аптеки.;В отображаемом слое для проекта Жилой район возле транспортно-промышленного хаба показаны объекты типа «Кафе», расположенные в радиусе 300 м от объектов типа «Аптека».;1 - слой с объектами «Кафе», 2 - слой с объектами «Аптека», учитывающий буфер 300 м вокруг каждого объекта.;;1747;Аптека, Кафе;;87;10;Аптека;Кафе;300
1635;;Жилой район возле транспортно-промышленного хаба;1091;Демо;Найди школы, находящиеся в пределах 300 м от магазинов детских товаров.;В отображаемом слое для проекта Жилой район возле транспортно-промышленного хаба показаны объекты типа «Школа», расположенные в радиусе 300 м от объектов типа «Детские товары».;1 - слой с объектами «Школа», 2 - слой с объектами «Детские товары», учитывающий буфер 300 м вокруг каждого объекта.;;1747;Детские товары, Школа;;87;11;Детские товары;Школа;300
1636;;Жилой район возле транспортно-промышленного хаба;1091;Демо;Определи хозяйственные товары, которые находятся внутри радиуса 500 м от федеральной дороги.;В отображаемом слое для проекта Жилой район возле транспортно-промышленного хаба показаны объекты типа «Хозяйственные товары», расположенные в радиусе 500 м от объектов типа «Федеральная дорога».;1 - слой с объектами «Хозяйственные товары», 2 - слой с объектами «Федеральная дорога», учитывающий буфер 500 м вокруг каждого объекта.;;1747;Хозяйственные товары;Федеральная дорога;87;12;Федеральная дорога;Хозяйственные товары;500
1637;;Жилой район возле транспортно-промышленного хаба;1091;Демо;Сколько домов детского творчества расположены в пределах 500 м от продуктового магазина у дома?;В отображаемом слое для проекта Жилой район возле транспортно-промышленного хаба показаны объекты типа «Дом детского творчества», расположенные в радиусе 500 м от объектов типа «Продукты (магазин у дома)».;1 - слой с объектами «Дом детского творчества», 2 - слой с объектами «Продукты (магазин у дома)», учитывающий буфер 500 м вокруг каждого объекта.;;1747;Продукты (магазин у дома), Дом детского творчества;;87;13;Продукты (магазин у дома);Дом детского творчества;500
1638;;Жилой район возле транспортно-промышленного хаба;1091;Демо;Проверь продуктовые магазины у дома, находящиеся в пределах 150 м от федеральной дороги.;В отображаемом слое для проекта Жилой район возле транспортно-промышленного хаба показаны объекты типа «Продукты (магазин у дома)», расположенные в радиусе 150 м от объектов типа «Федеральная дорога».;1 - слой с объектами «Продукты (магазин у дома)», 2 - слой с объектами «Федеральная дорога», учитывающий буфер 150 м вокруг каждого объекта.;;1747;Продукты (магазин у дома);Федеральная дорога;87;14;Федеральная дорога;Продукты (магазин у дома);150
1639;;Жилой район возле транспортно-промышленного хаба;1091;Демо;Выведи женские консультации, расположенные внутри радиуса 50 м от почтового отделения.;В отображаемом слое для проекта Жилой район возле транспортно-промышленного хаба показаны объекты типа «Женская консультация», расположенные в радиусе 50 м от объектов типа «Почтовое отделение».;1 - слой с объектами «Женская консультация», 2 - слой с объектами «Почтовое отделение», учитывающий буфер 50 м вокруг каждого объекта.;;1747;Почтовое отделение, Женская консультация;;87;15;Почтовое отделение;Женская консультация;50
1640;;Жилой район возле транспортно-промышленного хаба;1091;Демо;Сколько пунктов выдачи находятся в пределах 50 м от кинотеатра?;В отображаемом слое для проекта Жилой район возле транспортно-промышленного хаба показаны объекты типа «Пункт выдачи», расположенные в радиусе 50 м от объектов типа «Кинотеатр».;1 - слой с объектами «Пункт выдачи», 2 - слой с объектами «Кинотеатр», учитывающий буфер 50 м вокруг каждого объекта.;;1747;Кинотеатр, Пункт выдачи;;87;16;Кинотеатр;Пункт выдачи;50
1641;;Жилой район возле транспортно-промышленного хаба;1091;Демо;Считай библиотеки, расположенные в пределах 500 м от салонов красоты.;В отображаемом слое для проекта Жилой район возле транспортно-промышленного хаба показаны объекты типа «Библиотека», расположенные в радиусе 500 м от объектов типа «Салон красоты».;1 - слой с объектами «Библиотека», 2 - слой с объектами «Салон красоты», учитывающий буфер 500 м вокруг каждого объекта.;;1747;Салон красоты, Библиотека;;87;17;Салон красоты;Библиотека;500
1642;;Жилой район возле транспортно-промышленного хаба;1091;Демо;Подсчитай пожарные станции, которые находятся в пределах 200 м от продуктовых магазинов у дома.;В отображаемом слое для проекта Жилой район возле транспортно-промышленного хаба показаны объекты типа «Пожарная станция», расположенные в радиусе 200 м от объектов типа «Продукты (магазин у дома)».;1 - слой с объектами «Пожарная станция», 2 - слой с объектами «Продукты (магазин у дома)», учитывающий буфер 200 м вокруг каждого объекта.;;1747;Продукты (магазин у дома), Пожарная станция;;87;18;Продукты (магазин у дома);Пожарная станция;200
1643;;Жилой район возле транспортно-промышленного хаба;1091;Демо;Найди детские товары, которые находятся в пределах 200 м от аптеки, чтобы оценить доступность товаров для родителей.;В отображаемом слое для проекта Жилой район возле транспортно-промышленного хаба показаны объекты типа «Детские товары», расположенные в радиусе 200 м от объектов типа «Аптека».;1 - слой с объектами «Детские товары», 2 - слой с объектами «Аптека», учитывающий буфер 200 м вокруг каждого объекта.;;1747;Аптека, Детские товары;;88;10;Аптека;Детские товары;200
1644;;Жилой район возле транспортно-промышленного хаба;1091;Демо;Проверь, находятся ли местные дороги в пределах 150 м от женской консультации, чтобы улучшить транспортную доступность.;В отображаемом слое для проекта Жилой район возле транспортно-промышленного хаба показаны объекты типа «Местная дорога», расположенные в радиусе 150 м от объектов типа «Женская консультация».;1 - слой с объектами «Местная дорога», 2 - слой с объектами «Женская консультация», учитывающий буфер 150 м вокруг каждого объекта.;;1747;Женская консультация;Местная дорога;88;11;Женская консультация;Местная дорога;150
1645;;Жилой район возле транспортно-промышленного хаба;1091;Демо;Определи, находятся ли школы в пределах 50 м от объекта магистрального газопровода, чтобы оценить уровень риска.;В отображаемом слое для проекта Жилой район возле транспортно-промышленного хаба показаны объекты типа «Школа», расположенные в радиусе 50 м от объектов типа «Объект магистрального газопровода».;1 - слой с объектами «Школа», 2 - слой с объектами «Объект магистрального газопровода», учитывающий буфер 50 м вокруг каждого объекта.;;1747;Школа;Объект магистрального газопровода;88;12;Объект магистрального газопровода;Школа;50
1646;;Жилой район возле транспортно-промышленного хаба;1091;Демо;Сколько лесов расположены в пределах 100 м от женской консультации, чтобы понять влияние на природные ресурсы.;В отображаемом слое для проекта Жилой район возле транспортно-промышленного хаба показаны объекты типа «Лес», расположенные в радиусе 100 м от объектов типа «Женская консультация».;1 - слой с объектами «Лес», 2 - слой с объектами «Женская консультация», учитывающий буфер 100 м вокруг каждого объекта.;;1747;Женская консультация;Лес;88;13;Женская консультация;Лес;100
1647;;Жилой район возле транспортно-промышленного хаба;1091;Демо;Выведи кафе, которые находятся в пределах 500 м от библиотеки, чтобы проанализировать коммерческое развитие.;В отображаемом слое для проекта Жилой район возле транспортно-промышленного хаба показаны объекты типа «Кафе», расположенные в радиусе 500 м от объектов типа «Библиотека».;1 - слой с объектами «Кафе», 2 - слой с объектами «Библиотека», учитывающий буфер 500 м вокруг каждого объекта.;;1747;Библиотека, Кафе;;88;14;Библиотека;Кафе;500
1648;;Жилой район возле транспортно-промышленного хаба;1091;Демо;Покажи салон красоты, находящийся в пределах 500 м от школы, чтобы оценить коммерческую привлекательность района.;В отображаемом слое для проекта Жилой район возле транспортно-промышленного хаба показаны объекты типа «Салон красоты», расположенные в радиусе 500 м от объектов типа «Школа».;1 - слой с объектами «Салон красоты», 2 - слой с объектами «Школа», учитывающий буфер 500 м вокруг каждого объекта.;;1747;Школа, Салон красоты;;88;15;Школа;Салон красоты;500
1649;;Жилой район возле транспортно-промышленного хаба;1091;Демо;Проверь, какие стоматологические клиники находятся в пределах 300 м от почтового отделения, чтобы улучшить сервис.;В отображаемом слое для проекта Жилой район возле транспортно-промышленного хаба показаны объекты типа «Стоматологическая клиника», расположенные в радиусе 300 м от объектов типа «Почтовое отделение».;1 - слой с объектами «Стоматологическая клиника», 2 - слой с объектами «Почтовое отделение», учитывающий буфер 300 м вокруг каждого объекта.;;1747;Почтовое отделение, Стоматологическая клиника;;88;16;Почтовое отделение;Стоматологическая клиника;300
1650;;Жилой район возле транспортно-промышленного хаба;1091;Демо;Определи, сколько травматологических пунктов находятся в пределах 150 м от реабилитационного центра, чтобы оценить доступность медицинских услуг.;В отображаемом слое для проекта Жилой район возле транспортно-промышленного хаба показаны объекты типа «Травматологические пункты», расположенные в радиусе 150 м от объектов типа «Реабилитационный центр».;1 - слой с объектами «Травматологические пункты», 2 - слой с объектами «Реабилитационный центр», учитывающий буфер 150 м вокруг каждого объекта.;;1747;Реабилитационный центр, Травматологические пункты;;88;17;Реабилитационный центр;Травматологические пункты;150
1651;;Жилой район возле транспортно-промышленного хаба;1091;Демо;Найди библиотеки, которые находятся в пределах 100 м от нежилого здания, чтобы изучить культурное пространство.;В отображаемом слое для проекта Жилой район возле транспортно-промышленного хаба показаны объекты типа «Библиотека», расположенные в радиусе 100 м от объектов типа «Нежилое здание».;1 - слой с объектами «Библиотека», 2 - слой с объектами «Нежилое здание», учитывающий буфер 100 м вокруг каждого объекта.;;1747;Библиотека;Нежилое здание;88;18;Нежилое здание;Библиотека;100
1652;;Проект территории в Новосаратовке;633;Исходный;Покажи региональные дороги, которые находятся внутри радиуса 300 м от леса. Это зона пожарной безопасности.;В отображаемом слое для проекта Проект территории в Новосаратовке показаны объекты типа «Региональная дорога», расположенные в радиусе 300 м от объектов типа «Лес».;1 - слой с объектами «Региональная дорога», 2 - слой с объектами «Лес», учитывающий буфер 300 м вокруг каждого объекта.;;846;;Лес, Региональная дорога;89;10;Лес;Региональная дорога;300
1653;;Проект территории в Новосаратовке;633;Исходный;Найди нежилые здания, расположенные внутри радиуса 200 м от водного объекта.;В отображаемом слое для проекта Проект территории в Новосаратовке показаны объекты типа «Нежилое здание», расположенные в радиусе 200 м от объектов типа «Водный объект».;1 - слой с объектами «Нежилое здание», 2 - слой с объектами «Водный объект», учитывающий буфер 200 м вокруг каждого объекта.;;846;;Водный объект, Нежилое здание;89;11;Водный объект;Нежилое здание;200
1654;;Проект территории в Новосаратовке;633;Исходный;Подсчитай жилые дома, находящиеся внутри радиуса 100 м от водного объекта. Это риск затопления.;В отображаемом слое для проекта Проект территории в Новосаратовке показаны объекты типа «Жилой дом», расположенные в радиусе 100 м от объектов типа «Водный объект».;1 - слой с объектами «Жилой дом», 2 - слой с объектами «Водный объект», учитывающий буфер 100 м вокруг каждого объекта.;;846;;Водный объект, Жилой дом;89;12;Водный объект;Жилой дом;100
1655;;Проект территории в Новосаратовке;633;Исходный;Уточни лесные участки, которые находятся внутри радиуса 200 м от жилого дома.;В отображаемом слое для проекта Проект территории в Новосаратовке показаны объекты типа «Лес», расположенные в радиусе 200 м от объектов типа «Жилой дом».;1 - слой с объектами «Лес», 2 - слой с объектами «Жилой дом», учитывающий буфер 200 м вокруг каждого объекта.;;846;;Жилой дом, Лес;89;13;Жилой дом;Лес;200
1656;;Проект территории в Новосаратовке;633;Исходный;Проверь водные объекты, расположенные внутри радиуса 200 м от промышленной территории. Это может повлиять на качество воды.;В отображаемом слое для проекта Проект территории в Новосаратовке показаны объекты типа «Водный объект», расположенные в радиусе 200 м от объектов типа «Промышленная территория».;1 - слой с объектами «Водный объект», 2 - слой с объектами «Промышленная территория», учитывающий буфер 200 м вокруг каждого объекта.;;846;;Промышленная территория, Водный объект;89;14;Промышленная территория;Водный объект;200
1657;;Проект территории в Новосаратовке;633;Исходный;Выведи водные объекты, которые находятся внутри радиуса 500 м от промышленной территории.;В отображаемом слое для проекта Проект территории в Новосаратовке показаны объекты типа «Водный объект», расположенные в радиусе 500 м от объектов типа «Промышленная территория».;1 - слой с объектами «Водный объект», 2 - слой с объектами «Промышленная территория», учитывающий буфер 500 м вокруг каждого объекта.;;846;;Промышленная территория, Водный объект;89;15;Промышленная территория;Водный объект;500
1658;;Проект территории в Новосаратовке;633;Исходный;Считай местные дороги, расположенные внутри радиуса 150 м от нежилого здания.;В отображаемом слое для проекта Проект территории в Новосаратовке показаны объекты типа «Местная дорога», расположенные в радиусе 150 м от объектов типа «Нежилое здание».;1 - слой с объектами «Местная дорога», 2 - слой с объектами «Нежилое здание», учитывающий буфер 150 м вокруг каждого объекта.;;846;;Нежилое здание, Местная дорога;89;16;Нежилое здание;Местная дорога;150
1659;;Проект территории в Новосаратовке;633;Исходный;Определи жилые дома, находящиеся внутри радиуса 100 м от остановки наземного транспорта.;В отображаемом слое для проекта Проект территории в Новосаратовке показаны объекты типа «Жилой дом», расположенные в радиусе 100 м от объектов типа «Остановка наземного транспорта».;1 - слой с объектами «Жилой дом», 2 - слой с объектами «Остановка наземного транспорта», учитывающий буфер 100 м вокруг каждого объекта.;;846;;Остановка наземного транспорта, Жилой дом;89;17;Остановка наземного транспорта;Жилой дом;100
1660;;Проект территории в Новосаратовке;633;Исходный;Выясни промышленные территории, которые находятся внутри радиуса 150 м от озера. Это важно для соблюдения экологических норм.;В отображаемом слое для проекта Проект территории в Новосаратовке показаны объекты типа «Промышленная территория», расположенные в радиусе 150 м от объектов типа «Озеро».;1 - слой с объектами «Промышленная территория», 2 - слой с объектами «Озеро», учитывающий буфер 150 м вокруг каждого объекта.;;846;;Озеро, Промышленная территория;89;18;Озеро;Промышленная территория;150
1661;;Проект территории в Новосаратовке;633;Исходный;Покажи остановки наземного общественного транспорта внутри радиуса 150 м от региональной дороги. Это покажет удобство доступа.;В отображаемом слое для проекта Проект территории в Новосаратовке показаны объекты типа «Остановка наземного общественного транспорта», расположенные в радиусе 150 м от объектов типа «Региональная дорога».;1 - слой с объектами «Остановка наземного общественного транспорта», 2 - слой с объектами «Региональная дорога», учитывающий буфер 150 м вокруг каждого объекта.;;846;Остановка наземного общественного транспорта;Региональная дорога;90;10;Региональная дорога;Остановка наземного общественного транспорта;150
1662;;Проект территории в Новосаратовке;633;Исходный;Найди нежилые здания внутри радиуса 300 м от остановки наземного транспорта. Это поможет оценить плотность застройки.;В отображаемом слое для проекта Проект территории в Новосаратовке показаны объекты типа «Нежилое здание», расположенные в радиусе 300 м от объектов типа «Остановка наземного транспорта».;1 - слой с объектами «Нежилое здание», 2 - слой с объектами «Остановка наземного транспорта», учитывающий буфер 300 м вокруг каждого объекта.;;846;;Остановка наземного транспорта, Нежилое здание;90;11;Остановка наземного транспорта;Нежилое здание;300
1663;;Проект территории в Новосаратовке;633;Исходный;Определи региональные дороги, которые находятся не далее чем 50 м от жилых домов. Это важно для оценки риска шума.;В отображаемом слое для проекта Проект территории в Новосаратовке показаны объекты типа «Региональная дорога», расположенные в радиусе 50 м от объектов типа «Жилой дом».;1 - слой с объектами «Региональная дорога», 2 - слой с объектами «Жилой дом», учитывающий буфер 50 м вокруг каждого объекта.;;846;;Жилой дом, Региональная дорога;90;12;Жилой дом;Региональная дорога;50
1664;;Проект территории в Новосаратовке;633;Исходный;Проверь жилые дома в пределах радиуса 50 м от аптек. Это поможет оценить доступность лекарств.;В отображаемом слое для проекта Проект территории в Новосаратовке показаны объекты типа «Жилой дом», расположенные в радиусе 50 м от объектов типа «Аптека».;1 - слой с объектами «Жилой дом», 2 - слой с объектами «Аптека», учитывающий буфер 50 м вокруг каждого объекта.;;846;Аптека;Жилой дом;90;13;Аптека;Жилой дом;50
1665;;Проект территории в Новосаратовке;633;Исходный;Выведи местные дороги внутри радиуса 150 м от аптек. Это даст представление о транспортной доступности.;В отображаемом слое для проекта Проект территории в Новосаратовке показаны объекты типа «Местная дорога», расположенные в радиусе 150 м от объектов типа «Аптека».;1 - слой с объектами «Местная дорога», 2 - слой с объектами «Аптека», учитывающий буфер 150 м вокруг каждого объекта.;;846;Аптека;Местная дорога;90;14;Аптека;Местная дорога;150
1666;;Проект территории в Новосаратовке;633;Исходный;Определи промышленные территории, расположенные не далее чем 150 м от местных дорог. Это важно для оценки загрязнения.;В отображаемом слое для проекта Проект территории в Новосаратовке показаны объекты типа «Промышленная территория», расположенные в радиусе 150 м от объектов типа «Местная дорога».;1 - слой с объектами «Промышленная территория», 2 - слой с объектами «Местная дорога», учитывающий буфер 150 м вокруг каждого объекта.;;846;;Местная дорога, Промышленная территория;90;15;Местная дорога;Промышленная территория;150
1667;;Проект территории в Новосаратовке;633;Исходный;Сравни региональные дороги, находящиеся в пределах радиуса 100 м от пунктов выдачи. Это уточнит их доступность.;В отображаемом слое для проекта Проект территории в Новосаратовке показаны объекты типа «Региональная дорога», расположенные в радиусе 100 м от объектов типа «Пункт выдачи».;1 - слой с объектами «Региональная дорога», 2 - слой с объектами «Пункт выдачи», учитывающий буфер 100 м вокруг каждого объекта.;;846;Пункт выдачи;Региональная дорога;90;16;Пункт выдачи;Региональная дорога;100
1668;;Проект территории в Новосаратовке;633;Исходный;Найди леса внутри радиуса 50 м от водных объектов. Это поможет в сохранении биоразнообразия.;В отображаемом слое для проекта Проект территории в Новосаратовке показаны объекты типа «Лес», расположенные в радиусе 50 м от объектов типа «Водный объект».;1 - слой с объектами «Лес», 2 - слой с объектами «Водный объект», учитывающий буфер 50 м вокруг каждого объекта.;;846;;Водный объект, Лес;90;17;Водный объект;Лес;50
1669;;Проект территории в Новосаратовке;633;Исходный;Определи остановки наземного транспорта, которые находятся не далее чем 100 м от озера. Это покажет их доступность для туристов.;В отображаемом слое для проекта Проект территории в Новосаратовке показаны объекты типа «Остановка наземного транспорта», расположенные в радиусе 100 м от объектов типа «Озеро».;1 - слой с объектами «Остановка наземного транспорта», 2 - слой с объектами «Озеро», учитывающий буфер 100 м вокруг каждого объекта.;;846;;Озеро, Остановка наземного транспорта;90;18;Озеро;Остановка наземного транспорта;100
1670;;Проект территории в Новосаратовке;633;Исходный;Найди, сколько водных объектов находится в радиусе 150 м от жилого дома. Это поможет оценить доступность водных ресурсов.;В отображаемом слое для проекта Проект территории в Новосаратовке показаны объекты типа «Водный объект», расположенные в радиусе 150 м от объектов типа «Жилой дом».;1 - слой с объектами «Водный объект», 2 - слой с объектами «Жилой дом», учитывающий буфер 150 м вокруг каждого объекта.;;846;;Жилой дом, Водный объект;91;10;Жилой дом;Водный объект;150
1671;;Проект территории в Новосаратовке;633;Исходный;Определи, сколько остановок наземного транспорта расположены в пределах 100 м от нежилых зданий. Это поможет планировать транспортную инфраструктуру.;В отображаемом слое для проекта Проект территории в Новосаратовке показаны объекты типа «Остановка наземного транспорта», расположенные в радиусе 100 м от объектов типа «Нежилое здание».;1 - слой с объектами «Остановка наземного транспорта», 2 - слой с объектами «Нежилое здание», учитывающий буфер 100 м вокруг каждого объекта.;;846;;Нежилое здание, Остановка наземного транспорта;91;11;Нежилое здание;Остановка наземного транспорта;100
1672;;Проект территории в Новосаратовке;633;Исходный;Определи, сколько лесов находится в пределах 100 м от нежилого здания. Это важно для сохранения природных зон.;В отображаемом слое для проекта Проект территории в Новосаратовке показаны объекты типа «Лес», расположенные в радиусе 100 м от объектов типа «Нежилое здание».;1 - слой с объектами «Лес», 2 - слой с объектами «Нежилое здание», учитывающий буфер 100 м вокруг каждого объекта.;;846;;Нежилое здание, Лес;91;12;Нежилое здание;Лес;100
1673;;Проект территории в Новосаратовке;633;Исходный;Сколько остановок наземного транспорта расположено в радиусе 500 м от нежилого здания? Это поможет понять плотность транспортных узлов.;В отображаемом слое для проекта Проект территории в Новосаратовке показаны объекты типа «Остановка наземного транспорта», расположенные в радиусе 500 м от объектов типа «Нежилое здание».;1 - слой с объектами «Остановка наземного транспорта», 2 - слой с объектами «Нежилое здание», учитывающий буфер 500 м вокруг каждого объекта.;;846;;Нежилое здание, Остановка наземного транспорта;91;13;Нежилое здание;Остановка наземного транспорта;500
1674;;Проект территории в Новосаратовке;633;Исходный;Проверь, сколько жилых домов находится не далее 500 м от региональной дороги. Это важно для оценки доступа к инфраструктуре.;В отображаемом слое для проекта Проект территории в Новосаратовке показаны объекты типа «Жилой дом», расположенные в радиусе 500 м от объектов типа «Региональная дорога».;1 - слой с объектами «Жилой дом», 2 - слой с объектами «Региональная дорога», учитывающий буфер 500 м вокруг каждого объекта.;;846;;Региональная дорога, Жилой дом;91;14;Региональная дорога;Жилой дом;500
1675;;Проект территории в Новосаратовке;633;Исходный;Выведи, сколько остановок наземного транспорта находится в радиусе 100 м от промышленной территории. Это поможет при планировании зоны обслуживания.;В отображаемом слое для проекта Проект территории в Новосаратовке показаны объекты типа «Остановка наземного транспорта», расположенные в радиусе 100 м от объектов типа «Промышленная территория».;1 - слой с объектами «Остановка наземного транспорта», 2 - слой с объектами «Промышленная территория», учитывающий буфер 100 м вокруг каждого объекта.;;846;;Промышленная территория, Остановка наземного транспорта;91;15;Промышленная территория;Остановка наземного транспорта;100
1676;;Проект территории в Новосаратовке;633;Исходный;Уточни, сколько лесов находится в пределах 500 м от нежилого здания. Это поможет оценить влияние строительства.;В отображаемом слое для проекта Проект территории в Новосаратовке показаны объекты типа «Лес», расположенные в радиусе 500 м от объектов типа «Нежилое здание».;1 - слой с объектами «Лес», 2 - слой с объектами «Нежилое здание», учитывающий буфер 500 м вокруг каждого объекта.;;846;;Нежилое здание, Лес;91;16;Нежилое здание;Лес;500
1677;;Проект территории в Новосаратовке;633;Исходный;Опиши, сколько местных дорог находится в радиусе 500 м от пункта выдачи. Это важно для логистики.;В отображаемом слое для проекта Проект территории в Новосаратовке показаны объекты типа «Местная дорога», расположенные в радиусе 500 м от объектов типа «Пункт выдачи».;1 - слой с объектами «Местная дорога», 2 - слой с объектами «Пункт выдачи», учитывающий буфер 500 м вокруг каждого объекта.;;846;Пункт выдачи;Местная дорога;91;17;Пункт выдачи;Местная дорога;500
1678;;Проект территории в Новосаратовке;633;Исходный;Сформулируй, сколько жилых домов находится в радиусе 150 м от леса. Это поможет при планировании жилой застройки.;В отображаемом слое для проекта Проект территории в Новосаратовке показаны объекты типа «Жилой дом», расположенные в радиусе 150 м от объектов типа «Лес».;1 - слой с объектами «Жилой дом», 2 - слой с объектами «Лес», учитывающий буфер 150 м вокруг каждого объекта.;;846;;Лес, Жилой дом;91;18;Лес;Жилой дом;150
1679;;Проект территории в Новосаратовке;633;Исходный;Найди пункты выдачи в радиусе 50 м от остановок наземного общественного транспорта. Это удобно для пассажиров, которые могут забрать заказ по пути.;В отображаемом слое для проекта Проект территории в Новосаратовке показаны объекты типа «Пункт выдачи», расположенные в радиусе 50 м от объектов типа «Остановка наземного общественного транспорта».;1 - слой с объектами «Пункт выдачи», 2 - слой с объектами «Остановка наземного общественного транспорта», учитывающий буфер 50 м вокруг каждого объекта.;;846;Остановка наземного общественного транспорта, Пункт выдачи;;92;10;Остановка наземного общественного транспорта;Пункт выдачи;50
1680;;Проект территории в Новосаратовке;633;Исходный;Покажи остановки наземного общественного транспорта в пределах 50 м от пунктов выдачи. Это поможет персоналу быстро находить нужные места.;В отображаемом слое для проекта Проект территории в Новосаратовке показаны объекты типа «Остановка наземного общественного транспорта», расположенные в радиусе 50 м от объектов типа «Пункт выдачи».;1 - слой с объектами «Остановка наземного общественного транспорта», 2 - слой с объектами «Пункт выдачи», учитывающий буфер 50 м вокруг каждого объекта.;;846;Пункт выдачи, Остановка наземного общественного транспорта;;92;11;Пункт выдачи;Остановка наземного общественного транспорта;50
1681;;Проект территории в Новосаратовке;633;Исходный;Определи, сколько остановок наземного общественного транспорта находятся не далее чем 500 м от местной дороги. Это важно для оценки доступности.;В отображаемом слое для проекта Проект территории в Новосаратовке показаны объекты типа «Остановка наземного общественного транспорта», расположенные в радиусе 500 м от объектов типа «Местная дорога».;1 - слой с объектами «Остановка наземного общественного транспорта», 2 - слой с объектами «Местная дорога», учитывающий буфер 500 м вокруг каждого объекта.;;846;Остановка наземного общественного транспорта;Местная дорога;92;12;Местная дорога;Остановка наземного общественного транспорта;500
1682;;Проект территории в Новосаратовке;633;Исходный;Сравни, есть ли озеро в радиусе 50 м от аптек. Это необходимо для планирования санитарных зон.;В отображаемом слое для проекта Проект территории в Новосаратовке показаны объекты типа «Озеро», расположенные в радиусе 50 м от объектов типа «Аптека».;1 - слой с объектами «Озеро», 2 - слой с объектами «Аптека», учитывающий буфер 50 м вокруг каждого объекта.;;846;Аптека;Озеро;92;13;Аптека;Озеро;50
1683;;Проект территории в Новосаратовке;633;Исходный;Подсчитай промышленные территории, которые находятся в пределах 200 м от леса. Это поможет оценить экологический риск.;В отображаемом слое для проекта Проект территории в Новосаратовке показаны объекты типа «Промышленная территория», расположенные в радиусе 200 м от объектов типа «Лес».;1 - слой с объектами «Промышленная территория», 2 - слой с объектами «Лес», учитывающий буфер 200 м вокруг каждого объекта.;;846;;Лес, Промышленная территория;92;14;Лес;Промышленная территория;200
1684;;Проект территории в Новосаратовке;633;Исходный;Выведи остановки наземного транспорта, которые находятся в окружении леса радиусом 500 м. Это важно для транспортной инфраструктуры.;В отображаемом слое для проекта Проект территории в Новосаратовке показаны объекты типа «Остановка наземного транспорта», расположенные в радиусе 500 м от объектов типа «Лес».;1 - слой с объектами «Остановка наземного транспорта», 2 - слой с объектами «Лес», учитывающий буфер 500 м вокруг каждого объекта.;;846;;Лес, Остановка наземного транспорта;92;15;Лес;Остановка наземного транспорта;500
1685;;Проект территории в Новосаратовке;633;Исходный;Выясни наличие нежилых зданий в радиусе 100 м от местной дороги. Это нужно для контроля зоны безопасности.;В отображаемом слое для проекта Проект территории в Новосаратовке показаны объекты типа «Нежилое здание», расположенные в радиусе 100 м от объектов типа «Местная дорога».;1 - слой с объектами «Нежилое здание», 2 - слой с объектами «Местная дорога», учитывающий буфер 100 м вокруг каждого объекта.;;846;;Местная дорога, Нежилое здание;92;16;Местная дорога;Нежилое здание;100
1686;;Проект территории в Новосаратовке;633;Исходный;Расчитай количество жилых домов в радиусе 50 м от промышленных территорий. Это поможет в планировании жилой застройки.;В отображаемом слое для проекта Проект территории в Новосаратовке показаны объекты типа «Жилой дом», расположенные в радиусе 50 м от объектов типа «Промышленная территория».;1 - слой с объектами «Жилой дом», 2 - слой с объектами «Промышленная территория», учитывающий буфер 50 м вокруг каждого объекта.;;846;;Промышленная территория, Жилой дом;92;17;Промышленная территория;Жилой дом;50
1687;;Проект территории в Новосаратовке;633;Исходный;Покажи, сколько аптек находятся внутри радиуса 200 м от жилого дома. Это удобно: аптечный пункт рядом с жильём.;В отображаемом слое для проекта Проект территории в Новосаратовке показаны объекты типа «Аптека», расположенные в радиусе 200 м от объектов типа «Жилой дом».;1 - слой с объектами «Аптека», 2 - слой с объектами «Жилой дом», учитывающий буфер 200 м вокруг каждого объекта.;;846;Аптека;Жилой дом;93;10;Жилой дом;Аптека;200
1688;;Проект территории в Новосаратовке;633;Исходный;Найди, сколько лесов расположены в пределах 200 м от местной дороги. Это важно для экологического баланса.;В отображаемом слое для проекта Проект территории в Новосаратовке показаны объекты типа «Лес», расположенные в радиусе 200 м от объектов типа «Местная дорога».;1 - слой с объектами «Лес», 2 - слой с объектами «Местная дорога», учитывающий буфер 200 м вокруг каждого объекта.;;846;;Местная дорога, Лес;93;11;Местная дорога;Лес;200
1689;;Проект территории в Новосаратовке;633;Исходный;Определи, сколько местных дорог находятся не далее 300 м от промышленной территории. Это поможет при планировании транспортной сети.;В отображаемом слое для проекта Проект территории в Новосаратовке показаны объекты типа «Местная дорога», расположенные в радиусе 300 м от объектов типа «Промышленная территория».;1 - слой с объектами «Местная дорога», 2 - слой с объектами «Промышленная территория», учитывающий буфер 300 м вокруг каждого объекта.;;846;;Промышленная территория, Местная дорога;93;12;Промышленная территория;Местная дорога;300
1690;;Проект территории в Новосаратовке;633;Исходный;Сколько нежилых зданий расположены в пределах 150 м от жилого дома? Это важно для оценки плотности населения.;В отображаемом слое для проекта Проект территории в Новосаратовке показаны объекты типа «Нежилое здание», расположенные в радиусе 150 м от объектов типа «Жилой дом».;1 - слой с объектами «Нежилое здание», 2 - слой с объектами «Жилой дом», учитывающий буфер 150 м вокруг каждого объекта.;;846;;Жилой дом, Нежилое здание;93;13;Жилой дом;Нежилое здание;150
1691;;Проект территории в Новосаратовке;633;Исходный;Сколько озёр находятся внутри 100 м от нежилого здания. Это поможет в гидрологическом анализе.;В отображаемом слое для проекта Проект территории в Новосаратовке показаны объекты типа «Озеро», расположенные в радиусе 100 м от объектов типа «Нежилое здание».;1 - слой с объектами «Озеро», 2 - слой с объектами «Нежилое здание», учитывающий буфер 100 м вокруг каждого объекта.;;846;;Нежилое здание, Озеро;93;14;Нежилое здание;Озеро;100
1692;;Проект территории в Новосаратовке;633;Исходный;Выведи, сколько региональных дорог находятся не далее 150 м от нежилого здания. Это важно для оценки транспортного доступа.;В отображаемом слое для проекта Проект территории в Новосаратовке показаны объекты типа «Региональная дорога», расположенные в радиусе 150 м от объектов типа «Нежилое здание».;1 - слой с объектами «Региональная дорога», 2 - слой с объектами «Нежилое здание», учитывающий буфер 150 м вокруг каждого объекта.;;846;;Нежилое здание, Региональная дорога;93;15;Нежилое здание;Региональная дорога;150
1693;;Проект территории в Новосаратовке;633;Исходный;Проверь, сколько местных дорог находятся в пределах 50 м от остановки наземного транспорта. Это удобно для пассажиров.;В отображаемом слое для проекта Проект территории в Новосаратовке показаны объекты типа «Местная дорога», расположенные в радиусе 50 м от объектов типа «Остановка наземного транспорта».;1 - слой с объектами «Местная дорога», 2 - слой с объектами «Остановка наземного транспорта», учитывающий буфер 50 м вокруг каждого объекта.;;846;;Остановка наземного транспорта, Местная дорога;93;16;Остановка наземного транспорта;Местная дорога;50
1694;;Проект территории в Новосаратовке;633;Исходный;Найди, сколько пунктов выдачи находятся внутри 150 м от региональной дороги. Это необходимо для оптимизации логистики.;В отображаемом слое для проекта Проект территории в Новосаратовке показаны объекты типа «Пункт выдачи», расположенные в радиусе 150 м от объектов типа «Региональная дорога».;1 - слой с объектами «Пункт выдачи», 2 - слой с объектами «Региональная дорога», учитывающий буфер 150 м вокруг каждого объекта.;;846;Пункт выдачи;Региональная дорога;93;17;Региональная дорога;Пункт выдачи;150
1695;;Проект территории в Новосаратовке;633;Исходный;Определи, сколько жилых домов находятся не далее 300 м от пункта выдачи. Это поможет в планировании новых жилых кварталов.;В отображаемом слое для проекта Проект территории в Новосаратовке показаны объекты типа «Жилой дом», расположенные в радиусе 300 м от объектов типа «Пункт выдачи».;1 - слой с объектами «Жилой дом», 2 - слой с объектами «Пункт выдачи», учитывающий буфер 300 м вокруг каждого объекта.;;846;Пункт выдачи;Жилой дом;93;18;Пункт выдачи;Жилой дом;300
1696;;Проект территории в Новосаратовке;633;Исходный;Покажи лес в пределах 50 м от него и определите озёра внутри радиуса 50 м. Озеро может влиять на микроклимат леса.;В отображаемом слое для проекта Проект территории в Новосаратовке показаны объекты типа «Озеро», расположенные в радиусе 50 м от объектов типа «Лес».;1 - слой с объектами «Озеро», 2 - слой с объектами «Лес», учитывающий буфер 50 м вокруг каждого объекта.;;846;;Лес, Озеро;94;10;Лес;Озеро;50
1697;;Проект территории в Новосаратовке;633;Исходный;Найди нежилое здание и покажи пункты выдачи внутри радиуса 300 м.;В отображаемом слое для проекта Проект территории в Новосаратовке показаны объекты типа «Пункт выдачи», расположенные в радиусе 300 м от объектов типа «Нежилое здание».;1 - слой с объектами «Пункт выдачи», 2 - слой с объектами «Нежилое здание», учитывающий буфер 300 м вокруг каждого объекта.;;846;Пункт выдачи;Нежилое здание;94;11;Нежилое здание;Пункт выдачи;300
1698;;Проект территории в Новосаратовке;633;Исходный;Определи водный объект и посчитай остановки наземного общественного транспорта внутри радиуса 150 м.;В отображаемом слое для проекта Проект территории в Новосаратовке показаны объекты типа «Остановка наземного общественного транспорта», расположенные в радиусе 150 м от объектов типа «Водный объект».;1 - слой с объектами «Остановка наземного общественного транспорта», 2 - слой с объектами «Водный объект», учитывающий буфер 150 м вокруг каждого объекта.;;846;Остановка наземного общественного транспорта;Водный объект;94;12;Водный объект;Остановка наземного общественного транспорта;150
1699;;Проект территории в Новосаратовке;633;Исходный;Сколько озёра находится в пределах 200 м от леса? Это поможет оценить влияние леса на водные ресурсы.;В отображаемом слое для проекта Проект территории в Новосаратовке показаны объекты типа «Озеро», расположенные в радиусе 200 м от объектов типа «Лес».;1 - слой с объектами «Озеро», 2 - слой с объектами «Лес», учитывающий буфер 200 м вокруг каждого объекта.;;846;;Лес, Озеро;94;13;Лес;Озеро;200
1700;;Проект территории в Новосаратовке;633;Исходный;Проверь наличие леса в пределах 100 м от остановки наземного общественного транспорта.;В отображаемом слое для проекта Проект территории в Новосаратовке показаны объекты типа «Лес», расположенные в радиусе 100 м от объектов типа «Остановка наземного общественного транспорта».;1 - слой с объектами «Лес», 2 - слой с объектами «Остановка наземного общественного транспорта», учитывающий буфер 100 м вокруг каждого объекта.;;846;Остановка наземного общественного транспорта;Лес;94;14;Остановка наземного общественного транспорта;Лес;100
1701;;Проект территории в Новосаратовке;633;Исходный;Выведи остановки наземного общественного транспорта внутри радиуса 100 м от нежилого здания.;В отображаемом слое для проекта Проект территории в Новосаратовке показаны объекты типа «Остановка наземного общественного транспорта», расположенные в радиусе 100 м от объектов типа «Нежилое здание».;1 - слой с объектами «Остановка наземного общественного транспорта», 2 - слой с объектами «Нежилое здание», учитывающий буфер 100 м вокруг каждого объекта.;;846;Остановка наземного общественного транспорта;Нежилое здание;94;15;Нежилое здание;Остановка наземного общественного транспорта;100
1702;;Проект территории в Новосаратовке;633;Исходный;Узнай количество лесов внутри радиуса 500 м от озера. Это поможет планировать зоны отдыха.;В отображаемом слое для проекта Проект территории в Новосаратовке показаны объекты типа «Лес», расположенные в радиусе 500 м от объектов типа «Озеро».;1 - слой с объектами «Лес», 2 - слой с объектами «Озеро», учитывающий буфер 500 м вокруг каждого объекта.;;846;;Озеро, Лес;94;16;Озеро;Лес;500
1703;;Проект территории в Новосаратовке;633;Исходный;"Считай озёра в пределах 100 м от региональной дороги; важен экологический эффект.";В отображаемом слое для проекта Проект территории в Новосаратовке показаны объекты типа «Озеро», расположенные в радиусе 100 м от объектов типа «Региональная дорога».;1 - слой с объектами «Озеро», 2 - слой с объектами «Региональная дорога», учитывающий буфер 100 м вокруг каждого объекта.;;846;;Региональная дорога, Озеро;94;17;Региональная дорога;Озеро;100
1704;;Проект территории в Новосаратовке;633;Исходный;"Оцени водные объекты внутри радиуса 500 м от пункта выдачи; это важно для контроля за водными ресурсами.";В отображаемом слое для проекта Проект территории в Новосаратовке показаны объекты типа «Водный объект», расположенные в радиусе 500 м от объектов типа «Пункт выдачи».;1 - слой с объектами «Водный объект», 2 - слой с объектами «Пункт выдачи», учитывающий буфер 500 м вокруг каждого объекта.;;846;Пункт выдачи;Водный объект;94;18;Пункт выдачи;Водный объект;500
